Using pre-set license
Built from '2022.3/respin/2022.3.62f2-4af31df585-v2' branch; Version is '2022.3.62f3 (96770f904ca7) revision 9860879'; Using compiler version '192829333'; Build Type 'Release'
OS: 'Windows 10  (10.0.19045) 64bit CoreSingleLanguage' Language: 'es' Physical Memory: 15042 MB
BatchMode: 1, IsHumanControllingUs: 0, StartBugReporterOnCrash: 0, Is64bit: 1, IsPro: 1

COMMAND LINE ARGUMENTS:
C:\Program Files\Unity\Hub\2022.3.62f3\Editor\Unity.exe
-adb2
-batchMode
-noUpm
-name
AssetImportWorker0
-projectPath
C:/Users/Cheee/OneDrive/Documentos/GitHub/StrikeThePose/StrikeThePose
-logFile
Logs/AssetImportWorker0.log
-srvPort
52741
Successfully changed project path to: C:/Users/Cheee/OneDrive/Documentos/GitHub/StrikeThePose/StrikeThePose
C:/Users/Cheee/OneDrive/Documentos/GitHub/StrikeThePose/StrikeThePose
[UnityMemory] Configuration Parameters - Can be set up in boot.config
    "memorysetup-bucket-allocator-granularity=16"
    "memorysetup-bucket-allocator-bucket-count=8"
    "memorysetup-bucket-allocator-block-size=33554432"
    "memorysetup-bucket-allocator-block-count=8"
    "memorysetup-main-allocator-block-size=16777216"
    "memorysetup-thread-allocator-block-size=16777216"
    "memorysetup-gfx-main-allocator-block-size=16777216"
    "memorysetup-gfx-thread-allocator-block-size=16777216"
    "memorysetup-cache-allocator-block-size=4194304"
    "memorysetup-typetree-allocator-block-size=2097152"
    "memorysetup-profiler-bucket-allocator-granularity=16"
    "memorysetup-profiler-bucket-allocator-bucket-count=8"
    "memorysetup-profiler-bucket-allocator-block-size=33554432"
    "memorysetup-profiler-bucket-allocator-block-count=8"
    "memorysetup-profiler-allocator-block-size=16777216"
    "memorysetup-profiler-editor-allocator-block-size=1048576"
    "memorysetup-temp-allocator-size-main=16777216"
    "memorysetup-job-temp-allocator-block-size=2097152"
    "memorysetup-job-temp-allocator-block-size-background=1048576"
    "memorysetup-job-temp-allocator-reduction-small-platforms=262144"
    "memorysetup-allocator-temp-initial-block-size-main=262144"
    "memorysetup-allocator-temp-initial-block-size-worker=262144"
    "memorysetup-temp-allocator-size-background-worker=32768"
    "memorysetup-temp-allocator-size-job-worker=262144"
    "memorysetup-temp-allocator-size-preload-manager=33554432"
    "memorysetup-temp-allocator-size-nav-mesh-worker=65536"
    "memorysetup-temp-allocator-size-audio-worker=65536"
    "memorysetup-temp-allocator-size-cloud-worker=32768"
    "memorysetup-temp-allocator-size-gi-baking-worker=262144"
    "memorysetup-temp-allocator-size-gfx=262144"
Player connection [11464]  Target information:

Player connection [11464]  * "[IP] 192.168.0.15 [Port] 0 [Flags] 2 [Guid] 4051024141 [EditorId] 4051024141 [Version] 1048832 [Id] WindowsEditor(7,DESKTOP-3OIPDIC) [Debug] 1 [PackageName] WindowsEditor [ProjectName] Editor" 

Player connection [11464] Host joined multi-casting on [225.0.0.222:54997]...
Player connection [11464] Host joined alternative multi-casting on [225.0.0.222:34997]...
Input System module state changed to: Initialized.
[PhysX] Initialized MultithreadedTaskDispatcher with 12 workers.
Refreshing native plugins compatible for Editor in 17.10 ms, found 4 plugins.
Preloading 0 native plugins for Editor in 0.00 ms.
Initialize engine version: 2022.3.62f3 (96770f904ca7)
[Subsystems] Discovering subsystems at path C:/Program Files/Unity/Hub/2022.3.62f3/Editor/Data/Resources/UnitySubsystems
[Subsystems] Discovering subsystems at path C:/Users/Cheee/OneDrive/Documentos/GitHub/StrikeThePose/StrikeThePose/Assets
GfxDevice: creating device client; threaded=0; jobified=0
Direct3D:
    Version:  Direct3D 11.0 [level 11.1]
    Renderer: AMD Radeon RX 5500 XT (ID=0x7340)
    Vendor:   ATI
    VRAM:     4055 MB
    Driver:   32.0.21043.12001
Initialize mono
Mono path[0] = 'C:/Program Files/Unity/Hub/2022.3.62f3/Editor/Data/Managed'
Mono path[1] = 'C:/Program Files/Unity/Hub/2022.3.62f3/Editor/Data/MonoBleedingEdge/lib/mono/unityjit-win32'
Mono config path = 'C:/Program Files/Unity/Hub/2022.3.62f3/Editor/Data/MonoBleedingEdge/etc'
Using monoOptions --debugger-agent=transport=dt_socket,embedding=1,server=y,suspend=n,address=127.0.0.1:56404
Begin MonoManager ReloadAssembly
Registering precompiled unity dll's ...
Register platform support module: C:/Program Files/Unity/Hub/2022.3.62f3/Editor/Data/PlaybackEngines/AndroidPlayer/UnityEditor.Android.Extensions.dll
Register platform support module: C:/Program Files/Unity/Hub/2022.3.62f3/Editor/Data/PlaybackEngines/WindowsStandaloneSupport/UnityEditor.WindowsStandalone.Extensions.dll
Registered in 0.011048 seconds.
- Loaded All Assemblies, in  0.437 seconds
Native extension for WindowsStandalone target not found
Native extension for Android target not found
Android Extension - Scanning For ADB Devices 269 ms
Mono: successfully reloaded assembly
- Finished resetting the current domain, in  0.570 seconds
Domain Reload Profiling: 1005ms
	BeginReloadAssembly (168ms)
		ExecutionOrderSort (0ms)
		DisableScriptedObjects (0ms)
		BackupInstance (0ms)
		ReleaseScriptingObjects (0ms)
		CreateAndSetChildDomain (1ms)
	RebuildCommonClasses (43ms)
	RebuildNativeTypeToScriptingClass (9ms)
	initialDomainReloadingComplete (72ms)
	LoadAllAssembliesAndSetupDomain (143ms)
		LoadAssemblies (166ms)
		RebuildTransferFunctionScriptingTraits (0ms)
		AnalyzeDomain (140ms)
			TypeCache.Refresh (138ms)
				TypeCache.ScanAssembly (124ms)
			ScanForSourceGeneratedMonoScriptInfo (0ms)
			ResolveRequiredComponents (0ms)
	FinalizeReload (571ms)
		ReleaseScriptCaches (0ms)
		RebuildScriptCaches (0ms)
		SetupLoadedEditorAssemblies (523ms)
			LogAssemblyErrors (0ms)
			InitializePlatformSupportModulesInManaged (356ms)
			SetLoadedEditorAssemblies (4ms)
			RefreshPlugins (0ms)
			BeforeProcessingInitializeOnLoad (3ms)
			ProcessInitializeOnLoadAttributes (117ms)
			ProcessInitializeOnLoadMethodAttributes (44ms)
			AfterProcessingInitializeOnLoad (0ms)
			EditorAssembliesLoaded (0ms)
		ExecutionOrderSort2 (0ms)
		AwakeInstancesAfterBackupRestoration (0ms)
========================================================================
Worker process is ready to serve import requests
Caller must complete domain reload
Begin MonoManager ReloadAssembly
- Loaded All Assemblies, in  1.846 seconds
Native extension for WindowsStandalone target not found
Native extension for Android target not found
Mono: successfully reloaded assembly
- Finished resetting the current domain, in  1.021 seconds
Domain Reload Profiling: 2379ms
	BeginReloadAssembly (191ms)
		ExecutionOrderSort (0ms)
		DisableScriptedObjects (6ms)
		BackupInstance (0ms)
		ReleaseScriptingObjects (0ms)
		CreateAndSetChildDomain (31ms)
	RebuildCommonClasses (34ms)
	RebuildNativeTypeToScriptingClass (8ms)
	initialDomainReloadingComplete (51ms)
	LoadAllAssembliesAndSetupDomain (1073ms)
		LoadAssemblies (658ms)
		RebuildTransferFunctionScriptingTraits (0ms)
		AnalyzeDomain (531ms)
			TypeCache.Refresh (446ms)
				TypeCache.ScanAssembly (385ms)
			ScanForSourceGeneratedMonoScriptInfo (55ms)
			ResolveRequiredComponents (24ms)
	FinalizeReload (1022ms)
		ReleaseScriptCaches (0ms)
		RebuildScriptCaches (0ms)
		SetupLoadedEditorAssemblies (675ms)
			LogAssemblyErrors (0ms)
			InitializePlatformSupportModulesInManaged (43ms)
			SetLoadedEditorAssemblies (8ms)
			RefreshPlugins (0ms)
			BeforeProcessingInitializeOnLoad (128ms)
			ProcessInitializeOnLoadAttributes (416ms)
			ProcessInitializeOnLoadMethodAttributes (71ms)
			AfterProcessingInitializeOnLoad (9ms)
			EditorAssembliesLoaded (0ms)
		ExecutionOrderSort2 (0ms)
		AwakeInstancesAfterBackupRestoration (5ms)
Launched and connected shader compiler UnityShaderCompiler.exe after 0.07 seconds
Refreshing native plugins compatible for Editor in 16.07 ms, found 4 plugins.
Preloading 0 native plugins for Editor in 0.00 ms.
Unloading 5348 Unused Serialized files (Serialized files now loaded: 0)
Unloading 27 unused Assets / (349.4 KB). Loaded Objects now: 5813.
Memory consumption went from 211.6 MB to 211.2 MB.
Total: 5.559400 ms (FindLiveObjects: 0.633500 ms CreateObjectMapping: 0.568000 ms MarkObjects: 4.094900 ms  DeleteObjects: 0.261600 ms)

AssetImportParameters requested are different than current active one (requested -> active):
  custom:container-demuxer-ogg: 62fdf1f143b41e24485cea50d1cbac27 -> 
  custom:video-decoder-ogg-theora: a1e56fd34408186e4bbccfd4996cb3dc -> 
  custom:framework-win-MediaFoundation: 216162199b28c13a410421893ffa2e32 -> 
  custom:CustomObjectIndexerAttribute: 72b91833f83ae208fae7752999fa3104 -> 
  custom:container-demuxer-webm: 4f35f7cbe854078d1ac9338744f61a02 -> 
  custom:container-muxer-webm: aa71ff27fc2769a1b78a27578f13a17b -> 
  custom:video-decoder-webm-vp8: 9c59270c3fd7afecdb556c50c9e8de78 -> 
  custom:SearchIndexIgnoredProperties: e643bd26f0fe6173181afceb89e7c659 -> 
  custom:AudioImporter_EditorPlatform: d09bf68614088b80899f8185d706f6e7 -> 
  custom:video-encoder-webm-vp8: eb34c28f22e8b96e1ab97ce403110664 -> 
  custom:audio-decoder-ogg-vorbis: bf7c407c2cedff20999df2af8eb42d56 -> 
  custom:audio-encoder-webm-vorbis: bf7c407c2cedff20999df2af8eb42d56 -> 
========================================================================
Received Import Request.
  Time since last request: 45536.485991 seconds.
  path: Assets/Materiales/Shaders
  artifactKey: Guid(c516b9388adf6cb449085c5c1f8ca630) Importer(815301076,1909f56bfc062723c751e8b465ee728b)
Start importing Assets/Materiales/Shaders using Guid(c516b9388adf6cb449085c5c1f8ca630) Importer(815301076,1909f56bfc062723c751e8b465ee728b) [PhysX] Initialized MultithreadedTaskDispatcher with 12 workers.
 -> (artifact id: '142f3f91e4311f0b12b53063df28a661') in 0.003052 seconds
Number of updated asset objects reloaded before import = 0
Number of asset objects unloaded after import = 0
========================================================================
Received Import Request.
  Time since last request: 57.639149 seconds.
  path: Assets/Materiales/Shaders/Pista.shadergraph
  artifactKey: Guid(cf4d91d1fbdad1d42bb9d1b4aa2245b5) Importer(815301076,1909f56bfc062723c751e8b465ee728b)
Start importing Assets/Materiales/Shaders/Pista.shadergraph using Guid(cf4d91d1fbdad1d42bb9d1b4aa2245b5) Importer(815301076,1909f56bfc062723c751e8b465ee728b) [PhysX] Initialized MultithreadedTaskDispatcher with 12 workers.
[PhysX] Initialized MultithreadedTaskDispatcher with 12 workers.
 -> (artifact id: '79e061c1ed0246b5fc5d6d221b71e91c') in 0.766269 seconds
Number of updated asset objects reloaded before import = 0
Number of asset objects unloaded after import = 22
========================================================================
Received Import Request.
  Time since last request: 65.941442 seconds.
  path: Assets/Materiales/Shaders/1k_Dissolve_Noise_Texture.png
  artifactKey: Guid(e9504cfe5152366458a6eda459dd26fc) Importer(815301076,1909f56bfc062723c751e8b465ee728b)
Start importing Assets/Materiales/Shaders/1k_Dissolve_Noise_Texture.png using Guid(e9504cfe5152366458a6eda459dd26fc) Importer(815301076,1909f56bfc062723c751e8b465ee728b) [PhysX] Initialized MultithreadedTaskDispatcher with 12 workers.
[PhysX] Initialized MultithreadedTaskDispatcher with 12 workers.
 -> (artifact id: 'f43493d2bc6542e177d45c990153ddb1') in 0.032049 seconds
Number of updated asset objects reloaded before import = 0
Number of asset objects unloaded after import = 2
========================================================================
Received Import Request.
  Time since last request: 1936.764486 seconds.
  path: Assets/Materiales/Shaders/depositphotos_116522926-stock-illustration-abstract-verical-stripes-seamless-texture.jpg
  artifactKey: Guid(3fa4aa87a1ccb1646ae931b701d605c6) Importer(815301076,1909f56bfc062723c751e8b465ee728b)
Start importing Assets/Materiales/Shaders/depositphotos_116522926-stock-illustration-abstract-verical-stripes-seamless-texture.jpg using Guid(3fa4aa87a1ccb1646ae931b701d605c6) Importer(815301076,1909f56bfc062723c751e8b465ee728b) [PhysX] Initialized MultithreadedTaskDispatcher with 12 workers.
[PhysX] Initialized MultithreadedTaskDispatcher with 12 workers.
 -> (artifact id: '19b3f5c3441d4461803ef6c254be3efe') in 0.017797 seconds
Number of updated asset objects reloaded before import = 0
Number of asset objects unloaded after import = 2
========================================================================
Received Import Request.
  Time since last request: 1729.465714 seconds.
  path: Assets/Materiales/Shaders/PistaMat.mat
  artifactKey: Guid(af29fd0ffe1ac17419b50c80d64b79d8) Importer(815301076,1909f56bfc062723c751e8b465ee728b)
Start importing Assets/Materiales/Shaders/PistaMat.mat using Guid(af29fd0ffe1ac17419b50c80d64b79d8) Importer(815301076,1909f56bfc062723c751e8b465ee728b) [PhysX] Initialized MultithreadedTaskDispatcher with 12 workers.
[PhysX] Initialized MultithreadedTaskDispatcher with 12 workers.
 -> (artifact id: '04afad1bf47312246ed95227ee04eeef') in 0.085617 seconds
Number of updated asset objects reloaded before import = 0
Number of asset objects unloaded after import = 2
========================================================================
Received Import Request.
  Time since last request: 22.372465 seconds.
  path: Assets/Materiales/Shaders/Pista.shadergraph
  artifactKey: Guid(cf4d91d1fbdad1d42bb9d1b4aa2245b5) Importer(815301076,1909f56bfc062723c751e8b465ee728b)
Start importing Assets/Materiales/Shaders/Pista.shadergraph using Guid(cf4d91d1fbdad1d42bb9d1b4aa2245b5) Importer(815301076,1909f56bfc062723c751e8b465ee728b) [PhysX] Initialized MultithreadedTaskDispatcher with 12 workers.
[PhysX] Initialized MultithreadedTaskDispatcher with 12 workers.
 -> (artifact id: '009955879ced7a6d1b1e4085f3357f95') in 0.947803 seconds
Number of updated asset objects reloaded before import = 0
Number of asset objects unloaded after import = 4
========================================================================
Received Prepare
Caller must complete domain reload
Begin MonoManager ReloadAssembly
- Loaded All Assemblies, in  3.069 seconds
Native extension for WindowsStandalone target not found
Native extension for Android target not found
Mono: successfully reloaded assembly
- Finished resetting the current domain, in 17.593 seconds
Domain Reload Profiling: 20659ms
	BeginReloadAssembly (428ms)
		ExecutionOrderSort (0ms)
		DisableScriptedObjects (34ms)
		BackupInstance (0ms)
		ReleaseScriptingObjects (0ms)
		CreateAndSetChildDomain (154ms)
	RebuildCommonClasses (174ms)
	RebuildNativeTypeToScriptingClass (11ms)
	initialDomainReloadingComplete (45ms)
	LoadAllAssembliesAndSetupDomain (2408ms)
		LoadAssemblies (2575ms)
		RebuildTransferFunctionScriptingTraits (0ms)
		AnalyzeDomain (23ms)
			TypeCache.Refresh (9ms)
				TypeCache.ScanAssembly (0ms)
			ScanForSourceGeneratedMonoScriptInfo (0ms)
			ResolveRequiredComponents (11ms)
	FinalizeReload (17594ms)
		ReleaseScriptCaches (0ms)
		RebuildScriptCaches (0ms)
		SetupLoadedEditorAssemblies (420ms)
			LogAssemblyErrors (0ms)
			InitializePlatformSupportModulesInManaged (20ms)
			SetLoadedEditorAssemblies (3ms)
			RefreshPlugins (0ms)
			BeforeProcessingInitializeOnLoad (78ms)
			ProcessInitializeOnLoadAttributes (253ms)
			ProcessInitializeOnLoadMethodAttributes (57ms)
			AfterProcessingInitializeOnLoad (9ms)
			EditorAssembliesLoaded (0ms)
		ExecutionOrderSort2 (0ms)
		AwakeInstancesAfterBackupRestoration (18ms)
Refreshing native plugins compatible for Editor in 6.78 ms, found 4 plugins.
Preloading 0 native plugins for Editor in 0.00 ms.
Unloading 5184 Unused Serialized files (Serialized files now loaded: 0)
Unloading 22 unused Assets / (317.5 KB). Loaded Objects now: 5900.
Memory consumption went from 188.7 MB to 188.4 MB.
Total: 4.672800 ms (FindLiveObjects: 0.609600 ms CreateObjectMapping: 0.669800 ms MarkObjects: 3.282800 ms  DeleteObjects: 0.109600 ms)

Prepare: number of updated asset objects reloaded= 0
AssetImportParameters requested are different than current active one (requested -> active):
  custom:container-demuxer-ogg: 62fdf1f143b41e24485cea50d1cbac27 -> 
  custom:video-decoder-ogg-theora: a1e56fd34408186e4bbccfd4996cb3dc -> 
  custom:framework-win-MediaFoundation: 216162199b28c13a410421893ffa2e32 -> 
  custom:CustomObjectIndexerAttribute: 72b91833f83ae208fae7752999fa3104 -> 
  custom:container-demuxer-webm: 4f35f7cbe854078d1ac9338744f61a02 -> 
  custom:container-muxer-webm: aa71ff27fc2769a1b78a27578f13a17b -> 
  custom:video-decoder-webm-vp8: 9c59270c3fd7afecdb556c50c9e8de78 -> 
  custom:SearchIndexIgnoredProperties: e643bd26f0fe6173181afceb89e7c659 -> 
  custom:AudioImporter_EditorPlatform: d09bf68614088b80899f8185d706f6e7 -> 
  custom:video-encoder-webm-vp8: eb34c28f22e8b96e1ab97ce403110664 -> 
  custom:audio-decoder-ogg-vorbis: bf7c407c2cedff20999df2af8eb42d56 -> 
  custom:audio-encoder-webm-vorbis: bf7c407c2cedff20999df2af8eb42d56 -> 
========================================================================
Received Prepare
Caller must complete domain reload
Begin MonoManager ReloadAssembly
- Loaded All Assemblies, in  0.504 seconds
Native extension for WindowsStandalone target not found
Native extension for Android target not found
Mono: successfully reloaded assembly
- Finished resetting the current domain, in  1.386 seconds
Domain Reload Profiling: 1886ms
	BeginReloadAssembly (158ms)
		ExecutionOrderSort (0ms)
		DisableScriptedObjects (5ms)
		BackupInstance (0ms)
		ReleaseScriptingObjects (0ms)
		CreateAndSetChildDomain (34ms)
	RebuildCommonClasses (27ms)
	RebuildNativeTypeToScriptingClass (9ms)
	initialDomainReloadingComplete (32ms)
	LoadAllAssembliesAndSetupDomain (274ms)
		LoadAssemblies (342ms)
		RebuildTransferFunctionScriptingTraits (0ms)
		AnalyzeDomain (20ms)
			TypeCache.Refresh (8ms)
				TypeCache.ScanAssembly (0ms)
			ScanForSourceGeneratedMonoScriptInfo (0ms)
			ResolveRequiredComponents (10ms)
	FinalizeReload (1387ms)
		ReleaseScriptCaches (0ms)
		RebuildScriptCaches (0ms)
		SetupLoadedEditorAssemblies (485ms)
			LogAssemblyErrors (0ms)
			InitializePlatformSupportModulesInManaged (23ms)
			SetLoadedEditorAssemblies (4ms)
			RefreshPlugins (0ms)
			BeforeProcessingInitializeOnLoad (89ms)
			ProcessInitializeOnLoadAttributes (296ms)
			ProcessInitializeOnLoadMethodAttributes (63ms)
			AfterProcessingInitializeOnLoad (10ms)
			EditorAssembliesLoaded (0ms)
		ExecutionOrderSort2 (0ms)
		AwakeInstancesAfterBackupRestoration (22ms)
Refreshing native plugins compatible for Editor in 7.50 ms, found 4 plugins.
Preloading 0 native plugins for Editor in 0.00 ms.
Unloading 5183 Unused Serialized files (Serialized files now loaded: 0)
Unloading 22 unused Assets / (317.6 KB). Loaded Objects now: 5905.
Memory consumption went from 188.2 MB to 187.9 MB.
Total: 5.114600 ms (FindLiveObjects: 0.549200 ms CreateObjectMapping: 0.418100 ms MarkObjects: 3.980200 ms  DeleteObjects: 0.165600 ms)

Prepare: number of updated asset objects reloaded= 0
AssetImportParameters requested are different than current active one (requested -> active):
  custom:container-demuxer-ogg: 62fdf1f143b41e24485cea50d1cbac27 -> 
  custom:video-decoder-ogg-theora: a1e56fd34408186e4bbccfd4996cb3dc -> 
  custom:framework-win-MediaFoundation: 216162199b28c13a410421893ffa2e32 -> 
  custom:CustomObjectIndexerAttribute: 72b91833f83ae208fae7752999fa3104 -> 
  custom:container-demuxer-webm: 4f35f7cbe854078d1ac9338744f61a02 -> 
  custom:container-muxer-webm: aa71ff27fc2769a1b78a27578f13a17b -> 
  custom:video-decoder-webm-vp8: 9c59270c3fd7afecdb556c50c9e8de78 -> 
  custom:SearchIndexIgnoredProperties: e643bd26f0fe6173181afceb89e7c659 -> 
  custom:AudioImporter_EditorPlatform: d09bf68614088b80899f8185d706f6e7 -> 
  custom:video-encoder-webm-vp8: eb34c28f22e8b96e1ab97ce403110664 -> 
  custom:audio-decoder-ogg-vorbis: bf7c407c2cedff20999df2af8eb42d56 -> 
  custom:audio-encoder-webm-vorbis: bf7c407c2cedff20999df2af8eb42d56 -> 
========================================================================
Received Prepare
Caller must complete domain reload
Begin MonoManager ReloadAssembly
- Loaded All Assemblies, in  0.529 seconds
Native extension for WindowsStandalone target not found
Native extension for Android target not found
Mono: successfully reloaded assembly
- Finished resetting the current domain, in  1.375 seconds
Domain Reload Profiling: 1899ms
	BeginReloadAssembly (158ms)
		ExecutionOrderSort (0ms)
		DisableScriptedObjects (4ms)
		BackupInstance (0ms)
		ReleaseScriptingObjects (0ms)
		CreateAndSetChildDomain (39ms)
	RebuildCommonClasses (26ms)
	RebuildNativeTypeToScriptingClass (8ms)
	initialDomainReloadingComplete (31ms)
	LoadAllAssembliesAndSetupDomain (301ms)
		LoadAssemblies (364ms)
		RebuildTransferFunctionScriptingTraits (0ms)
		AnalyzeDomain (19ms)
			TypeCache.Refresh (8ms)
				TypeCache.ScanAssembly (0ms)
			ScanForSourceGeneratedMonoScriptInfo (0ms)
			ResolveRequiredComponents (10ms)
	FinalizeReload (1375ms)
		ReleaseScriptCaches (0ms)
		RebuildScriptCaches (0ms)
		SetupLoadedEditorAssemblies (481ms)
			LogAssemblyErrors (0ms)
			InitializePlatformSupportModulesInManaged (26ms)
			SetLoadedEditorAssemblies (4ms)
			RefreshPlugins (0ms)
			BeforeProcessingInitializeOnLoad (89ms)
			ProcessInitializeOnLoadAttributes (286ms)
			ProcessInitializeOnLoadMethodAttributes (65ms)
			AfterProcessingInitializeOnLoad (10ms)
			EditorAssembliesLoaded (0ms)
		ExecutionOrderSort2 (0ms)
		AwakeInstancesAfterBackupRestoration (21ms)
Refreshing native plugins compatible for Editor in 7.17 ms, found 4 plugins.
Preloading 0 native plugins for Editor in 0.00 ms.
Unloading 5183 Unused Serialized files (Serialized files now loaded: 0)
Unloading 22 unused Assets / (317.6 KB). Loaded Objects now: 5910.
Memory consumption went from 188.3 MB to 187.9 MB.
Total: 4.451400 ms (FindLiveObjects: 0.871700 ms CreateObjectMapping: 0.542800 ms MarkObjects: 2.920100 ms  DeleteObjects: 0.115500 ms)

Prepare: number of updated asset objects reloaded= 0
AssetImportParameters requested are different than current active one (requested -> active):
  custom:container-demuxer-ogg: 62fdf1f143b41e24485cea50d1cbac27 -> 
  custom:video-decoder-ogg-theora: a1e56fd34408186e4bbccfd4996cb3dc -> 
  custom:framework-win-MediaFoundation: 216162199b28c13a410421893ffa2e32 -> 
  custom:CustomObjectIndexerAttribute: 72b91833f83ae208fae7752999fa3104 -> 
  custom:container-demuxer-webm: 4f35f7cbe854078d1ac9338744f61a02 -> 
  custom:container-muxer-webm: aa71ff27fc2769a1b78a27578f13a17b -> 
  custom:video-decoder-webm-vp8: 9c59270c3fd7afecdb556c50c9e8de78 -> 
  custom:SearchIndexIgnoredProperties: e643bd26f0fe6173181afceb89e7c659 -> 
  custom:AudioImporter_EditorPlatform: d09bf68614088b80899f8185d706f6e7 -> 
  custom:video-encoder-webm-vp8: eb34c28f22e8b96e1ab97ce403110664 -> 
  custom:audio-decoder-ogg-vorbis: bf7c407c2cedff20999df2af8eb42d56 -> 
  custom:audio-encoder-webm-vorbis: bf7c407c2cedff20999df2af8eb42d56 -> 
========================================================================
Received Import Request.
  Time since last request: 696.237919 seconds.
  path: Assets/Materiales/Shaders/PistaMat.mat
  artifactKey: Guid(af29fd0ffe1ac17419b50c80d64b79d8) Importer(815301076,1909f56bfc062723c751e8b465ee728b)
Start importing Assets/Materiales/Shaders/PistaMat.mat using Guid(af29fd0ffe1ac17419b50c80d64b79d8) Importer(815301076,1909f56bfc062723c751e8b465ee728b) [PhysX] Initialized MultithreadedTaskDispatcher with 12 workers.
[PhysX] Initialized MultithreadedTaskDispatcher with 12 workers.
 -> (artifact id: 'a1c93779ed9dbc942a9504e999b70e67') in 1.275479 seconds
Number of updated asset objects reloaded before import = 0
Number of asset objects unloaded after import = 22
========================================================================
Received Prepare
Caller must complete domain reload
Begin MonoManager ReloadAssembly
- Loaded All Assemblies, in  0.571 seconds
Native extension for WindowsStandalone target not found
Native extension for Android target not found
Mono: successfully reloaded assembly
- Finished resetting the current domain, in  1.351 seconds
Domain Reload Profiling: 1917ms
	BeginReloadAssembly (170ms)
		ExecutionOrderSort (0ms)
		DisableScriptedObjects (8ms)
		BackupInstance (0ms)
		ReleaseScriptingObjects (0ms)
		CreateAndSetChildDomain (42ms)
	RebuildCommonClasses (29ms)
	RebuildNativeTypeToScriptingClass (9ms)
	initialDomainReloadingComplete (31ms)
	LoadAllAssembliesAndSetupDomain (328ms)
		LoadAssemblies (371ms)
		RebuildTransferFunctionScriptingTraits (0ms)
		AnalyzeDomain (46ms)
			TypeCache.Refresh (14ms)
				TypeCache.ScanAssembly (1ms)
			ScanForSourceGeneratedMonoScriptInfo (22ms)
			ResolveRequiredComponents (9ms)
	FinalizeReload (1351ms)
		ReleaseScriptCaches (0ms)
		RebuildScriptCaches (0ms)
		SetupLoadedEditorAssemblies (406ms)
			LogAssemblyErrors (0ms)
			InitializePlatformSupportModulesInManaged (18ms)
			SetLoadedEditorAssemblies (4ms)
			RefreshPlugins (0ms)
			BeforeProcessingInitializeOnLoad (73ms)
			ProcessInitializeOnLoadAttributes (250ms)
			ProcessInitializeOnLoadMethodAttributes (53ms)
			AfterProcessingInitializeOnLoad (8ms)
			EditorAssembliesLoaded (0ms)
		ExecutionOrderSort2 (0ms)
		AwakeInstancesAfterBackupRestoration (16ms)
Refreshing native plugins compatible for Editor in 6.38 ms, found 4 plugins.
Preloading 0 native plugins for Editor in 0.00 ms.
Unloading 5186 Unused Serialized files (Serialized files now loaded: 0)
Unloading 22 unused Assets / (317.6 KB). Loaded Objects now: 5954.
Memory consumption went from 188.4 MB to 188.1 MB.
Total: 4.089300 ms (FindLiveObjects: 0.474000 ms CreateObjectMapping: 0.425600 ms MarkObjects: 3.079400 ms  DeleteObjects: 0.109500 ms)

Prepare: number of updated asset objects reloaded= 0
AssetImportParameters requested are different than current active one (requested -> active):
  custom:container-demuxer-ogg: 62fdf1f143b41e24485cea50d1cbac27 -> 
  custom:video-decoder-ogg-theora: a1e56fd34408186e4bbccfd4996cb3dc -> 
  custom:framework-win-MediaFoundation: 216162199b28c13a410421893ffa2e32 -> 
  custom:scripting/monoscript/fileName/GetGlobalMatrixLite.cs: d68b8cc2467eb692c568a9afbf1e1cf3 -> 
  custom:CustomObjectIndexerAttribute: 72b91833f83ae208fae7752999fa3104 -> 
  custom:container-demuxer-webm: 4f35f7cbe854078d1ac9338744f61a02 -> 
  custom:container-muxer-webm: aa71ff27fc2769a1b78a27578f13a17b -> 
  custom:video-decoder-webm-vp8: 9c59270c3fd7afecdb556c50c9e8de78 -> 
  custom:SearchIndexIgnoredProperties: e643bd26f0fe6173181afceb89e7c659 -> 
  custom:AudioImporter_EditorPlatform: d09bf68614088b80899f8185d706f6e7 -> 
  custom:video-encoder-webm-vp8: eb34c28f22e8b96e1ab97ce403110664 -> 
  custom:audio-decoder-ogg-vorbis: bf7c407c2cedff20999df2af8eb42d56 -> 
  custom:scripting/monoscript/fileName/ReadmeLite.cs: bcf610c110b08ae53900f9124d5a74fc -> 
  custom:audio-encoder-webm-vorbis: bf7c407c2cedff20999df2af8eb42d56 -> 
  custom:scripting/precompiled-assembly-types:Assembly-CSharp-Editor: 36092ecda43647c847bb7615a1289261 -> aca7125a3389c5f4127a11b74e5e93cb
  custom:scripting/monoscript/fileName/ReadmeEditorLite.cs: 046d1d9742b893afd64dcb281deae780 -> 
  custom:scripting/precompiled-assembly-types:Assembly-CSharp: 59dcabc6474b15fce3eca524e73c35c5 -> 733cbc0d8ce40fadb6dfbcc361aac392
========================================================================
Received Import Request.
  Time since last request: 33.583401 seconds.
  path: Assets/Suggo Creations/RETROWAVE SKIES Lite
  artifactKey: Guid(85963488d0daed14587925e80035b4c0) Importer(815301076,1909f56bfc062723c751e8b465ee728b)
Start importing Assets/Suggo Creations/RETROWAVE SKIES Lite using Guid(85963488d0daed14587925e80035b4c0) Importer(815301076,1909f56bfc062723c751e8b465ee728b) [PhysX] Initialized MultithreadedTaskDispatcher with 12 workers.
 -> (artifact id: '498a559a7c2765fbd48b8e8c59650b97') in 0.001846 seconds
Number of updated asset objects reloaded before import = 0
Number of asset objects unloaded after import = 0
========================================================================
Received Import Request.
  Time since last request: 0.176664 seconds.
  path: Assets/Suggo Creations/RETROWAVE SKIES Lite/README.asset
  artifactKey: Guid(9e82daf5ed3d5f3418d43129cd0d75da) Importer(815301076,1909f56bfc062723c751e8b465ee728b)
Start importing Assets/Suggo Creations/RETROWAVE SKIES Lite/README.asset using Guid(9e82daf5ed3d5f3418d43129cd0d75da) Importer(815301076,1909f56bfc062723c751e8b465ee728b) [PhysX] Initialized MultithreadedTaskDispatcher with 12 workers.
 -> (artifact id: '4d5604e39648d310b9543074b2ebd2eb') in 0.009924 seconds
Number of updated asset objects reloaded before import = 0
Number of asset objects unloaded after import = 2
========================================================================
Received Import Request.
  Time since last request: 2.371193 seconds.
  path: Assets/Suggo Creations/RETROWAVE SKIES Lite/Materials
  artifactKey: Guid(79f6a3a005ead014da45a089b5c18c9b) Importer(815301076,1909f56bfc062723c751e8b465ee728b)
Start importing Assets/Suggo Creations/RETROWAVE SKIES Lite/Materials using Guid(79f6a3a005ead014da45a089b5c18c9b) Importer(815301076,1909f56bfc062723c751e8b465ee728b) [PhysX] Initialized MultithreadedTaskDispatcher with 12 workers.
 -> (artifact id: 'be672b1c8057b4ea7396496df02b2b2d') in 0.000553 seconds
Number of updated asset objects reloaded before import = 0
Number of asset objects unloaded after import = 0
========================================================================
Received Import Request.
  Time since last request: 0.074118 seconds.
  path: Assets/Suggo Creations/RETROWAVE SKIES Lite/Materials/M_Grid Orange Lite.mat
  artifactKey: Guid(d9d66429d76d45e4588709a0f48707ed) Importer(815301076,1909f56bfc062723c751e8b465ee728b)
Start importing Assets/Suggo Creations/RETROWAVE SKIES Lite/Materials/M_Grid Orange Lite.mat using Guid(d9d66429d76d45e4588709a0f48707ed) Importer(815301076,1909f56bfc062723c751e8b465ee728b) [PhysX] Initialized MultithreadedTaskDispatcher with 12 workers.
[PhysX] Initialized MultithreadedTaskDispatcher with 12 workers.
 -> (artifact id: 'a0afc73b0cc6373172ef5d48998b3d61') in 1.446694 seconds
Number of updated asset objects reloaded before import = 0
Number of asset objects unloaded after import = 23
========================================================================
Received Import Request.
  Time since last request: 0.000036 seconds.
  path: Assets/Suggo Creations/RETROWAVE SKIES Lite/Materials/M_Grid VHS Lite.mat
  artifactKey: Guid(c38e5262c5b8f0e44aba7127c1511f3c) Importer(815301076,1909f56bfc062723c751e8b465ee728b)
Start importing Assets/Suggo Creations/RETROWAVE SKIES Lite/Materials/M_Grid VHS Lite.mat using Guid(c38e5262c5b8f0e44aba7127c1511f3c) Importer(815301076,1909f56bfc062723c751e8b465ee728b) [PhysX] Initialized MultithreadedTaskDispatcher with 12 workers.
[PhysX] Initialized MultithreadedTaskDispatcher with 12 workers.
 -> (artifact id: '6d1d0dd72095e3a57df8aa976732dc92') in 0.021208 seconds
Number of updated asset objects reloaded before import = 0
Number of asset objects unloaded after import = 4
========================================================================
Received Import Request.
  Time since last request: 0.977783 seconds.
  path: Assets/Suggo Creations/RETROWAVE SKIES Lite/Readme Assets
  artifactKey: Guid(d6a8c68b6594b824290de5ac49a911dc) Importer(815301076,1909f56bfc062723c751e8b465ee728b)
Start importing Assets/Suggo Creations/RETROWAVE SKIES Lite/Readme Assets using Guid(d6a8c68b6594b824290de5ac49a911dc) Importer(815301076,1909f56bfc062723c751e8b465ee728b) [PhysX] Initialized MultithreadedTaskDispatcher with 12 workers.
 -> (artifact id: 'c1108362b72173b62058eec2b69c1325') in 0.000538 seconds
Number of updated asset objects reloaded before import = 0
Number of asset objects unloaded after import = 0
========================================================================
Received Import Request.
  Time since last request: 1.400517 seconds.
  path: Assets/Suggo Creations/RETROWAVE SKIES Lite/Readme Assets/Banner
  artifactKey: Guid(8b9edffb85244bb42a23c3301b5b627b) Importer(815301076,1909f56bfc062723c751e8b465ee728b)
Start importing Assets/Suggo Creations/RETROWAVE SKIES Lite/Readme Assets/Banner using Guid(8b9edffb85244bb42a23c3301b5b627b) Importer(815301076,1909f56bfc062723c751e8b465ee728b) [PhysX] Initialized MultithreadedTaskDispatcher with 12 workers.
 -> (artifact id: '7d125a40969998ddaae6d3da3e1acba3') in 0.000566 seconds
Number of updated asset objects reloaded before import = 0
Number of asset objects unloaded after import = 0
========================================================================
Received Import Request.
  Time since last request: 0.098324 seconds.
  path: Assets/Suggo Creations/RETROWAVE SKIES Lite/Readme Assets/Banner/RWSLite_Logo.png
  artifactKey: Guid(f6e78cd981ce7c4449eaefda390b1c95) Importer(815301076,1909f56bfc062723c751e8b465ee728b)
Start importing Assets/Suggo Creations/RETROWAVE SKIES Lite/Readme Assets/Banner/RWSLite_Logo.png using Guid(f6e78cd981ce7c4449eaefda390b1c95) Importer(815301076,1909f56bfc062723c751e8b465ee728b) [PhysX] Initialized MultithreadedTaskDispatcher with 12 workers.
[PhysX] Initialized MultithreadedTaskDispatcher with 12 workers.
 -> (artifact id: 'bab84668e86bc1000e2c7ca8e51c6830') in 0.016738 seconds
Number of updated asset objects reloaded before import = 0
Number of asset objects unloaded after import = 2
========================================================================
Received Import Request.
  Time since last request: 1.709458 seconds.
  path: Assets/Suggo Creations/RETROWAVE SKIES Lite/Readme Assets/Scripts
  artifactKey: Guid(560e66173bbc7184c94b7b738bfaf066) Importer(815301076,1909f56bfc062723c751e8b465ee728b)
Start importing Assets/Suggo Creations/RETROWAVE SKIES Lite/Readme Assets/Scripts using Guid(560e66173bbc7184c94b7b738bfaf066) Importer(815301076,1909f56bfc062723c751e8b465ee728b) [PhysX] Initialized MultithreadedTaskDispatcher with 12 workers.
 -> (artifact id: '443a9ecf582ea530c06e573347b63814') in 0.000523 seconds
Number of updated asset objects reloaded before import = 0
Number of asset objects unloaded after import = 0
========================================================================
Received Import Request.
  Time since last request: 4.496483 seconds.
  path: Assets/Suggo Creations/RETROWAVE SKIES Lite/Scripts
  artifactKey: Guid(e7b2d11b5aaa3a642875984707d57e17) Importer(815301076,1909f56bfc062723c751e8b465ee728b)
Start importing Assets/Suggo Creations/RETROWAVE SKIES Lite/Scripts using Guid(e7b2d11b5aaa3a642875984707d57e17) Importer(815301076,1909f56bfc062723c751e8b465ee728b) [PhysX] Initialized MultithreadedTaskDispatcher with 12 workers.
 -> (artifact id: '32dd4ff261e54355a7bbb0f079fc3c7a') in 0.000659 seconds
Number of updated asset objects reloaded before import = 0
Number of asset objects unloaded after import = 0
========================================================================
Received Import Request.
  Time since last request: 1.456218 seconds.
  path: Assets/Suggo Creations/RETROWAVE SKIES Lite/Shaders
  artifactKey: Guid(ade95662da85ef2439351a30159a1f2a) Importer(815301076,1909f56bfc062723c751e8b465ee728b)
Start importing Assets/Suggo Creations/RETROWAVE SKIES Lite/Shaders using Guid(ade95662da85ef2439351a30159a1f2a) Importer(815301076,1909f56bfc062723c751e8b465ee728b) [PhysX] Initialized MultithreadedTaskDispatcher with 12 workers.
 -> (artifact id: '8727ffdc99b59a78cc4da2fb65f84d7c') in 0.000517 seconds
Number of updated asset objects reloaded before import = 0
Number of asset objects unloaded after import = 0
========================================================================
Received Import Request.
  Time since last request: 3.464968 seconds.
  path: Assets/Suggo Creations/RETROWAVE SKIES Lite/Skybox Materials
  artifactKey: Guid(28b58ec74f40a5f46a9d88b655c9e143) Importer(815301076,1909f56bfc062723c751e8b465ee728b)
Start importing Assets/Suggo Creations/RETROWAVE SKIES Lite/Skybox Materials using Guid(28b58ec74f40a5f46a9d88b655c9e143) Importer(815301076,1909f56bfc062723c751e8b465ee728b) [PhysX] Initialized MultithreadedTaskDispatcher with 12 workers.
 -> (artifact id: 'c7a2db36a4c71f5ef091b597dd4932d0') in 0.000549 seconds
Number of updated asset objects reloaded before import = 0
Number of asset objects unloaded after import = 0
========================================================================
Received Import Request.
  Time since last request: 0.048781 seconds.
  path: Assets/Suggo Creations/RETROWAVE SKIES Lite/Skybox Materials/Orange_Skybox.mat
  artifactKey: Guid(bc956c2a94277984ab315b9e44015434) Importer(815301076,1909f56bfc062723c751e8b465ee728b)
Start importing Assets/Suggo Creations/RETROWAVE SKIES Lite/Skybox Materials/Orange_Skybox.mat using Guid(bc956c2a94277984ab315b9e44015434) Importer(815301076,1909f56bfc062723c751e8b465ee728b) [PhysX] Initialized MultithreadedTaskDispatcher with 12 workers.
[PhysX] Initialized MultithreadedTaskDispatcher with 12 workers.
 -> (artifact id: 'a73de1780675c66e3fe27ad8545dc39c') in 0.286546 seconds
Number of updated asset objects reloaded before import = 0
Number of asset objects unloaded after import = 4
========================================================================
Received Import Request.
  Time since last request: 2.921547 seconds.
  path: Assets/Suggo Creations/RETROWAVE SKIES Lite/Manual_RetrowaveSkiesV3.0.2.pdf
  artifactKey: Guid(536853c301d290d44aeacbc75fff05f3) Importer(815301076,1909f56bfc062723c751e8b465ee728b)
Start importing Assets/Suggo Creations/RETROWAVE SKIES Lite/Manual_RetrowaveSkiesV3.0.2.pdf using Guid(536853c301d290d44aeacbc75fff05f3) Importer(815301076,1909f56bfc062723c751e8b465ee728b) [PhysX] Initialized MultithreadedTaskDispatcher with 12 workers.
 -> (artifact id: '8952946b2cde8c9a11840cc990f3ae3e') in 0.001032 seconds
Number of updated asset objects reloaded before import = 0
Number of asset objects unloaded after import = 1
========================================================================
Received Import Request.
  Time since last request: 20.256177 seconds.
  path: Assets/Suggo Creations/RETROWAVE SKIES Lite/Textures
  artifactKey: Guid(1711e3166686966449e6513466aebbe3) Importer(815301076,1909f56bfc062723c751e8b465ee728b)
Start importing Assets/Suggo Creations/RETROWAVE SKIES Lite/Textures using Guid(1711e3166686966449e6513466aebbe3) Importer(815301076,1909f56bfc062723c751e8b465ee728b) [PhysX] Initialized MultithreadedTaskDispatcher with 12 workers.
 -> (artifact id: '4e4c4048cb9e8fd5fb1af1ca7e7dae05') in 0.000568 seconds
Number of updated asset objects reloaded before import = 0
Number of asset objects unloaded after import = 0
========================================================================
Received Import Request.
  Time since last request: 33.485034 seconds.
  path: Assets/Suggo Creations/RETROWAVE SKIES Lite/Textures/Sun Masks Textures/SunMask_StripesLite-02.png
  artifactKey: Guid(6711f5a84855f85439991a69e4f8ee4c) Importer(815301076,1909f56bfc062723c751e8b465ee728b)
Start importing Assets/Suggo Creations/RETROWAVE SKIES Lite/Textures/Sun Masks Textures/SunMask_StripesLite-02.png using Guid(6711f5a84855f85439991a69e4f8ee4c) Importer(815301076,1909f56bfc062723c751e8b465ee728b) [PhysX] Initialized MultithreadedTaskDispatcher with 12 workers.
[PhysX] Initialized MultithreadedTaskDispatcher with 12 workers.
 -> (artifact id: 'cd1170e688a448a089b7eb13c03034e3') in 0.013481 seconds
Number of updated asset objects reloaded before import = 0
Number of asset objects unloaded after import = 2
========================================================================
Received Import Request.
  Time since last request: 8.447187 seconds.
  path: Assets/Suggo Creations/RETROWAVE SKIES Lite/Textures/Grid Textures/Grid_Basic Lite.png
  artifactKey: Guid(7a4720d0c99c43c4fa198f2682c447fd) Importer(815301076,1909f56bfc062723c751e8b465ee728b)
Start importing Assets/Suggo Creations/RETROWAVE SKIES Lite/Textures/Grid Textures/Grid_Basic Lite.png using Guid(7a4720d0c99c43c4fa198f2682c447fd) Importer(815301076,1909f56bfc062723c751e8b465ee728b) [PhysX] Initialized MultithreadedTaskDispatcher with 12 workers.
[PhysX] Initialized MultithreadedTaskDispatcher with 12 workers.
 -> (artifact id: '8826e5722ed50f2f546dbaae47c54cd8') in 0.013528 seconds
Number of updated asset objects reloaded before import = 0
Number of asset objects unloaded after import = 2
========================================================================
Received Import Request.
  Time since last request: 0.912784 seconds.
  path: Assets/Suggo Creations/RETROWAVE SKIES Lite/Textures/Grid Textures/Grid_Square Lite.png
  artifactKey: Guid(a7b4e545c8ad3214ea05857ed52e319a) Importer(815301076,1909f56bfc062723c751e8b465ee728b)
Start importing Assets/Suggo Creations/RETROWAVE SKIES Lite/Textures/Grid Textures/Grid_Square Lite.png using Guid(a7b4e545c8ad3214ea05857ed52e319a) Importer(815301076,1909f56bfc062723c751e8b465ee728b) [PhysX] Initialized MultithreadedTaskDispatcher with 12 workers.
[PhysX] Initialized MultithreadedTaskDispatcher with 12 workers.
 -> (artifact id: 'c873eacbe0357fa604b9b5499b3d236f') in 0.012863 seconds
Number of updated asset objects reloaded before import = 0
Number of asset objects unloaded after import = 2
========================================================================
Received Import Request.
  Time since last request: 0.738690 seconds.
  path: Assets/Suggo Creations/RETROWAVE SKIES Lite/Textures/Grid Textures/Grid_Lines_Base Color Lite.png
  artifactKey: Guid(93420f2b832493a45ae0c78c42e30a71) Importer(815301076,1909f56bfc062723c751e8b465ee728b)
Start importing Assets/Suggo Creations/RETROWAVE SKIES Lite/Textures/Grid Textures/Grid_Lines_Base Color Lite.png using Guid(93420f2b832493a45ae0c78c42e30a71) Importer(815301076,1909f56bfc062723c751e8b465ee728b) [PhysX] Initialized MultithreadedTaskDispatcher with 12 workers.
[PhysX] Initialized MultithreadedTaskDispatcher with 12 workers.
 -> (artifact id: '31b76a918cfa45984542402680cb33cc') in 0.014233 seconds
Number of updated asset objects reloaded before import = 0
Number of asset objects unloaded after import = 2
========================================================================
Received Import Request.
  Time since last request: 79.834411 seconds.
  path: Assets/Readme.asset
  artifactKey: Guid(8105016687592461f977c054a80ce2f2) Importer(2089858483,0ecaa5967403d082aa24f35e1b516d23)
Start importing Assets/Readme.asset using Guid(8105016687592461f977c054a80ce2f2) Importer(2089858483,0ecaa5967403d082aa24f35e1b516d23) [PhysX] Initialized MultithreadedTaskDispatcher with 12 workers.
 -> (artifact id: 'b75f1ab91e3df683292a28a9e66eda3c') in 0.245941 seconds
Number of updated asset objects reloaded before import = 0
Number of asset objects unloaded after import = 2
========================================================================
Received Import Request.
  Time since last request: 0.000028 seconds.
  path: Assets/Settings/URP-Performant-Renderer.asset
  artifactKey: Guid(707360a9c581a4bd7aa53bfeb1429f71) Importer(2089858483,0ecaa5967403d082aa24f35e1b516d23)
Start importing Assets/Settings/URP-Performant-Renderer.asset using Guid(707360a9c581a4bd7aa53bfeb1429f71) Importer(2089858483,0ecaa5967403d082aa24f35e1b516d23) [PhysX] Initialized MultithreadedTaskDispatcher with 12 workers.
 -> (artifact id: 'f6917390ac163931e3b12d1cae4cc1c2') in 0.047953 seconds
Number of updated asset objects reloaded before import = 0
Number of asset objects unloaded after import = 1
========================================================================
Received Import Request.
  Time since last request: 0.000037 seconds.
  path: Assets/TextMesh Pro/Resources/LineBreaking Leading Characters.txt
  artifactKey: Guid(d82c1b31c7e74239bff1220585707d2b) Importer(2089858483,0ecaa5967403d082aa24f35e1b516d23)
Start importing Assets/TextMesh Pro/Resources/LineBreaking Leading Characters.txt using Guid(d82c1b31c7e74239bff1220585707d2b) Importer(2089858483,0ecaa5967403d082aa24f35e1b516d23) [PhysX] Initialized MultithreadedTaskDispatcher with 12 workers.
 -> (artifact id: '4d34f8eab76c0d2a3038e3ad9261984a') in 0.012797 seconds
Number of updated asset objects reloaded before import = 0
Number of asset objects unloaded after import = 1
========================================================================
Received Import Request.
  Time since last request: 0.000030 seconds.
  path: Assets/TextMesh Pro/Shaders/TMPro_Mobile.cginc
  artifactKey: Guid(c334973cef89a9840b0b0c507e0377ab) Importer(2089858483,0ecaa5967403d082aa24f35e1b516d23)
Start importing Assets/TextMesh Pro/Shaders/TMPro_Mobile.cginc using Guid(c334973cef89a9840b0b0c507e0377ab) Importer(2089858483,0ecaa5967403d082aa24f35e1b516d23) [PhysX] Initialized MultithreadedTaskDispatcher with 12 workers.
 -> (artifact id: '2734609e3bc96af5418f394e0109620e') in 0.018621 seconds
Number of updated asset objects reloaded before import = 0
Number of asset objects unloaded after import = 1
========================================================================
Received Import Request.
  Time since last request: 0.000026 seconds.
  path: Assets/Modelos/Materials/Baked_Face.mat
  artifactKey: Guid(ee1a0ecf31406ed45a19224e472ed008) Importer(2089858483,0ecaa5967403d082aa24f35e1b516d23)
Start importing Assets/Modelos/Materials/Baked_Face.mat using Guid(ee1a0ecf31406ed45a19224e472ed008) Importer(2089858483,0ecaa5967403d082aa24f35e1b516d23) [PhysX] Initialized MultithreadedTaskDispatcher with 12 workers.
 -> (artifact id: 'e819afc2ae6e9cd342588e105ef4ae38') in 0.041490 seconds
Number of updated asset objects reloaded before import = 0
Number of asset objects unloaded after import = 2
========================================================================
Received Import Request.
  Time since last request: 0.000035 seconds.
  path: Assets/Scripts/Menu/LevelSelector.cs
  artifactKey: Guid(1107c8b8455c08f4d926d130b6ef80a2) Importer(2089858483,0ecaa5967403d082aa24f35e1b516d23)
Start importing Assets/Scripts/Menu/LevelSelector.cs using Guid(1107c8b8455c08f4d926d130b6ef80a2) Importer(2089858483,0ecaa5967403d082aa24f35e1b516d23) [PhysX] Initialized MultithreadedTaskDispatcher with 12 workers.
 -> (artifact id: 'c0568bcbd0ccfb7062421e688b8540c8') in 0.016959 seconds
Number of updated asset objects reloaded before import = 0
Number of asset objects unloaded after import = 1
========================================================================
Received Import Request.
  Time since last request: 0.000029 seconds.
  path: Assets/TextMesh Pro/Shaders/TMPro.cginc
  artifactKey: Guid(407bc68d299748449bbf7f48ee690f8d) Importer(2089858483,0ecaa5967403d082aa24f35e1b516d23)
Start importing Assets/TextMesh Pro/Shaders/TMPro.cginc using Guid(407bc68d299748449bbf7f48ee690f8d) Importer(2089858483,0ecaa5967403d082aa24f35e1b516d23) [PhysX] Initialized MultithreadedTaskDispatcher with 12 workers.
 -> (artifact id: '4c69a3263f78531dd11a546831ac1a64') in 0.020196 seconds
Number of updated asset objects reloaded before import = 0
Number of asset objects unloaded after import = 1
========================================================================
Received Import Request.
  Time since last request: 0.000024 seconds.
  path: Assets/Modelos/Baked_Pelo.png
  artifactKey: Guid(2d265b3bb058c30498c2a68e226eba66) Importer(2089858483,0ecaa5967403d082aa24f35e1b516d23)
Start importing Assets/Modelos/Baked_Pelo.png using Guid(2d265b3bb058c30498c2a68e226eba66) Importer(2089858483,0ecaa5967403d082aa24f35e1b516d23) [PhysX] Initialized MultithreadedTaskDispatcher with 12 workers.
 -> (artifact id: 'baf7983ebacdc3ce12aa52ae2c2921a9') in 0.054543 seconds
Number of updated asset objects reloaded before import = 0
Number of asset objects unloaded after import = 1
========================================================================
Received Import Request.
  Time since last request: 0.000029 seconds.
  path: Assets/TextMesh Pro/Shaders/TMP_SDF-Mobile Overlay.shader
  artifactKey: Guid(a02a7d8c237544f1962732b55a9aebf1) Importer(2089858483,0ecaa5967403d082aa24f35e1b516d23)
Start importing Assets/TextMesh Pro/Shaders/TMP_SDF-Mobile Overlay.shader using Guid(a02a7d8c237544f1962732b55a9aebf1) Importer(2089858483,0ecaa5967403d082aa24f35e1b516d23) [PhysX] Initialized MultithreadedTaskDispatcher with 12 workers.
 -> (artifact id: 'f8e7f7b37eebedba6e72b6ce273c135d') in 0.030166 seconds
Number of updated asset objects reloaded before import = 0
Number of asset objects unloaded after import = 1
========================================================================
Received Import Request.
  Time since last request: 0.000065 seconds.
  path: Assets/Modelos/Ch46_nonPBR.fbm/Ch46_1001_Specular.png
  artifactKey: Guid(13233060bde702243a9aecad083e6fe0) Importer(2089858483,0ecaa5967403d082aa24f35e1b516d23)
Start importing Assets/Modelos/Ch46_nonPBR.fbm/Ch46_1001_Specular.png using Guid(13233060bde702243a9aecad083e6fe0) Importer(2089858483,0ecaa5967403d082aa24f35e1b516d23) [PhysX] Initialized MultithreadedTaskDispatcher with 12 workers.
 -> (artifact id: '038f6dc46463e2d761cc90ed54f75d58') in 0.044070 seconds
Number of updated asset objects reloaded before import = 0
Number of asset objects unloaded after import = 1
========================================================================
Received Import Request.
  Time since last request: 0.000059 seconds.
  path: Assets/G-spot_Lab/MagicEnergyVFXShaderLitePack/Documentation/SG_BaseColor_Litel.pdf
  artifactKey: Guid(09eb766fa4202c945b6b8029562c1899) Importer(2089858483,0ecaa5967403d082aa24f35e1b516d23)
Start importing Assets/G-spot_Lab/MagicEnergyVFXShaderLitePack/Documentation/SG_BaseColor_Litel.pdf using Guid(09eb766fa4202c945b6b8029562c1899) Importer(2089858483,0ecaa5967403d082aa24f35e1b516d23) [PhysX] Initialized MultithreadedTaskDispatcher with 12 workers.
 -> (artifact id: 'ba4c4417500cd562bad3f7e0005e0da8') in 0.017459 seconds
Number of updated asset objects reloaded before import = 0
Number of asset objects unloaded after import = 1
========================================================================
Received Import Request.
  Time since last request: 0.000038 seconds.
  path: Assets/TutorialInfo/Layout.wlt
  artifactKey: Guid(eabc9546105bf4accac1fd62a63e88e6) Importer(2089858483,0ecaa5967403d082aa24f35e1b516d23)
Start importing Assets/TutorialInfo/Layout.wlt using Guid(eabc9546105bf4accac1fd62a63e88e6) Importer(2089858483,0ecaa5967403d082aa24f35e1b516d23) [PhysX] Initialized MultithreadedTaskDispatcher with 12 workers.
 -> (artifact id: 'eef15f7ab8b01dd327936293ff6ed0ff') in 0.013291 seconds
Number of updated asset objects reloaded before import = 0
Number of asset objects unloaded after import = 1
========================================================================
Received Import Request.
  Time since last request: 0.000041 seconds.
  path: Assets/Modelos/Ch46_nonPBR.fbm/Ch46_1001_Normal.png
  artifactKey: Guid(bf05dc3148fed9d41804da26c8cd57fd) Importer(2089858483,0ecaa5967403d082aa24f35e1b516d23)
Start importing Assets/Modelos/Ch46_nonPBR.fbm/Ch46_1001_Normal.png using Guid(bf05dc3148fed9d41804da26c8cd57fd) Importer(2089858483,0ecaa5967403d082aa24f35e1b516d23) [PhysX] Initialized MultithreadedTaskDispatcher with 12 workers.
 -> (artifact id: 'eb37cbdd9e3e9950b7a79a43fe790090') in 0.045302 seconds
Number of updated asset objects reloaded before import = 0
Number of asset objects unloaded after import = 1
========================================================================
Received Import Request.
  Time since last request: 0.000046 seconds.
  path: Assets/Materiales/1 1.mat
  artifactKey: Guid(077ce78732e7bba429447ad86ba82372) Importer(2089858483,0ecaa5967403d082aa24f35e1b516d23)
Start importing Assets/Materiales/1 1.mat using Guid(077ce78732e7bba429447ad86ba82372) Importer(2089858483,0ecaa5967403d082aa24f35e1b516d23) [PhysX] Initialized MultithreadedTaskDispatcher with 12 workers.
 -> (artifact id: '4d5522986651ea99e12b25ccbde7e693') in 0.024472 seconds
Number of updated asset objects reloaded before import = 0
Number of asset objects unloaded after import = 1
========================================================================
Received Import Request.
  Time since last request: 0.000041 seconds.
  path: Assets/Materiales/1 2.mat
  artifactKey: Guid(e9950003455c80847b9202a9745be68c) Importer(2089858483,0ecaa5967403d082aa24f35e1b516d23)
Start importing Assets/Materiales/1 2.mat using Guid(e9950003455c80847b9202a9745be68c) Importer(2089858483,0ecaa5967403d082aa24f35e1b516d23) [PhysX] Initialized MultithreadedTaskDispatcher with 12 workers.
 -> (artifact id: '10421442253add9dd3fe16efcacdd50f') in 0.026098 seconds
Number of updated asset objects reloaded before import = 0
Number of asset objects unloaded after import = 1
========================================================================
Received Import Request.
  Time since last request: 0.000045 seconds.
  path: Assets/Canciones/Nivel1.mp3
  artifactKey: Guid(4096864dd5ff77c469afdf99e229832a) Importer(2089858483,0ecaa5967403d082aa24f35e1b516d23)
Start importing Assets/Canciones/Nivel1.mp3 using Guid(4096864dd5ff77c469afdf99e229832a) Importer(2089858483,0ecaa5967403d082aa24f35e1b516d23) [PhysX] Initialized MultithreadedTaskDispatcher with 12 workers.
 -> (artifact id: '9b1f47ca37952c365d4162bb8c15ed0e') in 0.055075 seconds
Number of updated asset objects reloaded before import = 0
Number of asset objects unloaded after import = 1
========================================================================
Received Import Request.
  Time since last request: 0.000085 seconds.
  path: Assets/Scripts/Juego/Video.cs
  artifactKey: Guid(df438f4a4e06c6746b54895b9192d3a7) Importer(2089858483,0ecaa5967403d082aa24f35e1b516d23)
Start importing Assets/Scripts/Juego/Video.cs using Guid(df438f4a4e06c6746b54895b9192d3a7) Importer(2089858483,0ecaa5967403d082aa24f35e1b516d23) [PhysX] Initialized MultithreadedTaskDispatcher with 12 workers.
 -> (artifact id: '2a6897e3f1c41fcb751c52c0ca44ca5d') in 0.017899 seconds
Number of updated asset objects reloaded before import = 0
Number of asset objects unloaded after import = 1
========================================================================
Received Import Request.
  Time since last request: 0.000038 seconds.
  path: Assets/Scenes/Nivel1.unity
  artifactKey: Guid(430af71bfdcc09b4e9123b20a25572d7) Importer(2089858483,0ecaa5967403d082aa24f35e1b516d23)
Start importing Assets/Scenes/Nivel1.unity using Guid(430af71bfdcc09b4e9123b20a25572d7) Importer(2089858483,0ecaa5967403d082aa24f35e1b516d23) [PhysX] Initialized MultithreadedTaskDispatcher with 12 workers.
 -> (artifact id: '9fe5b725c6ae6f6a67291f3d72cb9fe6') in 0.016384 seconds
Number of updated asset objects reloaded before import = 0
Number of asset objects unloaded after import = 1
========================================================================
Received Import Request.
  Time since last request: 0.000036 seconds.
  path: Assets/G-spot_Lab/MagicEnergyVFXShaderLitePack/Textures/T_MagicEnergy_Blue_01.png
  artifactKey: Guid(0fb7fbae1f20ddb4b8e009958a6afbce) Importer(2089858483,0ecaa5967403d082aa24f35e1b516d23)
Start importing Assets/G-spot_Lab/MagicEnergyVFXShaderLitePack/Textures/T_MagicEnergy_Blue_01.png using Guid(0fb7fbae1f20ddb4b8e009958a6afbce) Importer(2089858483,0ecaa5967403d082aa24f35e1b516d23) [PhysX] Initialized MultithreadedTaskDispatcher with 12 workers.
 -> (artifact id: 'ab8d6686aafc4c6b3022946c9be29988') in 0.026038 seconds
Number of updated asset objects reloaded before import = 0
Number of asset objects unloaded after import = 1
========================================================================
Received Import Request.
  Time since last request: 0.000032 seconds.
  path: Assets/Scripts/Juego/PoseController.cs
  artifactKey: Guid(43b1cf1dd268302498babd74dae2ac0b) Importer(2089858483,0ecaa5967403d082aa24f35e1b516d23)
Start importing Assets/Scripts/Juego/PoseController.cs using Guid(43b1cf1dd268302498babd74dae2ac0b) Importer(2089858483,0ecaa5967403d082aa24f35e1b516d23) [PhysX] Initialized MultithreadedTaskDispatcher with 12 workers.
 -> (artifact id: '7a7c7a8b733d1f39d2b8d535e2e59ec6') in 0.018312 seconds
Number of updated asset objects reloaded before import = 0
Number of asset objects unloaded after import = 1
========================================================================
Received Import Request.
  Time since last request: 0.000039 seconds.
  path: Assets/Scripts/Juego/CameraEffects.cs
  artifactKey: Guid(45697da2bc27aee47b4a977526dce688) Importer(2089858483,0ecaa5967403d082aa24f35e1b516d23)
Start importing Assets/Scripts/Juego/CameraEffects.cs using Guid(45697da2bc27aee47b4a977526dce688) Importer(2089858483,0ecaa5967403d082aa24f35e1b516d23) [PhysX] Initialized MultithreadedTaskDispatcher with 12 workers.
 -> (artifact id: '29e2e3141a7db0319022b2c696a4ce21') in 0.015078 seconds
Number of updated asset objects reloaded before import = 0
Number of asset objects unloaded after import = 1
========================================================================
Received Import Request.
  Time since last request: 0.000030 seconds.
  path: Assets/G-spot_Lab/MagicEnergyVFXShaderLitePack/Documentation/SG_Flow_Lite.pdf
  artifactKey: Guid(e0ee569f8b674ea449054ac3affce6ae) Importer(2089858483,0ecaa5967403d082aa24f35e1b516d23)
Start importing Assets/G-spot_Lab/MagicEnergyVFXShaderLitePack/Documentation/SG_Flow_Lite.pdf using Guid(e0ee569f8b674ea449054ac3affce6ae) Importer(2089858483,0ecaa5967403d082aa24f35e1b516d23) [PhysX] Initialized MultithreadedTaskDispatcher with 12 workers.
 -> (artifact id: 'f0312d7151f45fbdfdf01c397ba6f84c') in 0.014161 seconds
Number of updated asset objects reloaded before import = 0
Number of asset objects unloaded after import = 1
========================================================================
Received Import Request.
  Time since last request: 0.000030 seconds.
  path: Assets/Canciones/Tutorial.mp3
  artifactKey: Guid(06c1995832e2c1640ad4845b490d18ee) Importer(2089858483,0ecaa5967403d082aa24f35e1b516d23)
Start importing Assets/Canciones/Tutorial.mp3 using Guid(06c1995832e2c1640ad4845b490d18ee) Importer(2089858483,0ecaa5967403d082aa24f35e1b516d23) [PhysX] Initialized MultithreadedTaskDispatcher with 12 workers.
 -> (artifact id: '004602a23dc8a9aa286502eb2b94c853') in 0.050843 seconds
Number of updated asset objects reloaded before import = 0
Number of asset objects unloaded after import = 1
========================================================================
Received Import Request.
  Time since last request: 0.000041 seconds.
  path: Assets/Materiales/Shaders/1k_Dissolve_Noise_Texture.png
  artifactKey: Guid(e9504cfe5152366458a6eda459dd26fc) Importer(2089858483,0ecaa5967403d082aa24f35e1b516d23)
Start importing Assets/Materiales/Shaders/1k_Dissolve_Noise_Texture.png using Guid(e9504cfe5152366458a6eda459dd26fc) Importer(2089858483,0ecaa5967403d082aa24f35e1b516d23) [PhysX] Initialized MultithreadedTaskDispatcher with 12 workers.
 -> (artifact id: '5c9df625ba54c0ed6951d1f6c1b3f618') in 0.024079 seconds
Number of updated asset objects reloaded before import = 0
Number of asset objects unloaded after import = 1
========================================================================
Received Import Request.
  Time since last request: 0.000044 seconds.
  path: Assets/Suggo Creations/RETROWAVE SKIES Lite/Skybox Materials/VHS_Skybox.mat
  artifactKey: Guid(20fca97cf5b8e92459331b3cd74c4be1) Importer(2089858483,0ecaa5967403d082aa24f35e1b516d23)
Start importing Assets/Suggo Creations/RETROWAVE SKIES Lite/Skybox Materials/VHS_Skybox.mat using Guid(20fca97cf5b8e92459331b3cd74c4be1) Importer(2089858483,0ecaa5967403d082aa24f35e1b516d23) [PhysX] Initialized MultithreadedTaskDispatcher with 12 workers.
 -> (artifact id: '6e83a6e14c72412362c829bdbc5be516') in 0.018840 seconds
Number of updated asset objects reloaded before import = 0
Number of asset objects unloaded after import = 3
========================================================================
Received Import Request.
  Time since last request: 0.000045 seconds.
  path: Assets/G-spot_Lab/MagicEnergyVFXShaderLitePack/Textures/T_MagicEnergy_Orange_02.png
  artifactKey: Guid(6084ea577a3fb9047aeaf00b15b04b74) Importer(2089858483,0ecaa5967403d082aa24f35e1b516d23)
Start importing Assets/G-spot_Lab/MagicEnergyVFXShaderLitePack/Textures/T_MagicEnergy_Orange_02.png using Guid(6084ea577a3fb9047aeaf00b15b04b74) Importer(2089858483,0ecaa5967403d082aa24f35e1b516d23) [PhysX] Initialized MultithreadedTaskDispatcher with 12 workers.
 -> (artifact id: '609b8d879a565fb7ca1c45b6de1ea2a9') in 0.025506 seconds
Number of updated asset objects reloaded before import = 0
Number of asset objects unloaded after import = 1
========================================================================
Received Import Request.
  Time since last request: 0.000039 seconds.
  path: Assets/G-spot_Lab/MagicEnergyVFXShaderLitePack/Textures/T_MagicEnergy_Dark_01.png
  artifactKey: Guid(ea6f307cdbe90404e89e5f70d10dbdc6) Importer(2089858483,0ecaa5967403d082aa24f35e1b516d23)
Start importing Assets/G-spot_Lab/MagicEnergyVFXShaderLitePack/Textures/T_MagicEnergy_Dark_01.png using Guid(ea6f307cdbe90404e89e5f70d10dbdc6) Importer(2089858483,0ecaa5967403d082aa24f35e1b516d23) [PhysX] Initialized MultithreadedTaskDispatcher with 12 workers.
 -> (artifact id: 'bc69e7fcfa3c2aa2753094a6694e73b8') in 0.026184 seconds
Number of updated asset objects reloaded before import = 0
Number of asset objects unloaded after import = 1
========================================================================
Received Import Request.
  Time since last request: 0.000043 seconds.
  path: Assets/Materiales/1 3.mat
  artifactKey: Guid(00719832a05af3342bc29a8e89169e00) Importer(2089858483,0ecaa5967403d082aa24f35e1b516d23)
Start importing Assets/Materiales/1 3.mat using Guid(00719832a05af3342bc29a8e89169e00) Importer(2089858483,0ecaa5967403d082aa24f35e1b516d23) [PhysX] Initialized MultithreadedTaskDispatcher with 12 workers.
 -> (artifact id: 'f51cb034202bb07f2699eb2ecab21e2d') in 0.025863 seconds
Number of updated asset objects reloaded before import = 0
Number of asset objects unloaded after import = 1
========================================================================
Received Import Request.
  Time since last request: 0.000043 seconds.
  path: Assets/Scripts/Juego/BeatEvent.cs
  artifactKey: Guid(76fc4fc7d12b5484c97132b1045462bb) Importer(2089858483,0ecaa5967403d082aa24f35e1b516d23)
Start importing Assets/Scripts/Juego/BeatEvent.cs using Guid(76fc4fc7d12b5484c97132b1045462bb) Importer(2089858483,0ecaa5967403d082aa24f35e1b516d23) [PhysX] Initialized MultithreadedTaskDispatcher with 12 workers.
 -> (artifact id: 'afe2515427eee2b5df60fe7f891f2b5e') in 0.015250 seconds
Number of updated asset objects reloaded before import = 0
Number of asset objects unloaded after import = 1
========================================================================
Received Import Request.
  Time since last request: 0.000048 seconds.
  path: Assets/Suggo Creations/RETROWAVE SKIES Lite/Materials/M_Grid Vapor Lite.mat
  artifactKey: Guid(b8ec9440f06384746a94b6d5afa3230e) Importer(2089858483,0ecaa5967403d082aa24f35e1b516d23)
Start importing Assets/Suggo Creations/RETROWAVE SKIES Lite/Materials/M_Grid Vapor Lite.mat using Guid(b8ec9440f06384746a94b6d5afa3230e) Importer(2089858483,0ecaa5967403d082aa24f35e1b516d23) [PhysX] Initialized MultithreadedTaskDispatcher with 12 workers.
 -> (artifact id: 'ebf0f86c6a003bba3d0a9e631d09edca') in 0.020760 seconds
Number of updated asset objects reloaded before import = 0
Number of asset objects unloaded after import = 3
========================================================================
Received Import Request.
  Time since last request: 0.000042 seconds.
  path: Assets/Suggo Creations/RETROWAVE SKIES Lite/Demo Scenes/Vapor_PresetScene Lite.unity
  artifactKey: Guid(5283a284b77eb4d4a81e6331975c059c) Importer(2089858483,0ecaa5967403d082aa24f35e1b516d23)
Start importing Assets/Suggo Creations/RETROWAVE SKIES Lite/Demo Scenes/Vapor_PresetScene Lite.unity using Guid(5283a284b77eb4d4a81e6331975c059c) Importer(2089858483,0ecaa5967403d082aa24f35e1b516d23) [PhysX] Initialized MultithreadedTaskDispatcher with 12 workers.
 -> (artifact id: '98959b10f9d13a52634f254c111f21ff') in 0.013800 seconds
Number of updated asset objects reloaded before import = 0
Number of asset objects unloaded after import = 1
========================================================================
Received Import Request.
  Time since last request: 0.000038 seconds.
  path: Assets/TextMesh Pro/Shaders/TMP_Sprite.shader
  artifactKey: Guid(cf81c85f95fe47e1a27f6ae460cf182c) Importer(2089858483,0ecaa5967403d082aa24f35e1b516d23)
Start importing Assets/TextMesh Pro/Shaders/TMP_Sprite.shader using Guid(cf81c85f95fe47e1a27f6ae460cf182c) Importer(2089858483,0ecaa5967403d082aa24f35e1b516d23) [PhysX] Initialized MultithreadedTaskDispatcher with 12 workers.
 -> (artifact id: '949bd431dcf74cffb5402fb10c86291c') in 0.023416 seconds
Number of updated asset objects reloaded before import = 0
Number of asset objects unloaded after import = 1
========================================================================
Received Import Request.
  Time since last request: 0.000055 seconds.
  path: Assets/G-spot_Lab/MagicEnergyVFXShaderLitePack/ShaderGraphs/SG_Distortion_Lite.shadergraph
  artifactKey: Guid(76d2813a275aab14ba523804e4f56a6a) Importer(2089858483,0ecaa5967403d082aa24f35e1b516d23)
Start importing Assets/G-spot_Lab/MagicEnergyVFXShaderLitePack/ShaderGraphs/SG_Distortion_Lite.shadergraph using Guid(76d2813a275aab14ba523804e4f56a6a) Importer(2089858483,0ecaa5967403d082aa24f35e1b516d23) [PhysX] Initialized MultithreadedTaskDispatcher with 12 workers.
 -> (artifact id: '144585444901826c3331f9653179220e') in 0.258348 seconds
Number of updated asset objects reloaded before import = 0
Number of asset objects unloaded after import = 5
========================================================================
Received Import Request.
  Time since last request: 0.000040 seconds.
  path: Assets/TextMesh Pro/Examples & Extras/Fonts/Oswald-Bold.ttf
  artifactKey: Guid(c9f6d0e7bc8541498c9a4799ba184ede) Importer(2089858483,0ecaa5967403d082aa24f35e1b516d23)
Start importing Assets/TextMesh Pro/Examples & Extras/Fonts/Oswald-Bold.ttf using Guid(c9f6d0e7bc8541498c9a4799ba184ede) Importer(2089858483,0ecaa5967403d082aa24f35e1b516d23) [PhysX] Initialized MultithreadedTaskDispatcher with 12 workers.
 -> (artifact id: '7dd31bdd1ad90cb6cfc40b1cfdde5728') in 0.036927 seconds
Number of updated asset objects reloaded before import = 0
Number of asset objects unloaded after import = 3
========================================================================
Received Import Request.
  Time since last request: 0.000044 seconds.
  path: Assets/TextMesh Pro/Examples & Extras/Scenes/12a - Text Interactions.unity
  artifactKey: Guid(08572ab7713642c8a60789750f0bce5c) Importer(2089858483,0ecaa5967403d082aa24f35e1b516d23)
Start importing Assets/TextMesh Pro/Examples & Extras/Scenes/12a - Text Interactions.unity using Guid(08572ab7713642c8a60789750f0bce5c) Importer(2089858483,0ecaa5967403d082aa24f35e1b516d23) [PhysX] Initialized MultithreadedTaskDispatcher with 12 workers.
 -> (artifact id: '8bde062a9514b5e6b0d32a52aa41b107') in 0.014977 seconds
Number of updated asset objects reloaded before import = 0
Number of asset objects unloaded after import = 1
========================================================================
Received Import Request.
  Time since last request: 0.000042 seconds.
  path: Assets/TextMesh Pro/Examples & Extras/Materials/Ground - Logo Scene.mat
  artifactKey: Guid(c719e38f25a9480abd2480ab621a2949) Importer(2089858483,0ecaa5967403d082aa24f35e1b516d23)
Start importing Assets/TextMesh Pro/Examples & Extras/Materials/Ground - Logo Scene.mat using Guid(c719e38f25a9480abd2480ab621a2949) Importer(2089858483,0ecaa5967403d082aa24f35e1b516d23) [PhysX] Initialized MultithreadedTaskDispatcher with 12 workers.
 -> (artifact id: 'aa880bba3fa7e49726587e99e408c6c3') in 0.047470 seconds
Number of updated asset objects reloaded before import = 0
Number of asset objects unloaded after import = 2
========================================================================
Received Import Request.
  Time since last request: 0.000034 seconds.
  path: Assets/TextMesh Pro/Examples & Extras/Scenes/06 - Extra Rich Text Examples.unity
  artifactKey: Guid(39a1fa96ad2a449b908fca29d4297a74) Importer(2089858483,0ecaa5967403d082aa24f35e1b516d23)
Start importing Assets/TextMesh Pro/Examples & Extras/Scenes/06 - Extra Rich Text Examples.unity using Guid(39a1fa96ad2a449b908fca29d4297a74) Importer(2089858483,0ecaa5967403d082aa24f35e1b516d23) [PhysX] Initialized MultithreadedTaskDispatcher with 12 workers.
 -> (artifact id: '8fc8a4a7cda16ac5a4c3c855655a9ff0') in 0.013361 seconds
Number of updated asset objects reloaded before import = 0
Number of asset objects unloaded after import = 1
========================================================================
Received Import Request.
  Time since last request: 0.000026 seconds.
  path: Assets/TextMesh Pro/Examples & Extras/Scenes/12 - Link Example.unity
  artifactKey: Guid(9747140c28254be2adc582210dfb89b8) Importer(2089858483,0ecaa5967403d082aa24f35e1b516d23)
Start importing Assets/TextMesh Pro/Examples & Extras/Scenes/12 - Link Example.unity using Guid(9747140c28254be2adc582210dfb89b8) Importer(2089858483,0ecaa5967403d082aa24f35e1b516d23) [PhysX] Initialized MultithreadedTaskDispatcher with 12 workers.
 -> (artifact id: '65d5e550325593658f63ddc50d76be1e') in 0.012873 seconds
Number of updated asset objects reloaded before import = 0
Number of asset objects unloaded after import = 1
========================================================================
Received Import Request.
  Time since last request: 0.000037 seconds.
  path: Assets/TextMesh Pro/Examples & Extras/Fonts/Electronic Highway Sign.TTF
  artifactKey: Guid(8a2b9e2a607dd2143b58c44bc32410b4) Importer(2089858483,0ecaa5967403d082aa24f35e1b516d23)
Start importing Assets/TextMesh Pro/Examples & Extras/Fonts/Electronic Highway Sign.TTF using Guid(8a2b9e2a607dd2143b58c44bc32410b4) Importer(2089858483,0ecaa5967403d082aa24f35e1b516d23) [PhysX] Initialized MultithreadedTaskDispatcher with 12 workers.
 -> (artifact id: '46e01f98877d9376ce63da93bd2a908f') in 0.031366 seconds
Number of updated asset objects reloaded before import = 0
Number of asset objects unloaded after import = 3
========================================================================
Received Import Request.
  Time since last request: 0.000029 seconds.
  path: Assets/TextMesh Pro/Examples & Extras/Materials/Ground - Surface Shader Scene.mat
  artifactKey: Guid(aadd5a709a48466c887296bb5b1b8110) Importer(2089858483,0ecaa5967403d082aa24f35e1b516d23)
Start importing Assets/TextMesh Pro/Examples & Extras/Materials/Ground - Surface Shader Scene.mat using Guid(aadd5a709a48466c887296bb5b1b8110) Importer(2089858483,0ecaa5967403d082aa24f35e1b516d23) [PhysX] Initialized MultithreadedTaskDispatcher with 12 workers.
 -> (artifact id: 'e1464f3780012e1f2bf124a8666780b0') in 0.037241 seconds
Number of updated asset objects reloaded before import = 0
Number of asset objects unloaded after import = 2
========================================================================
Received Import Request.
  Time since last request: 0.000042 seconds.
  path: Assets/TextMesh Pro/Examples & Extras/Scenes/03 - Line Justification.unity
  artifactKey: Guid(21a509e1d3cd49978623fa564adb6f02) Importer(2089858483,0ecaa5967403d082aa24f35e1b516d23)
Start importing Assets/TextMesh Pro/Examples & Extras/Scenes/03 - Line Justification.unity using Guid(21a509e1d3cd49978623fa564adb6f02) Importer(2089858483,0ecaa5967403d082aa24f35e1b516d23) [PhysX] Initialized MultithreadedTaskDispatcher with 12 workers.
 -> (artifact id: 'f9bedebedf04df7ed745f7546163057e') in 0.013387 seconds
Number of updated asset objects reloaded before import = 0
Number of asset objects unloaded after import = 1
========================================================================
Received Import Request.
  Time since last request: 0.000043 seconds.
  path: Assets/TextMesh Pro/Examples & Extras/Scenes/07 - Superscript & Subscript Example.unity
  artifactKey: Guid(03ec435d4b7140e9b2d87f79136d8374) Importer(2089858483,0ecaa5967403d082aa24f35e1b516d23)
Start importing Assets/TextMesh Pro/Examples & Extras/Scenes/07 - Superscript & Subscript Example.unity using Guid(03ec435d4b7140e9b2d87f79136d8374) Importer(2089858483,0ecaa5967403d082aa24f35e1b516d23) [PhysX] Initialized MultithreadedTaskDispatcher with 12 workers.
 -> (artifact id: '509e7e8d48adca51d16e7182f4103f47') in 0.013928 seconds
Number of updated asset objects reloaded before import = 0
Number of asset objects unloaded after import = 1
========================================================================
Received Import Request.
  Time since last request: 0.000035 seconds.
  path: Assets/TextMesh Pro/Examples & Extras/Scenes/08 - Improved Text Alignment.unity
  artifactKey: Guid(5fe2257128d9401fad0790f581dc8a6f) Importer(2089858483,0ecaa5967403d082aa24f35e1b516d23)
Start importing Assets/TextMesh Pro/Examples & Extras/Scenes/08 - Improved Text Alignment.unity using Guid(5fe2257128d9401fad0790f581dc8a6f) Importer(2089858483,0ecaa5967403d082aa24f35e1b516d23) [PhysX] Initialized MultithreadedTaskDispatcher with 12 workers.
 -> (artifact id: 'dd24ba83eb9a88d919f4b67c8675e119') in 0.011889 seconds
Number of updated asset objects reloaded before import = 0
Number of asset objects unloaded after import = 1
========================================================================
Received Import Request.
  Time since last request: 0.000037 seconds.
  path: Assets/TextMesh Pro/Examples & Extras/Scenes/02 - Multi-line TextMesh Pro.unity
  artifactKey: Guid(251716609f634449bfe8ce75c0ed78fe) Importer(2089858483,0ecaa5967403d082aa24f35e1b516d23)
Start importing Assets/TextMesh Pro/Examples & Extras/Scenes/02 - Multi-line TextMesh Pro.unity using Guid(251716609f634449bfe8ce75c0ed78fe) Importer(2089858483,0ecaa5967403d082aa24f35e1b516d23) [PhysX] Initialized MultithreadedTaskDispatcher with 12 workers.
 -> (artifact id: '448303e273658a0af4f6df3ad3b3cbaf') in 0.016736 seconds
Number of updated asset objects reloaded before import = 0
Number of asset objects unloaded after import = 1
========================================================================
Received Import Request.
  Time since last request: 0.000039 seconds.
  path: Assets/TextMesh Pro/Examples & Extras/Prefabs/TextMeshPro - Prefab 2.prefab
  artifactKey: Guid(fdad9d952ae84cafb74c63f2e694d042) Importer(2089858483,0ecaa5967403d082aa24f35e1b516d23)
Start importing Assets/TextMesh Pro/Examples & Extras/Prefabs/TextMeshPro - Prefab 2.prefab using Guid(fdad9d952ae84cafb74c63f2e694d042) Importer(2089858483,0ecaa5967403d082aa24f35e1b516d23) [PhysX] Initialized MultithreadedTaskDispatcher with 12 workers.
 -> (artifact id: '69b53d8cbf3f92d4f778fc9e70ff2cd1') in 0.134585 seconds
Number of updated asset objects reloaded before import = 0
Number of asset objects unloaded after import = 16
========================================================================
Received Import Request.
  Time since last request: 0.000029 seconds.
  path: Assets/TextMesh Pro/Examples & Extras/Scenes/13 - Soft Hyphenation.unity
  artifactKey: Guid(875684baf40f4d008ce806d03e2a81b2) Importer(2089858483,0ecaa5967403d082aa24f35e1b516d23)
Start importing Assets/TextMesh Pro/Examples & Extras/Scenes/13 - Soft Hyphenation.unity using Guid(875684baf40f4d008ce806d03e2a81b2) Importer(2089858483,0ecaa5967403d082aa24f35e1b516d23) [PhysX] Initialized MultithreadedTaskDispatcher with 12 workers.
 -> (artifact id: '93e56ec179a00cbd2eb385059ad0980a') in 0.012514 seconds
Number of updated asset objects reloaded before import = 0
Number of asset objects unloaded after import = 1
========================================================================
Received Import Request.
  Time since last request: 0.000040 seconds.
  path: Assets/TextMesh Pro/Examples & Extras/Scenes/Benchmark (Floating Text).unity
  artifactKey: Guid(16177da2e3254cee91944756d5f8ddd3) Importer(2089858483,0ecaa5967403d082aa24f35e1b516d23)
Start importing Assets/TextMesh Pro/Examples & Extras/Scenes/Benchmark (Floating Text).unity using Guid(16177da2e3254cee91944756d5f8ddd3) Importer(2089858483,0ecaa5967403d082aa24f35e1b516d23) [PhysX] Initialized MultithreadedTaskDispatcher with 12 workers.
 -> (artifact id: '1678c12ae11dc3b31a2c03ef0bee66c1') in 0.013776 seconds
Number of updated asset objects reloaded before import = 0
Number of asset objects unloaded after import = 1
========================================================================
Received Import Request.
  Time since last request: 0.000031 seconds.
  path: Assets/TextMesh Pro/Examples & Extras/Scenes/20 - Input Field with Scrollbar.unity
  artifactKey: Guid(337f92480dd24675aae9e79210fb1ad9) Importer(2089858483,0ecaa5967403d082aa24f35e1b516d23)
Start importing Assets/TextMesh Pro/Examples & Extras/Scenes/20 - Input Field with Scrollbar.unity using Guid(337f92480dd24675aae9e79210fb1ad9) Importer(2089858483,0ecaa5967403d082aa24f35e1b516d23) [PhysX] Initialized MultithreadedTaskDispatcher with 12 workers.
 -> (artifact id: '3e7f222ae06e61bd5f6a1f849e975cb3') in 0.010221 seconds
Number of updated asset objects reloaded before import = 0
Number of asset objects unloaded after import = 1
========================================================================
Received Import Request.
  Time since last request: 0.000030 seconds.
  path: Assets/TextMesh Pro/Examples & Extras/Scenes/22 - Basic Scripting Example.unity
  artifactKey: Guid(6250f98e58fe4abbaada5d84b7ca846d) Importer(2089858483,0ecaa5967403d082aa24f35e1b516d23)
Start importing Assets/TextMesh Pro/Examples & Extras/Scenes/22 - Basic Scripting Example.unity using Guid(6250f98e58fe4abbaada5d84b7ca846d) Importer(2089858483,0ecaa5967403d082aa24f35e1b516d23) [PhysX] Initialized MultithreadedTaskDispatcher with 12 workers.
 -> (artifact id: '8e7c9e4dc8fcbda75c8e5b950a683cb5') in 0.011439 seconds
Number of updated asset objects reloaded before import = 0
Number of asset objects unloaded after import = 1
========================================================================
Received Import Request.
  Time since last request: 0.000032 seconds.
  path: Assets/TextMesh Pro/Examples & Extras/Scripts/Benchmark02.cs
  artifactKey: Guid(e8538afcddc14efbb5d9e94b7ae50197) Importer(2089858483,0ecaa5967403d082aa24f35e1b516d23)
Start importing Assets/TextMesh Pro/Examples & Extras/Scripts/Benchmark02.cs using Guid(e8538afcddc14efbb5d9e94b7ae50197) Importer(2089858483,0ecaa5967403d082aa24f35e1b516d23) [PhysX] Initialized MultithreadedTaskDispatcher with 12 workers.
 -> (artifact id: '6393a651fa761cf500e187a49339ade2') in 0.011842 seconds
Number of updated asset objects reloaded before import = 0
Number of asset objects unloaded after import = 1
========================================================================
Received Import Request.
  Time since last request: 0.000039 seconds.
  path: Assets/TextMesh Pro/Shaders/TMP_Bitmap.shader
  artifactKey: Guid(128e987d567d4e2c824d754223b3f3b0) Importer(2089858483,0ecaa5967403d082aa24f35e1b516d23)
Start importing Assets/TextMesh Pro/Shaders/TMP_Bitmap.shader using Guid(128e987d567d4e2c824d754223b3f3b0) Importer(2089858483,0ecaa5967403d082aa24f35e1b516d23) [PhysX] Initialized MultithreadedTaskDispatcher with 12 workers.
 -> (artifact id: 'cba7b0974987e3713b6b17b58247c526') in 0.015298 seconds
Number of updated asset objects reloaded before import = 0
Number of asset objects unloaded after import = 1
========================================================================
Received Import Request.
  Time since last request: 0.000029 seconds.
  path: Assets/Modelos/Animaciones+/Hip Hop Dancing.fbx
  artifactKey: Guid(01ad416e41534994b846f65c5120fea0) Importer(2089858483,0ecaa5967403d082aa24f35e1b516d23)
Start importing Assets/Modelos/Animaciones+/Hip Hop Dancing.fbx using Guid(01ad416e41534994b846f65c5120fea0) Importer(2089858483,0ecaa5967403d082aa24f35e1b516d23) [PhysX] Initialized MultithreadedTaskDispatcher with 12 workers.
 -> (artifact id: 'da7757ad78a70c3d75af1aa04e8e2205') in 0.051502 seconds
Number of updated asset objects reloaded before import = 0
Number of asset objects unloaded after import = 137
========================================================================
Received Import Request.
  Time since last request: 0.000028 seconds.
  path: Assets/Suggo Creations/RETROWAVE SKIES Lite/Materials/M_Grid VHS Lite.mat
  artifactKey: Guid(c38e5262c5b8f0e44aba7127c1511f3c) Importer(2089858483,0ecaa5967403d082aa24f35e1b516d23)
Start importing Assets/Suggo Creations/RETROWAVE SKIES Lite/Materials/M_Grid VHS Lite.mat using Guid(c38e5262c5b8f0e44aba7127c1511f3c) Importer(2089858483,0ecaa5967403d082aa24f35e1b516d23) [PhysX] Initialized MultithreadedTaskDispatcher with 12 workers.
 -> (artifact id: 'f41e453ed4ee54b3a04b6785898b7026') in 0.016481 seconds
Number of updated asset objects reloaded before import = 0
Number of asset objects unloaded after import = 3
========================================================================
Received Import Request.
  Time since last request: 0.000029 seconds.
  path: Assets/Suggo Creations/RETROWAVE SKIES Lite/Demo Scenes/VHS_PresetScene Lite.unity
  artifactKey: Guid(cfcfe94bcecab9848aae2f65cd074180) Importer(2089858483,0ecaa5967403d082aa24f35e1b516d23)
Start importing Assets/Suggo Creations/RETROWAVE SKIES Lite/Demo Scenes/VHS_PresetScene Lite.unity using Guid(cfcfe94bcecab9848aae2f65cd074180) Importer(2089858483,0ecaa5967403d082aa24f35e1b516d23) [PhysX] Initialized MultithreadedTaskDispatcher with 12 workers.
 -> (artifact id: 'e8fc0bcede2f67a3e3e30f7cc5bcffab') in 0.014399 seconds
Number of updated asset objects reloaded before import = 0
Number of asset objects unloaded after import = 1
========================================================================
Received Import Request.
  Time since last request: 0.000028 seconds.
  path: Assets/Suggo Creations/RETROWAVE SKIES Lite/Shaders/RetrowaveSkybox Lite.shadergraph
  artifactKey: Guid(826bdbac23ec3064290838c236752c7d) Importer(2089858483,0ecaa5967403d082aa24f35e1b516d23)
Start importing Assets/Suggo Creations/RETROWAVE SKIES Lite/Shaders/RetrowaveSkybox Lite.shadergraph using Guid(826bdbac23ec3064290838c236752c7d) Importer(2089858483,0ecaa5967403d082aa24f35e1b516d23) [PhysX] Initialized MultithreadedTaskDispatcher with 12 workers.
 -> (artifact id: '881e569a7cc0a16953c91ed8b9936200') in 0.015873 seconds
Number of updated asset objects reloaded before import = 0
Number of asset objects unloaded after import = 3
========================================================================
Received Import Request.
  Time since last request: 0.000046 seconds.
  path: Assets/TextMesh Pro/Resources/TMP Settings.asset
  artifactKey: Guid(3f5b5dff67a942289a9defa416b206f3) Importer(2089858483,0ecaa5967403d082aa24f35e1b516d23)
Start importing Assets/TextMesh Pro/Resources/TMP Settings.asset using Guid(3f5b5dff67a942289a9defa416b206f3) Importer(2089858483,0ecaa5967403d082aa24f35e1b516d23) [PhysX] Initialized MultithreadedTaskDispatcher with 12 workers.
 -> (artifact id: '0f980b76796cc4eea0af01b92981927e') in 0.056544 seconds
Number of updated asset objects reloaded before import = 0
Number of asset objects unloaded after import = 15
========================================================================
Received Import Request.
  Time since last request: 0.000033 seconds.
  path: Assets/Materiales/1.mat
  artifactKey: Guid(1d10c945d54e68d4fbaafa7099a92b13) Importer(2089858483,0ecaa5967403d082aa24f35e1b516d23)
Start importing Assets/Materiales/1.mat using Guid(1d10c945d54e68d4fbaafa7099a92b13) Importer(2089858483,0ecaa5967403d082aa24f35e1b516d23) [PhysX] Initialized MultithreadedTaskDispatcher with 12 workers.
 -> (artifact id: '52334819cbc47c03deb4d3d767f6d01e') in 0.024997 seconds
Number of updated asset objects reloaded before import = 0
Number of asset objects unloaded after import = 1
========================================================================
Received Import Request.
  Time since last request: 0.000033 seconds.
  path: Assets/TextMesh Pro/Resources/LineBreaking Following Characters.txt
  artifactKey: Guid(fade42e8bc714b018fac513c043d323b) Importer(2089858483,0ecaa5967403d082aa24f35e1b516d23)
Start importing Assets/TextMesh Pro/Resources/LineBreaking Following Characters.txt using Guid(fade42e8bc714b018fac513c043d323b) Importer(2089858483,0ecaa5967403d082aa24f35e1b516d23) [PhysX] Initialized MultithreadedTaskDispatcher with 12 workers.
 -> (artifact id: '653a36b9e17cc1c2b4c49355efb35413') in 0.013969 seconds
Number of updated asset objects reloaded before import = 0
Number of asset objects unloaded after import = 1
========================================================================
Received Import Request.
  Time since last request: 0.000036 seconds.
  path: Assets/G-spot_Lab/MagicEnergyVFXShaderLitePack/ShaderGraphs/SG_Wave_Lite.shadergraph
  artifactKey: Guid(e164e51df72834547bd2ff5d2903a8d7) Importer(2089858483,0ecaa5967403d082aa24f35e1b516d23)
Start importing Assets/G-spot_Lab/MagicEnergyVFXShaderLitePack/ShaderGraphs/SG_Wave_Lite.shadergraph using Guid(e164e51df72834547bd2ff5d2903a8d7) Importer(2089858483,0ecaa5967403d082aa24f35e1b516d23) [PhysX] Initialized MultithreadedTaskDispatcher with 12 workers.
 -> (artifact id: '6845b2590a03aaba10b1e31750b62f4a') in 0.181596 seconds
Number of updated asset objects reloaded before import = 0
Number of asset objects unloaded after import = 4
========================================================================
Received Import Request.
  Time since last request: 0.000029 seconds.
  path: Assets/TextMesh Pro/Examples & Extras/Scripts/VertexZoom.cs
  artifactKey: Guid(52ec835d14bd486f900952b77698b7eb) Importer(2089858483,0ecaa5967403d082aa24f35e1b516d23)
Start importing Assets/TextMesh Pro/Examples & Extras/Scripts/VertexZoom.cs using Guid(52ec835d14bd486f900952b77698b7eb) Importer(2089858483,0ecaa5967403d082aa24f35e1b516d23) [PhysX] Initialized MultithreadedTaskDispatcher with 12 workers.
 -> (artifact id: 'af48bda38c694251ac75106f6ebb850d') in 0.016015 seconds
Number of updated asset objects reloaded before import = 0
Number of asset objects unloaded after import = 1
========================================================================
Received Import Request.
  Time since last request: 0.000039 seconds.
  path: Assets/TextMesh Pro/Examples & Extras/Scripts/TextConsoleSimulator.cs
  artifactKey: Guid(43bcd35a1c0c40ccb6d472893fe2093f) Importer(2089858483,0ecaa5967403d082aa24f35e1b516d23)
Start importing Assets/TextMesh Pro/Examples & Extras/Scripts/TextConsoleSimulator.cs using Guid(43bcd35a1c0c40ccb6d472893fe2093f) Importer(2089858483,0ecaa5967403d082aa24f35e1b516d23) [PhysX] Initialized MultithreadedTaskDispatcher with 12 workers.
 -> (artifact id: '60b0e66c4cb95c464fb65281208f714b') in 0.014271 seconds
Number of updated asset objects reloaded before import = 0
Number of asset objects unloaded after import = 1
========================================================================
Received Import Request.
  Time since last request: 0.000037 seconds.
  path: Assets/TextMesh Pro/Examples & Extras/Scripts/ShaderPropAnimator.cs
  artifactKey: Guid(2787a46a4dc848c1b4b7b9307b614bfd) Importer(2089858483,0ecaa5967403d082aa24f35e1b516d23)
Start importing Assets/TextMesh Pro/Examples & Extras/Scripts/ShaderPropAnimator.cs using Guid(2787a46a4dc848c1b4b7b9307b614bfd) Importer(2089858483,0ecaa5967403d082aa24f35e1b516d23) [PhysX] Initialized MultithreadedTaskDispatcher with 12 workers.
 -> (artifact id: 'fe27dfe80111e6022422da83bf23503e') in 0.012751 seconds
Number of updated asset objects reloaded before import = 0
Number of asset objects unloaded after import = 1
========================================================================
Received Import Request.
  Time since last request: 0.000029 seconds.
  path: Assets/TextMesh Pro/Examples & Extras/Scripts/TMP_PhoneNumberValidator.cs
  artifactKey: Guid(83680ab1a69f4102ac67d1459fe76e1f) Importer(2089858483,0ecaa5967403d082aa24f35e1b516d23)
Start importing Assets/TextMesh Pro/Examples & Extras/Scripts/TMP_PhoneNumberValidator.cs using Guid(83680ab1a69f4102ac67d1459fe76e1f) Importer(2089858483,0ecaa5967403d082aa24f35e1b516d23) [PhysX] Initialized MultithreadedTaskDispatcher with 12 workers.
 -> (artifact id: 'cd5303cd343c3d5e6faccc988fb67e03') in 0.012498 seconds
Number of updated asset objects reloaded before import = 0
Number of asset objects unloaded after import = 1
========================================================================
Received Import Request.
  Time since last request: 0.000050 seconds.
  path: Assets/TextMesh Pro/Examples & Extras/Scripts/TMP_TextInfoDebugTool.cs
  artifactKey: Guid(21256c5b62f346f18640dad779911e20) Importer(2089858483,0ecaa5967403d082aa24f35e1b516d23)
Start importing Assets/TextMesh Pro/Examples & Extras/Scripts/TMP_TextInfoDebugTool.cs using Guid(21256c5b62f346f18640dad779911e20) Importer(2089858483,0ecaa5967403d082aa24f35e1b516d23) [PhysX] Initialized MultithreadedTaskDispatcher with 12 workers.
 -> (artifact id: '110b819d9bda2a5173a5aac1e379239e') in 0.012937 seconds
Number of updated asset objects reloaded before import = 0
Number of asset objects unloaded after import = 1
========================================================================
Received Import Request.
  Time since last request: 0.000029 seconds.
  path: Assets/TextMesh Pro/Examples & Extras/Scripts/Benchmark04.cs
  artifactKey: Guid(dc20866c0d5e413ab7559440e15333ae) Importer(2089858483,0ecaa5967403d082aa24f35e1b516d23)
Start importing Assets/TextMesh Pro/Examples & Extras/Scripts/Benchmark04.cs using Guid(dc20866c0d5e413ab7559440e15333ae) Importer(2089858483,0ecaa5967403d082aa24f35e1b516d23) [PhysX] Initialized MultithreadedTaskDispatcher with 12 workers.
 -> (artifact id: '05252cbf5926e846f79638e71256de1b') in 0.012567 seconds
Number of updated asset objects reloaded before import = 0
Number of asset objects unloaded after import = 1
========================================================================
Received Import Request.
  Time since last request: 0.000031 seconds.
  path: Assets/TextMesh Pro/Examples & Extras/Scripts/TeleType.cs
  artifactKey: Guid(e32c266ee6204b21a427753cb0694c81) Importer(2089858483,0ecaa5967403d082aa24f35e1b516d23)
Start importing Assets/TextMesh Pro/Examples & Extras/Scripts/TeleType.cs using Guid(e32c266ee6204b21a427753cb0694c81) Importer(2089858483,0ecaa5967403d082aa24f35e1b516d23) [PhysX] Initialized MultithreadedTaskDispatcher with 12 workers.
 -> (artifact id: 'f5c09dd62bc69344316acbba0fc8398a') in 0.013199 seconds
Number of updated asset objects reloaded before import = 0
Number of asset objects unloaded after import = 1
========================================================================
Received Import Request.
  Time since last request: 0.000034 seconds.
  path: Assets/TextMesh Pro/Examples & Extras/Scripts/VertexJitter.cs
  artifactKey: Guid(2ed57967c52645d390a89dcf8f61ba73) Importer(2089858483,0ecaa5967403d082aa24f35e1b516d23)
Start importing Assets/TextMesh Pro/Examples & Extras/Scripts/VertexJitter.cs using Guid(2ed57967c52645d390a89dcf8f61ba73) Importer(2089858483,0ecaa5967403d082aa24f35e1b516d23) [PhysX] Initialized MultithreadedTaskDispatcher with 12 workers.
 -> (artifact id: '6998668b1da8d0541c2b8af4a3fba5fb') in 0.017178 seconds
Number of updated asset objects reloaded before import = 0
Number of asset objects unloaded after import = 1
========================================================================
Received Import Request.
  Time since last request: 0.000027 seconds.
  path: Assets/TextMesh Pro/Examples & Extras/Scripts/TMP_TextSelector_B.cs
  artifactKey: Guid(a05dcd8be7ec4ccbb35c26219884aa37) Importer(2089858483,0ecaa5967403d082aa24f35e1b516d23)
Start importing Assets/TextMesh Pro/Examples & Extras/Scripts/TMP_TextSelector_B.cs using Guid(a05dcd8be7ec4ccbb35c26219884aa37) Importer(2089858483,0ecaa5967403d082aa24f35e1b516d23) [PhysX] Initialized MultithreadedTaskDispatcher with 12 workers.
 -> (artifact id: 'e2618e74956bfccdf9e0e4bf2847d697') in 0.014750 seconds
Number of updated asset objects reloaded before import = 0
Number of asset objects unloaded after import = 1
========================================================================
Received Import Request.
  Time since last request: 0.000038 seconds.
  path: Assets/TextMesh Pro/Examples & Extras/Scripts/SimpleScript.cs
  artifactKey: Guid(9eff140b25d64601aabc6ba32245d099) Importer(2089858483,0ecaa5967403d082aa24f35e1b516d23)
Start importing Assets/TextMesh Pro/Examples & Extras/Scripts/SimpleScript.cs using Guid(9eff140b25d64601aabc6ba32245d099) Importer(2089858483,0ecaa5967403d082aa24f35e1b516d23) [PhysX] Initialized MultithreadedTaskDispatcher with 12 workers.
 -> (artifact id: 'c0d2b5307095afb33bd942461f21c2c9') in 0.012824 seconds
Number of updated asset objects reloaded before import = 0
Number of asset objects unloaded after import = 1
========================================================================
Received Import Request.
  Time since last request: 0.000035 seconds.
  path: Assets/TextMesh Pro/Examples & Extras/Scripts/ObjectSpin.cs
  artifactKey: Guid(4f19c7f94c794c5097d8bd11e39c750d) Importer(2089858483,0ecaa5967403d082aa24f35e1b516d23)
Start importing Assets/TextMesh Pro/Examples & Extras/Scripts/ObjectSpin.cs using Guid(4f19c7f94c794c5097d8bd11e39c750d) Importer(2089858483,0ecaa5967403d082aa24f35e1b516d23) [PhysX] Initialized MultithreadedTaskDispatcher with 12 workers.
 -> (artifact id: 'd56d2cbd2da690b4de92c3ca3c6615e5') in 0.014264 seconds
Number of updated asset objects reloaded before import = 0
Number of asset objects unloaded after import = 1
========================================================================
Received Import Request.
  Time since last request: 0.000038 seconds.
  path: Assets/TextMesh Pro/Examples & Extras/Scripts/WarpTextExample.cs
  artifactKey: Guid(790744c462254b7ba8038e6ed28b3db2) Importer(2089858483,0ecaa5967403d082aa24f35e1b516d23)
Start importing Assets/TextMesh Pro/Examples & Extras/Scripts/WarpTextExample.cs using Guid(790744c462254b7ba8038e6ed28b3db2) Importer(2089858483,0ecaa5967403d082aa24f35e1b516d23) [PhysX] Initialized MultithreadedTaskDispatcher with 12 workers.
 -> (artifact id: '8ccdcdcace9bd116ee22a65a2f9cc01b') in 0.014009 seconds
Number of updated asset objects reloaded before import = 0
Number of asset objects unloaded after import = 1
========================================================================
Received Import Request.
  Time since last request: 0.000047 seconds.
  path: Assets/TextMesh Pro/Examples & Extras/Scenes/24 - Surface Shader Example.unity
  artifactKey: Guid(8c4969fd8ba94a68b07cf11f3e7a5137) Importer(2089858483,0ecaa5967403d082aa24f35e1b516d23)
Start importing Assets/TextMesh Pro/Examples & Extras/Scenes/24 - Surface Shader Example.unity using Guid(8c4969fd8ba94a68b07cf11f3e7a5137) Importer(2089858483,0ecaa5967403d082aa24f35e1b516d23) [PhysX] Initialized MultithreadedTaskDispatcher with 12 workers.
 -> (artifact id: 'e5551d11d32a2717b68940e3ed8faeb3') in 0.024148 seconds
Number of updated asset objects reloaded before import = 0
Number of asset objects unloaded after import = 1
========================================================================
Received Import Request.
  Time since last request: 0.000041 seconds.
  path: Assets/TextMesh Pro/Examples & Extras/Textures/Floor Cement.jpg
  artifactKey: Guid(283f897e4925411ebbaa758b4cb13fc2) Importer(2089858483,0ecaa5967403d082aa24f35e1b516d23)
Start importing Assets/TextMesh Pro/Examples & Extras/Textures/Floor Cement.jpg using Guid(283f897e4925411ebbaa758b4cb13fc2) Importer(2089858483,0ecaa5967403d082aa24f35e1b516d23) [PhysX] Initialized MultithreadedTaskDispatcher with 12 workers.
 -> (artifact id: 'c73319916dd195b07171bf9b3e5ee7ac') in 0.032128 seconds
Number of updated asset objects reloaded before import = 0
Number of asset objects unloaded after import = 1
========================================================================
Received Import Request.
  Time since last request: 0.000026 seconds.
  path: Assets/TextMesh Pro/Examples & Extras/Scripts/TMP_FrameRateCounter.cs
  artifactKey: Guid(686ec78b56aa445795335fbadafcfaa4) Importer(2089858483,0ecaa5967403d082aa24f35e1b516d23)
Start importing Assets/TextMesh Pro/Examples & Extras/Scripts/TMP_FrameRateCounter.cs using Guid(686ec78b56aa445795335fbadafcfaa4) Importer(2089858483,0ecaa5967403d082aa24f35e1b516d23) [PhysX] Initialized MultithreadedTaskDispatcher with 12 workers.
 -> (artifact id: 'dedc2539e931f27b0d8d90786242cc96') in 0.019777 seconds
Number of updated asset objects reloaded before import = 0
Number of asset objects unloaded after import = 1
========================================================================
Received Import Request.
  Time since last request: 0.000036 seconds.
  path: Assets/Scenes/SelectorNivel.unity
  artifactKey: Guid(e294ce8297c89084eb4b3ccf7b0d8a66) Importer(2089858483,0ecaa5967403d082aa24f35e1b516d23)
Start importing Assets/Scenes/SelectorNivel.unity using Guid(e294ce8297c89084eb4b3ccf7b0d8a66) Importer(2089858483,0ecaa5967403d082aa24f35e1b516d23) [PhysX] Initialized MultithreadedTaskDispatcher with 12 workers.
 -> (artifact id: '01e36ee8879735b36f74206783a529a8') in 0.011092 seconds
Number of updated asset objects reloaded before import = 0
Number of asset objects unloaded after import = 1
========================================================================
Received Import Request.
  Time since last request: 0.000029 seconds.
  path: Assets/Scripts/Juego/ObstacleSpawner.cs
  artifactKey: Guid(034281607382765489cd26aa56c4be36) Importer(2089858483,0ecaa5967403d082aa24f35e1b516d23)
Start importing Assets/Scripts/Juego/ObstacleSpawner.cs using Guid(034281607382765489cd26aa56c4be36) Importer(2089858483,0ecaa5967403d082aa24f35e1b516d23) [PhysX] Initialized MultithreadedTaskDispatcher with 12 workers.
 -> (artifact id: '2e4ec2ae864fa730dd2f7008a656dba7') in 0.013787 seconds
Number of updated asset objects reloaded before import = 0
Number of asset objects unloaded after import = 1
========================================================================
Received Import Request.
  Time since last request: 0.000029 seconds.
  path: Assets/TextMesh Pro/Examples & Extras/Fonts/Bangers.ttf
  artifactKey: Guid(5dd49b3eacc540408c98eee0de38e0f1) Importer(2089858483,0ecaa5967403d082aa24f35e1b516d23)
Start importing Assets/TextMesh Pro/Examples & Extras/Fonts/Bangers.ttf using Guid(5dd49b3eacc540408c98eee0de38e0f1) Importer(2089858483,0ecaa5967403d082aa24f35e1b516d23) [PhysX] Initialized MultithreadedTaskDispatcher with 12 workers.
 -> (artifact id: 'e58f4579db8e31d9353d63f13a9bea95') in 0.024005 seconds
Number of updated asset objects reloaded before import = 0
Number of asset objects unloaded after import = 3
========================================================================
Received Import Request.
  Time since last request: 0.000028 seconds.
  path: Assets/G-spot_Lab/MagicEnergyVFXShaderLitePack/Materials/EffectInstances/MI_Wave_Purple_02.mat
  artifactKey: Guid(f42726711cd66a144ac49c33400b42b3) Importer(2089858483,0ecaa5967403d082aa24f35e1b516d23)
Start importing Assets/G-spot_Lab/MagicEnergyVFXShaderLitePack/Materials/EffectInstances/MI_Wave_Purple_02.mat using Guid(f42726711cd66a144ac49c33400b42b3) Importer(2089858483,0ecaa5967403d082aa24f35e1b516d23) [PhysX] Initialized MultithreadedTaskDispatcher with 12 workers.
 -> (artifact id: '9f33d845ca1483ae0fecd98ee3dfcc62') in 0.019153 seconds
Number of updated asset objects reloaded before import = 0
Number of asset objects unloaded after import = 3
========================================================================
Received Import Request.
  Time since last request: 0.000033 seconds.
  path: Assets/G-spot_Lab/MagicEnergyVFXShaderLitePack/Materials/EffectInstances/MI_Flow_Purple_02.mat
  artifactKey: Guid(dc243ab5a9ef9b24d9ff74c720b71aab) Importer(2089858483,0ecaa5967403d082aa24f35e1b516d23)
Start importing Assets/G-spot_Lab/MagicEnergyVFXShaderLitePack/Materials/EffectInstances/MI_Flow_Purple_02.mat using Guid(dc243ab5a9ef9b24d9ff74c720b71aab) Importer(2089858483,0ecaa5967403d082aa24f35e1b516d23) [PhysX] Initialized MultithreadedTaskDispatcher with 12 workers.
 -> (artifact id: '2bb7ab0053d5a0ba1a8978312ba23f2c') in 0.186880 seconds
Number of updated asset objects reloaded before import = 0
Number of asset objects unloaded after import = 3
========================================================================
Received Import Request.
  Time since last request: 0.000050 seconds.
  path: Assets/G-spot_Lab/MagicEnergyVFXShaderLitePack/Materials/BaseColor/M_BaseColor_Blue_02.mat
  artifactKey: Guid(e2d51390c023feb49bd23e5441916b18) Importer(2089858483,0ecaa5967403d082aa24f35e1b516d23)
Start importing Assets/G-spot_Lab/MagicEnergyVFXShaderLitePack/Materials/BaseColor/M_BaseColor_Blue_02.mat using Guid(e2d51390c023feb49bd23e5441916b18) Importer(2089858483,0ecaa5967403d082aa24f35e1b516d23) [PhysX] Initialized MultithreadedTaskDispatcher with 12 workers.
 -> (artifact id: '4bcbd0bc33ff946dd6046758e55cbe5d') in 0.187228 seconds
Number of updated asset objects reloaded before import = 0
Number of asset objects unloaded after import = 3
========================================================================
Received Import Request.
  Time since last request: 0.000029 seconds.
  path: Assets/G-spot_Lab/MagicEnergyVFXShaderLitePack/Materials/BaseColor/M_BaseColor_Purple_01.mat
  artifactKey: Guid(2c0c54a8f469abb4ab12686e29c066b2) Importer(2089858483,0ecaa5967403d082aa24f35e1b516d23)
Start importing Assets/G-spot_Lab/MagicEnergyVFXShaderLitePack/Materials/BaseColor/M_BaseColor_Purple_01.mat using Guid(2c0c54a8f469abb4ab12686e29c066b2) Importer(2089858483,0ecaa5967403d082aa24f35e1b516d23) [PhysX] Initialized MultithreadedTaskDispatcher with 12 workers.
 -> (artifact id: 'c2e660894952e08542a0ff82ff3ec158') in 0.019622 seconds
Number of updated asset objects reloaded before import = 0
Number of asset objects unloaded after import = 3
========================================================================
Received Import Request.
  Time since last request: 0.000037 seconds.
  path: Assets/TextMesh Pro/Examples & Extras/Textures/Wipe Pattern - Circle.psd
  artifactKey: Guid(10c49fcd9c64421db7c0133e61e55f97) Importer(2089858483,0ecaa5967403d082aa24f35e1b516d23)
Start importing Assets/TextMesh Pro/Examples & Extras/Textures/Wipe Pattern - Circle.psd using Guid(10c49fcd9c64421db7c0133e61e55f97) Importer(2089858483,0ecaa5967403d082aa24f35e1b516d23) [PhysX] Initialized MultithreadedTaskDispatcher with 12 workers.
 -> (artifact id: '08ace365310fd6ee78d4a78076110094') in 0.025308 seconds
Number of updated asset objects reloaded before import = 0
Number of asset objects unloaded after import = 1
========================================================================
Received Import Request.
  Time since last request: 0.000048 seconds.
  path: Assets/TextMesh Pro/Resources/Fonts & Materials/LiberationSans SDF - Outline.mat
  artifactKey: Guid(79459efec17a4d00a321bdcc27bbc385) Importer(2089858483,0ecaa5967403d082aa24f35e1b516d23)
Start importing Assets/TextMesh Pro/Resources/Fonts & Materials/LiberationSans SDF - Outline.mat using Guid(79459efec17a4d00a321bdcc27bbc385) Importer(2089858483,0ecaa5967403d082aa24f35e1b516d23) [PhysX] Initialized MultithreadedTaskDispatcher with 12 workers.
 -> (artifact id: 'a2a9a89564e62ba496a9061022f25012') in 0.038926 seconds
Number of updated asset objects reloaded before import = 0
Number of asset objects unloaded after import = 2
========================================================================
Received Import Request.
  Time since last request: 0.000043 seconds.
  path: Assets/Suggo Creations/RETROWAVE SKIES Lite/Readme Assets/Banner/RWSLite_Logo.png
  artifactKey: Guid(f6e78cd981ce7c4449eaefda390b1c95) Importer(2089858483,0ecaa5967403d082aa24f35e1b516d23)
Start importing Assets/Suggo Creations/RETROWAVE SKIES Lite/Readme Assets/Banner/RWSLite_Logo.png using Guid(f6e78cd981ce7c4449eaefda390b1c95) Importer(2089858483,0ecaa5967403d082aa24f35e1b516d23) [PhysX] Initialized MultithreadedTaskDispatcher with 12 workers.
 -> (artifact id: '999541409a52c9e5952ad31119069b8e') in 0.027978 seconds
Number of updated asset objects reloaded before import = 0
Number of asset objects unloaded after import = 1
========================================================================
Received Import Request.
  Time since last request: 0.000031 seconds.
  path: Assets/Suggo Creations/RETROWAVE SKIES Lite/Textures/Sun Masks Textures/SunMask_StripesLite-01.png
  artifactKey: Guid(e35515429b080e64ca556493cecbc99a) Importer(2089858483,0ecaa5967403d082aa24f35e1b516d23)
Start importing Assets/Suggo Creations/RETROWAVE SKIES Lite/Textures/Sun Masks Textures/SunMask_StripesLite-01.png using Guid(e35515429b080e64ca556493cecbc99a) Importer(2089858483,0ecaa5967403d082aa24f35e1b516d23) [PhysX] Initialized MultithreadedTaskDispatcher with 12 workers.
 -> (artifact id: '371baf1adcdabe4d97295c3de26ebd08') in 0.021003 seconds
Number of updated asset objects reloaded before import = 0
Number of asset objects unloaded after import = 1
========================================================================
Received Import Request.
  Time since last request: 0.000023 seconds.
  path: Assets/Suggo Creations/RETROWAVE SKIES Lite/Shaders/Subgraphs/Worldspace UVs Lite.shadersubgraph
  artifactKey: Guid(176ffb534bb7268469c9671594b9f863) Importer(2089858483,0ecaa5967403d082aa24f35e1b516d23)
Start importing Assets/Suggo Creations/RETROWAVE SKIES Lite/Shaders/Subgraphs/Worldspace UVs Lite.shadersubgraph using Guid(176ffb534bb7268469c9671594b9f863) Importer(2089858483,0ecaa5967403d082aa24f35e1b516d23) [PhysX] Initialized MultithreadedTaskDispatcher with 12 workers.
 -> (artifact id: 'dcffd475b6c39ed00cde7145a378dfc3') in 0.019533 seconds
Number of updated asset objects reloaded before import = 0
Number of asset objects unloaded after import = 1
========================================================================
Received Import Request.
  Time since last request: 0.000047 seconds.
  path: Assets/TextMesh Pro/Examples & Extras/Resources/Fonts & Materials/Bangers SDF - Drop Shadow.mat
  artifactKey: Guid(f2dcf029949142e28b974630369c8b4e) Importer(2089858483,0ecaa5967403d082aa24f35e1b516d23)
Start importing Assets/TextMesh Pro/Examples & Extras/Resources/Fonts & Materials/Bangers SDF - Drop Shadow.mat using Guid(f2dcf029949142e28b974630369c8b4e) Importer(2089858483,0ecaa5967403d082aa24f35e1b516d23) [PhysX] Initialized MultithreadedTaskDispatcher with 12 workers.
 -> (artifact id: '15b921611a41817b31870356c8872e55') in 0.033427 seconds
Number of updated asset objects reloaded before import = 0
Number of asset objects unloaded after import = 2
========================================================================
Received Import Request.
  Time since last request: 0.000032 seconds.
  path: Assets/Suggo Creations/RETROWAVE SKIES Lite/Shaders/Subgraphs/Skybox UVs.shadersubgraph
  artifactKey: Guid(818d41f0b0d61d740a6d54eec30e1e0f) Importer(2089858483,0ecaa5967403d082aa24f35e1b516d23)
Start importing Assets/Suggo Creations/RETROWAVE SKIES Lite/Shaders/Subgraphs/Skybox UVs.shadersubgraph using Guid(818d41f0b0d61d740a6d54eec30e1e0f) Importer(2089858483,0ecaa5967403d082aa24f35e1b516d23) [PhysX] Initialized MultithreadedTaskDispatcher with 12 workers.
 -> (artifact id: '9cf125386546e4c5c96f1fdee363d3d5') in 0.018936 seconds
Number of updated asset objects reloaded before import = 0
Number of asset objects unloaded after import = 1
========================================================================
Received Import Request.
  Time since last request: 0.000052 seconds.
  path: Assets/Suggo Creations/RETROWAVE SKIES Lite/Textures/Grid Textures/Grid_Square Lite.png
  artifactKey: Guid(a7b4e545c8ad3214ea05857ed52e319a) Importer(2089858483,0ecaa5967403d082aa24f35e1b516d23)
Start importing Assets/Suggo Creations/RETROWAVE SKIES Lite/Textures/Grid Textures/Grid_Square Lite.png using Guid(a7b4e545c8ad3214ea05857ed52e319a) Importer(2089858483,0ecaa5967403d082aa24f35e1b516d23) [PhysX] Initialized MultithreadedTaskDispatcher with 12 workers.
 -> (artifact id: 'f54522b21d0804594195740e7b8996cb') in 0.017953 seconds
Number of updated asset objects reloaded before import = 0
Number of asset objects unloaded after import = 1
========================================================================
Received Import Request.
  Time since last request: 0.000053 seconds.
  path: Assets/Suggo Creations/RETROWAVE SKIES Lite/Textures/Sun Masks Textures/SunMask_SphereLite.png
  artifactKey: Guid(6c43c9f1baf912940be2ba85c0c182d9) Importer(2089858483,0ecaa5967403d082aa24f35e1b516d23)
Start importing Assets/Suggo Creations/RETROWAVE SKIES Lite/Textures/Sun Masks Textures/SunMask_SphereLite.png using Guid(6c43c9f1baf912940be2ba85c0c182d9) Importer(2089858483,0ecaa5967403d082aa24f35e1b516d23) [PhysX] Initialized MultithreadedTaskDispatcher with 12 workers.
 -> (artifact id: 'f1810a74c0908961f37fa0a5b8371baf') in 0.023246 seconds
Number of updated asset objects reloaded before import = 0
Number of asset objects unloaded after import = 1
========================================================================
Received Import Request.
  Time since last request: 0.000040 seconds.
  path: Assets/Suggo Creations/RETROWAVE SKIES Lite/Readme Assets/Scripts/ReadmeLite.cs
  artifactKey: Guid(7e7c1a769b973414a8f6d1259e07df92) Importer(2089858483,0ecaa5967403d082aa24f35e1b516d23)
Start importing Assets/Suggo Creations/RETROWAVE SKIES Lite/Readme Assets/Scripts/ReadmeLite.cs using Guid(7e7c1a769b973414a8f6d1259e07df92) Importer(2089858483,0ecaa5967403d082aa24f35e1b516d23) [PhysX] Initialized MultithreadedTaskDispatcher with 12 workers.
 -> (artifact id: 'f66d5b04a7125f75a4a05c42d1ddd300') in 0.012760 seconds
Number of updated asset objects reloaded before import = 0
Number of asset objects unloaded after import = 1
========================================================================
Received Import Request.
  Time since last request: 0.000034 seconds.
  path: Assets/TextMesh Pro/Examples & Extras/Resources/Color Gradient Presets/Light to Dark Green - Vertical.asset
  artifactKey: Guid(5cf8ae092ca54931b443bec5148f3c59) Importer(2089858483,0ecaa5967403d082aa24f35e1b516d23)
Start importing Assets/TextMesh Pro/Examples & Extras/Resources/Color Gradient Presets/Light to Dark Green - Vertical.asset using Guid(5cf8ae092ca54931b443bec5148f3c59) Importer(2089858483,0ecaa5967403d082aa24f35e1b516d23) [PhysX] Initialized MultithreadedTaskDispatcher with 12 workers.
 -> (artifact id: '13a00c309985fe964b3dece3c23cc9b9') in 0.022842 seconds
Number of updated asset objects reloaded before import = 0
Number of asset objects unloaded after import = 1
========================================================================
Received Import Request.
  Time since last request: 0.000026 seconds.
  path: Assets/TextMesh Pro/Resources/Style Sheets/Default Style Sheet.asset
  artifactKey: Guid(f952c082cb03451daed3ee968ac6c63e) Importer(2089858483,0ecaa5967403d082aa24f35e1b516d23)
Start importing Assets/TextMesh Pro/Resources/Style Sheets/Default Style Sheet.asset using Guid(f952c082cb03451daed3ee968ac6c63e) Importer(2089858483,0ecaa5967403d082aa24f35e1b516d23) [PhysX] Initialized MultithreadedTaskDispatcher with 12 workers.
 -> (artifact id: '89aa76b3ecb7f7ba8116c4d75312a327') in 0.013721 seconds
Number of updated asset objects reloaded before import = 0
Number of asset objects unloaded after import = 1
========================================================================
Received Import Request.
  Time since last request: 0.000027 seconds.
  path: Assets/TextMesh Pro/Resources/Fonts & Materials/LiberationSans SDF.asset
  artifactKey: Guid(8f586378b4e144a9851e7b34d9b748ee) Importer(2089858483,0ecaa5967403d082aa24f35e1b516d23)
Start importing Assets/TextMesh Pro/Resources/Fonts & Materials/LiberationSans SDF.asset using Guid(8f586378b4e144a9851e7b34d9b748ee) Importer(2089858483,0ecaa5967403d082aa24f35e1b516d23) [PhysX] Initialized MultithreadedTaskDispatcher with 12 workers.
 -> (artifact id: '0f814d5910ea8210da4be8427f7d9f26') in 0.047443 seconds
Number of updated asset objects reloaded before import = 0
Number of asset objects unloaded after import = 8
========================================================================
Received Import Request.
  Time since last request: 0.000028 seconds.
  path: Assets/G-spot_Lab/MagicEnergyVFXShaderLitePack/ShaderGraphs/SG_Flow_Lite.shadergraph
  artifactKey: Guid(72a5b25c8f3eb7a4da297df33ed43d94) Importer(2089858483,0ecaa5967403d082aa24f35e1b516d23)
Start importing Assets/G-spot_Lab/MagicEnergyVFXShaderLitePack/ShaderGraphs/SG_Flow_Lite.shadergraph using Guid(72a5b25c8f3eb7a4da297df33ed43d94) Importer(2089858483,0ecaa5967403d082aa24f35e1b516d23) [PhysX] Initialized MultithreadedTaskDispatcher with 12 workers.
 -> (artifact id: 'fd86614ace6ad8733c6680b0d61a9217') in 0.019882 seconds
Number of updated asset objects reloaded before import = 0
Number of asset objects unloaded after import = 4
========================================================================
Received Import Request.
  Time since last request: 0.003081 seconds.
  path: Assets/Materiales/Shaders/Pista.shadergraph
  artifactKey: Guid(cf4d91d1fbdad1d42bb9d1b4aa2245b5) Importer(2089858483,0ecaa5967403d082aa24f35e1b516d23)
Start importing Assets/Materiales/Shaders/Pista.shadergraph using Guid(cf4d91d1fbdad1d42bb9d1b4aa2245b5) Importer(2089858483,0ecaa5967403d082aa24f35e1b516d23) [PhysX] Initialized MultithreadedTaskDispatcher with 12 workers.
 -> (artifact id: '9303c9f6f9fe6718b3143797fb8b3056') in 0.016564 seconds
Number of updated asset objects reloaded before import = 0
Number of asset objects unloaded after import = 3
========================================================================
Received Import Request.
  Time since last request: 0.000034 seconds.
  path: Assets/TextMesh Pro/Examples & Extras/Textures/Mask Zig-n-Zag.psd
  artifactKey: Guid(bb8dfcd263ad4eb383a33d74a720be6f) Importer(2089858483,0ecaa5967403d082aa24f35e1b516d23)
Start importing Assets/TextMesh Pro/Examples & Extras/Textures/Mask Zig-n-Zag.psd using Guid(bb8dfcd263ad4eb383a33d74a720be6f) Importer(2089858483,0ecaa5967403d082aa24f35e1b516d23) [PhysX] Initialized MultithreadedTaskDispatcher with 12 workers.
 -> (artifact id: '22d1cdce4f773863c81fd3e05730d755') in 0.029847 seconds
Number of updated asset objects reloaded before import = 0
Number of asset objects unloaded after import = 1
========================================================================
Received Import Request.
  Time since last request: 0.000042 seconds.
  path: Assets/Modelos/Ch46_nonPBR.fbx
  artifactKey: Guid(638501573a571bf4d952b15a8950370d) Importer(2089858483,0ecaa5967403d082aa24f35e1b516d23)
Start importing Assets/Modelos/Ch46_nonPBR.fbx using Guid(638501573a571bf4d952b15a8950370d) Importer(2089858483,0ecaa5967403d082aa24f35e1b516d23) [PhysX] Initialized MultithreadedTaskDispatcher with 12 workers.
 -> (artifact id: '309ea4bf8330c2d99d386600c70c268e') in 0.043573 seconds
Number of updated asset objects reloaded before import = 0
Number of asset objects unloaded after import = 141
========================================================================
Received Import Request.
  Time since last request: 0.000029 seconds.
  path: Assets/TextMesh Pro/Examples & Extras/Resources/Fonts & Materials/Oswald Bold SDF.asset
  artifactKey: Guid(0161d805a3764c089bef00bfe00793f5) Importer(2089858483,0ecaa5967403d082aa24f35e1b516d23)
Start importing Assets/TextMesh Pro/Examples & Extras/Resources/Fonts & Materials/Oswald Bold SDF.asset using Guid(0161d805a3764c089bef00bfe00793f5) Importer(2089858483,0ecaa5967403d082aa24f35e1b516d23) [PhysX] Initialized MultithreadedTaskDispatcher with 12 workers.
 -> (artifact id: 'a9a140176d55c465e05a3dba248c0cc4') in 0.029160 seconds
Number of updated asset objects reloaded before import = 0
Number of asset objects unloaded after import = 5
========================================================================
Received Import Request.
  Time since last request: 0.000027 seconds.
  path: Assets/TextMesh Pro/Examples & Extras/Resources/Fonts & Materials/LiberationSans SDF - Soft Mask.mat
  artifactKey: Guid(42df1c7856584b6b8db9a509b6b10074) Importer(2089858483,0ecaa5967403d082aa24f35e1b516d23)
Start importing Assets/TextMesh Pro/Examples & Extras/Resources/Fonts & Materials/LiberationSans SDF - Soft Mask.mat using Guid(42df1c7856584b6b8db9a509b6b10074) Importer(2089858483,0ecaa5967403d082aa24f35e1b516d23) [PhysX] Initialized MultithreadedTaskDispatcher with 12 workers.
 -> (artifact id: 'd1dd67676fcad511d58d382f711be86d') in 0.037572 seconds
Number of updated asset objects reloaded before import = 0
Number of asset objects unloaded after import = 3
========================================================================
Received Import Request.
  Time since last request: 0.000033 seconds.
  path: Assets/TextMesh Pro/Examples & Extras/Resources/Fonts & Materials/Bangers SDF - Outline.mat
  artifactKey: Guid(f629c6e43dba4bf38cb74d8860150664) Importer(2089858483,0ecaa5967403d082aa24f35e1b516d23)
Start importing Assets/TextMesh Pro/Examples & Extras/Resources/Fonts & Materials/Bangers SDF - Outline.mat using Guid(f629c6e43dba4bf38cb74d8860150664) Importer(2089858483,0ecaa5967403d082aa24f35e1b516d23) [PhysX] Initialized MultithreadedTaskDispatcher with 12 workers.
 -> (artifact id: '3b01075f6eb8c1e80758cf6f0f6a2df1') in 0.024916 seconds
Number of updated asset objects reloaded before import = 0
Number of asset objects unloaded after import = 2
========================================================================
Received Import Request.
  Time since last request: 0.000039 seconds.
  path: Assets/TextMesh Pro/Examples & Extras/Resources/Fonts & Materials/Bangers SDF Logo.mat
  artifactKey: Guid(f4e195ac1e204eff960149d1cb34e18c) Importer(2089858483,0ecaa5967403d082aa24f35e1b516d23)
Start importing Assets/TextMesh Pro/Examples & Extras/Resources/Fonts & Materials/Bangers SDF Logo.mat using Guid(f4e195ac1e204eff960149d1cb34e18c) Importer(2089858483,0ecaa5967403d082aa24f35e1b516d23) [PhysX] Initialized MultithreadedTaskDispatcher with 12 workers.
 -> (artifact id: '8cfcb14b43801635ea8d8e4c99973011') in 0.025012 seconds
Number of updated asset objects reloaded before import = 0
Number of asset objects unloaded after import = 4
========================================================================
Received Import Request.
  Time since last request: 0.000040 seconds.
  path: Assets/TextMesh Pro/Examples & Extras/Resources/Sprite Assets/Default Sprite Asset.asset
  artifactKey: Guid(fbef3c704dce48f08a44612d6c856c8d) Importer(2089858483,0ecaa5967403d082aa24f35e1b516d23)
Start importing Assets/TextMesh Pro/Examples & Extras/Resources/Sprite Assets/Default Sprite Asset.asset using Guid(fbef3c704dce48f08a44612d6c856c8d) Importer(2089858483,0ecaa5967403d082aa24f35e1b516d23) [PhysX] Initialized MultithreadedTaskDispatcher with 12 workers.
 -> (artifact id: '89e4b8f7b898cdb50ca60d4a34bc3554') in 0.030631 seconds
Number of updated asset objects reloaded before import = 0
Number of asset objects unloaded after import = 3
========================================================================
Received Import Request.
  Time since last request: 0.000041 seconds.
  path: Assets/Suggo Creations/RETROWAVE SKIES Lite/Readme Assets/Scripts/Editor/ReadmeEditorLite.cs
  artifactKey: Guid(3d98d784cba47a74e8fdb5d607c743c2) Importer(2089858483,0ecaa5967403d082aa24f35e1b516d23)
Start importing Assets/Suggo Creations/RETROWAVE SKIES Lite/Readme Assets/Scripts/Editor/ReadmeEditorLite.cs using Guid(3d98d784cba47a74e8fdb5d607c743c2) Importer(2089858483,0ecaa5967403d082aa24f35e1b516d23) [PhysX] Initialized MultithreadedTaskDispatcher with 12 workers.
 -> (artifact id: '6a2a3c35780a8496d6f571020b86ed4f') in 0.014439 seconds
Number of updated asset objects reloaded before import = 0
Number of asset objects unloaded after import = 1
========================================================================
Received Import Request.
  Time since last request: 0.000033 seconds.
  path: Assets/TextMesh Pro/Examples & Extras/Resources/Sprite Assets/DropCap Numbers.asset
  artifactKey: Guid(14aa93acbb234d16aaef0e8b46814db6) Importer(2089858483,0ecaa5967403d082aa24f35e1b516d23)
Start importing Assets/TextMesh Pro/Examples & Extras/Resources/Sprite Assets/DropCap Numbers.asset using Guid(14aa93acbb234d16aaef0e8b46814db6) Importer(2089858483,0ecaa5967403d082aa24f35e1b516d23) [PhysX] Initialized MultithreadedTaskDispatcher with 12 workers.
 -> (artifact id: 'f2dc15c0f3b3e77b271b70aa38431a91') in 0.023916 seconds
Number of updated asset objects reloaded before import = 0
Number of asset objects unloaded after import = 3
========================================================================
Received Import Request.
  Time since last request: 0.000026 seconds.
  path: Assets/TextMesh Pro/Examples & Extras/Resources/Fonts & Materials/Bangers SDF.asset
  artifactKey: Guid(125cb55b44b24c4393181402bc6200e6) Importer(2089858483,0ecaa5967403d082aa24f35e1b516d23)
Start importing Assets/TextMesh Pro/Examples & Extras/Resources/Fonts & Materials/Bangers SDF.asset using Guid(125cb55b44b24c4393181402bc6200e6) Importer(2089858483,0ecaa5967403d082aa24f35e1b516d23) [PhysX] Initialized MultithreadedTaskDispatcher with 12 workers.
 -> (artifact id: '445d999d815c413d7e7bc87a025c8814') in 0.020990 seconds
Number of updated asset objects reloaded before import = 0
Number of asset objects unloaded after import = 5
========================================================================
Received Import Request.
  Time since last request: 0.000074 seconds.
  path: Assets/Materiales/Shaders/PistaMat.mat
  artifactKey: Guid(af29fd0ffe1ac17419b50c80d64b79d8) Importer(2089858483,0ecaa5967403d082aa24f35e1b516d23)
Start importing Assets/Materiales/Shaders/PistaMat.mat using Guid(af29fd0ffe1ac17419b50c80d64b79d8) Importer(2089858483,0ecaa5967403d082aa24f35e1b516d23) [PhysX] Initialized MultithreadedTaskDispatcher with 12 workers.
 -> (artifact id: '01022cbea23e0a5eeb362a195a58371b') in 0.013042 seconds
Number of updated asset objects reloaded before import = 0
Number of asset objects unloaded after import = 2
========================================================================
Received Import Request.
  Time since last request: 0.000030 seconds.
  path: Assets/TextMesh Pro/Examples & Extras/Scenes/17 - Old Computer Terminal.unity
  artifactKey: Guid(3e2e4d7b0bed4cf9ab827e9f32448f69) Importer(2089858483,0ecaa5967403d082aa24f35e1b516d23)
Start importing Assets/TextMesh Pro/Examples & Extras/Scenes/17 - Old Computer Terminal.unity using Guid(3e2e4d7b0bed4cf9ab827e9f32448f69) Importer(2089858483,0ecaa5967403d082aa24f35e1b516d23) [PhysX] Initialized MultithreadedTaskDispatcher with 12 workers.
 -> (artifact id: '3426cb9bc61b5a9dbf8678de8de0d82a') in 0.010740 seconds
Number of updated asset objects reloaded before import = 0
Number of asset objects unloaded after import = 1
========================================================================
Received Import Request.
  Time since last request: 0.000030 seconds.
  path: Assets/TutorialInfo/Scripts/Readme.cs
  artifactKey: Guid(fcf7219bab7fe46a1ad266029b2fee19) Importer(2089858483,0ecaa5967403d082aa24f35e1b516d23)
Start importing Assets/TutorialInfo/Scripts/Readme.cs using Guid(fcf7219bab7fe46a1ad266029b2fee19) Importer(2089858483,0ecaa5967403d082aa24f35e1b516d23) [PhysX] Initialized MultithreadedTaskDispatcher with 12 workers.
 -> (artifact id: 'c0bdfc148d62a792bc51d6b7743031c0') in 0.014930 seconds
Number of updated asset objects reloaded before import = 0
Number of asset objects unloaded after import = 1
========================================================================
Received Import Request.
  Time since last request: 0.000026 seconds.
  path: Assets/Modelos/Raton-ezgif.com-gif-to-mp4-converter.mp4
  artifactKey: Guid(39dce22283c23304a9c79b4bcc62dfff) Importer(2089858483,0ecaa5967403d082aa24f35e1b516d23)
Start importing Assets/Modelos/Raton-ezgif.com-gif-to-mp4-converter.mp4 using Guid(39dce22283c23304a9c79b4bcc62dfff) Importer(2089858483,0ecaa5967403d082aa24f35e1b516d23) [PhysX] Initialized MultithreadedTaskDispatcher with 12 workers.
 -> (artifact id: 'c1ed79f4be4b90efd4bd29f501cae16e') in 0.022971 seconds
Number of updated asset objects reloaded before import = 0
Number of asset objects unloaded after import = 1
========================================================================
Received Import Request.
  Time since last request: 0.000032 seconds.
  path: Assets/Suggo Creations/RETROWAVE SKIES Lite/Skybox Materials/Vapor_Skybox.mat
  artifactKey: Guid(a09e2e60f7cbcfb469fd9ba84e6bb618) Importer(2089858483,0ecaa5967403d082aa24f35e1b516d23)
Start importing Assets/Suggo Creations/RETROWAVE SKIES Lite/Skybox Materials/Vapor_Skybox.mat using Guid(a09e2e60f7cbcfb469fd9ba84e6bb618) Importer(2089858483,0ecaa5967403d082aa24f35e1b516d23) [PhysX] Initialized MultithreadedTaskDispatcher with 12 workers.
 -> (artifact id: 'd8db4756995a642e95806e66f6848f51') in 0.018853 seconds
Number of updated asset objects reloaded before import = 0
Number of asset objects unloaded after import = 3
========================================================================
Received Import Request.
  Time since last request: 0.000024 seconds.
  path: Assets/Suggo Creations/RETROWAVE SKIES Lite/Skybox Materials/Orange_Skybox.mat
  artifactKey: Guid(bc956c2a94277984ab315b9e44015434) Importer(2089858483,0ecaa5967403d082aa24f35e1b516d23)
Start importing Assets/Suggo Creations/RETROWAVE SKIES Lite/Skybox Materials/Orange_Skybox.mat using Guid(bc956c2a94277984ab315b9e44015434) Importer(2089858483,0ecaa5967403d082aa24f35e1b516d23) [PhysX] Initialized MultithreadedTaskDispatcher with 12 workers.
 -> (artifact id: 'b538d10649bec54791977016d6b8c957') in 0.017778 seconds
Number of updated asset objects reloaded before import = 0
Number of asset objects unloaded after import = 3
========================================================================
Received Import Request.
  Time since last request: 0.000030 seconds.
  path: Assets/TextMesh Pro/Examples & Extras/Prefabs/Text Popup.prefab
  artifactKey: Guid(b06f0e6c1dfa4356ac918da1bb32c603) Importer(2089858483,0ecaa5967403d082aa24f35e1b516d23)
Start importing Assets/TextMesh Pro/Examples & Extras/Prefabs/Text Popup.prefab using Guid(b06f0e6c1dfa4356ac918da1bb32c603) Importer(2089858483,0ecaa5967403d082aa24f35e1b516d23) [PhysX] Initialized MultithreadedTaskDispatcher with 12 workers.
 -> (artifact id: 'a553c19f8c772b576460e565008824d5') in 0.061748 seconds
Number of updated asset objects reloaded before import = 0
Number of asset objects unloaded after import = 21
========================================================================
Received Import Request.
  Time since last request: 0.000085 seconds.
  path: Assets/TextMesh Pro/Resources/Sprite Assets/EmojiOne.asset
  artifactKey: Guid(c41005c129ba4d66911b75229fd70b45) Importer(2089858483,0ecaa5967403d082aa24f35e1b516d23)
Start importing Assets/TextMesh Pro/Resources/Sprite Assets/EmojiOne.asset using Guid(c41005c129ba4d66911b75229fd70b45) Importer(2089858483,0ecaa5967403d082aa24f35e1b516d23) [PhysX] Initialized MultithreadedTaskDispatcher with 12 workers.
 -> (artifact id: 'b7daf4163d8711f93e12357286bcda1d') in 0.015874 seconds
Number of updated asset objects reloaded before import = 0
Number of asset objects unloaded after import = 3
========================================================================
Received Import Request.
  Time since last request: 0.000027 seconds.
  path: Assets/G-spot_Lab/MagicEnergyVFXShaderLitePack/Materials/BaseColor/M_BaseColor_Blue_01.mat
  artifactKey: Guid(9f01fa06e0d1c0141818215bc2e9f93b) Importer(2089858483,0ecaa5967403d082aa24f35e1b516d23)
Start importing Assets/G-spot_Lab/MagicEnergyVFXShaderLitePack/Materials/BaseColor/M_BaseColor_Blue_01.mat using Guid(9f01fa06e0d1c0141818215bc2e9f93b) Importer(2089858483,0ecaa5967403d082aa24f35e1b516d23) [PhysX] Initialized MultithreadedTaskDispatcher with 12 workers.
 -> (artifact id: '36530f3b2476d0f6fb67bb21dffac5b0') in 0.018830 seconds
Number of updated asset objects reloaded before import = 0
Number of asset objects unloaded after import = 3
========================================================================
Received Import Request.
  Time since last request: 0.000026 seconds.
  path: Assets/TextMesh Pro/Examples & Extras/Scripts/Benchmark03.cs
  artifactKey: Guid(a73109742c8d47ac822895a473300c29) Importer(2089858483,0ecaa5967403d082aa24f35e1b516d23)
Start importing Assets/TextMesh Pro/Examples & Extras/Scripts/Benchmark03.cs using Guid(a73109742c8d47ac822895a473300c29) Importer(2089858483,0ecaa5967403d082aa24f35e1b516d23) [PhysX] Initialized MultithreadedTaskDispatcher with 12 workers.
 -> (artifact id: 'd0c866af0a10efe3fa2e6ee07a6034c8') in 0.011552 seconds
Number of updated asset objects reloaded before import = 0
Number of asset objects unloaded after import = 1
========================================================================
Received Import Request.
  Time since last request: 0.000030 seconds.
  path: Assets/Suggo Creations/RETROWAVE SKIES Lite/Shaders/Includes/MainLight.hlsl
  artifactKey: Guid(d8ff3a33b255abf4fb6d14d5cd8eccab) Importer(2089858483,0ecaa5967403d082aa24f35e1b516d23)
Start importing Assets/Suggo Creations/RETROWAVE SKIES Lite/Shaders/Includes/MainLight.hlsl using Guid(d8ff3a33b255abf4fb6d14d5cd8eccab) Importer(2089858483,0ecaa5967403d082aa24f35e1b516d23) [PhysX] Initialized MultithreadedTaskDispatcher with 12 workers.
 -> (artifact id: '49ffcfd6c17dd84d2bee43646d24c1fa') in 0.011851 seconds
Number of updated asset objects reloaded before import = 0
Number of asset objects unloaded after import = 1
========================================================================
Received Import Request.
  Time since last request: 0.000030 seconds.
  path: Assets/TextMesh Pro/Examples & Extras/Textures/Text Overflow - Linked Text UI Screenshot.png
  artifactKey: Guid(c76d18757a194d618355f05f815cb0a1) Importer(2089858483,0ecaa5967403d082aa24f35e1b516d23)
Start importing Assets/TextMesh Pro/Examples & Extras/Textures/Text Overflow - Linked Text UI Screenshot.png using Guid(c76d18757a194d618355f05f815cb0a1) Importer(2089858483,0ecaa5967403d082aa24f35e1b516d23) [PhysX] Initialized MultithreadedTaskDispatcher with 12 workers.
 -> (artifact id: '73b58044a68a19d46cd7ab39c020ba07') in 0.028001 seconds
Number of updated asset objects reloaded before import = 0
Number of asset objects unloaded after import = 1
========================================================================
Received Import Request.
  Time since last request: 0.000028 seconds.
  path: Assets/TextMesh Pro/Examples & Extras/Scripts/TextMeshSpawner.cs
  artifactKey: Guid(76c11bbcfddf44e0ba17d6c2751c8d84) Importer(2089858483,0ecaa5967403d082aa24f35e1b516d23)
Start importing Assets/TextMesh Pro/Examples & Extras/Scripts/TextMeshSpawner.cs using Guid(76c11bbcfddf44e0ba17d6c2751c8d84) Importer(2089858483,0ecaa5967403d082aa24f35e1b516d23) [PhysX] Initialized MultithreadedTaskDispatcher with 12 workers.
 -> (artifact id: 'b797c5001e909b824683dfd6b9e4fe73') in 0.017279 seconds
Number of updated asset objects reloaded before import = 0
Number of asset objects unloaded after import = 1
========================================================================
Received Import Request.
  Time since last request: 0.000033 seconds.
  path: Assets/Modelos/Baked_Cuerpo.png
  artifactKey: Guid(a6542d5b07f173a45a8b473f95444740) Importer(2089858483,0ecaa5967403d082aa24f35e1b516d23)
Start importing Assets/Modelos/Baked_Cuerpo.png using Guid(a6542d5b07f173a45a8b473f95444740) Importer(2089858483,0ecaa5967403d082aa24f35e1b516d23) [PhysX] Initialized MultithreadedTaskDispatcher with 12 workers.
 -> (artifact id: '189abba24c5db1bac02391f545bc65d5') in 0.022099 seconds
Number of updated asset objects reloaded before import = 0
Number of asset objects unloaded after import = 1
========================================================================
Received Import Request.
  Time since last request: 0.000027 seconds.
  path: Assets/Prefabs/ObstÃ¡culo.prefab
  artifactKey: Guid(03b78d4b2cbd78741803df5103cae2e5) Importer(2089858483,0ecaa5967403d082aa24f35e1b516d23)
Start importing Assets/Prefabs/ObstÃ¡culo.prefab using Guid(03b78d4b2cbd78741803df5103cae2e5) Importer(2089858483,0ecaa5967403d082aa24f35e1b516d23) [PhysX] Initialized MultithreadedTaskDispatcher with 12 workers.
 -> (artifact id: 'b35a62e3f336297a5e08ee777e27f6d0') in 0.029209 seconds
Number of updated asset objects reloaded before import = 0
Number of asset objects unloaded after import = 18
========================================================================
Received Import Request.
  Time since last request: 0.000032 seconds.
  path: Assets/Suggo Creations/RETROWAVE SKIES Lite/Shaders/Grid Lite.shadergraph
  artifactKey: Guid(d74fa11638a8c1f40afcf08bafbadad0) Importer(2089858483,0ecaa5967403d082aa24f35e1b516d23)
Start importing Assets/Suggo Creations/RETROWAVE SKIES Lite/Shaders/Grid Lite.shadergraph using Guid(d74fa11638a8c1f40afcf08bafbadad0) Importer(2089858483,0ecaa5967403d082aa24f35e1b516d23) [PhysX] Initialized MultithreadedTaskDispatcher with 12 workers.
 -> (artifact id: 'a83b9a6cfbc34e90c47eb6b394a2fcd5') in 0.189089 seconds
Number of updated asset objects reloaded before import = 0
Number of asset objects unloaded after import = 3
========================================================================
Received Import Request.
  Time since last request: 0.000053 seconds.
  path: Assets/TextMesh Pro/Shaders/TMPro_Properties.cginc
  artifactKey: Guid(3997e2241185407d80309a82f9148466) Importer(2089858483,0ecaa5967403d082aa24f35e1b516d23)
Start importing Assets/TextMesh Pro/Shaders/TMPro_Properties.cginc using Guid(3997e2241185407d80309a82f9148466) Importer(2089858483,0ecaa5967403d082aa24f35e1b516d23) [PhysX] Initialized MultithreadedTaskDispatcher with 12 workers.
 -> (artifact id: '66e0b04bf7995bc972bef5af1aa6e9fe') in 0.021184 seconds
Number of updated asset objects reloaded before import = 0
Number of asset objects unloaded after import = 1
========================================================================
Received Import Request.
  Time since last request: 0.000032 seconds.
  path: Assets/G-spot_Lab/DemoScene.unity
  artifactKey: Guid(8df35e621d9a13648b786c92ea644c4b) Importer(2089858483,0ecaa5967403d082aa24f35e1b516d23)
Start importing Assets/G-spot_Lab/DemoScene.unity using Guid(8df35e621d9a13648b786c92ea644c4b) Importer(2089858483,0ecaa5967403d082aa24f35e1b516d23) [PhysX] Initialized MultithreadedTaskDispatcher with 12 workers.
 -> (artifact id: '8f39ec79e5db3f9bbdd40944a33d2dab') in 0.011035 seconds
Number of updated asset objects reloaded before import = 0
Number of asset objects unloaded after import = 1
========================================================================
Received Import Request.
  Time since last request: 0.000024 seconds.
  path: Assets/TextMesh Pro/Fonts/LiberationSans - OFL.txt
  artifactKey: Guid(6e59c59b81ab47f9b6ec5781fa725d2c) Importer(2089858483,0ecaa5967403d082aa24f35e1b516d23)
Start importing Assets/TextMesh Pro/Fonts/LiberationSans - OFL.txt using Guid(6e59c59b81ab47f9b6ec5781fa725d2c) Importer(2089858483,0ecaa5967403d082aa24f35e1b516d23) [PhysX] Initialized MultithreadedTaskDispatcher with 12 workers.
 -> (artifact id: '008d24ab88410efde5c97adc18031b33') in 0.026352 seconds
Number of updated asset objects reloaded before import = 0
Number of asset objects unloaded after import = 1
========================================================================
Received Import Request.
  Time since last request: 0.000035 seconds.
  path: Assets/TextMesh Pro/Examples & Extras/Scenes/19 - Masking Texture & Soft Mask.unity
  artifactKey: Guid(9abcd5bd764646568a6ea70d00f9264c) Importer(2089858483,0ecaa5967403d082aa24f35e1b516d23)
Start importing Assets/TextMesh Pro/Examples & Extras/Scenes/19 - Masking Texture & Soft Mask.unity using Guid(9abcd5bd764646568a6ea70d00f9264c) Importer(2089858483,0ecaa5967403d082aa24f35e1b516d23) [PhysX] Initialized MultithreadedTaskDispatcher with 12 workers.
 -> (artifact id: '583758298ddb12cdba346b37be7ad11a') in 0.010904 seconds
Number of updated asset objects reloaded before import = 0
Number of asset objects unloaded after import = 1
========================================================================
Received Import Request.
  Time since last request: 0.000038 seconds.
  path: Assets/G-spot_Lab/MagicEnergyVFXShaderLitePack/ShaderGraphs/SG_BaseColor_Lite.shadergraph
  artifactKey: Guid(c36a5a45e9eadf84e81b3763187f5957) Importer(2089858483,0ecaa5967403d082aa24f35e1b516d23)
Start importing Assets/G-spot_Lab/MagicEnergyVFXShaderLitePack/ShaderGraphs/SG_BaseColor_Lite.shadergraph using Guid(c36a5a45e9eadf84e81b3763187f5957) Importer(2089858483,0ecaa5967403d082aa24f35e1b516d23) [PhysX] Initialized MultithreadedTaskDispatcher with 12 workers.
 -> (artifact id: '6dfce6a63bdbe1d79584c515f107eb57') in 0.019830 seconds
Number of updated asset objects reloaded before import = 0
Number of asset objects unloaded after import = 4
========================================================================
Received Import Request.
  Time since last request: 0.000026 seconds.
  path: Assets/Suggo Creations/RETROWAVE SKIES Lite/README.asset
  artifactKey: Guid(9e82daf5ed3d5f3418d43129cd0d75da) Importer(2089858483,0ecaa5967403d082aa24f35e1b516d23)
Start importing Assets/Suggo Creations/RETROWAVE SKIES Lite/README.asset using Guid(9e82daf5ed3d5f3418d43129cd0d75da) Importer(2089858483,0ecaa5967403d082aa24f35e1b516d23) [PhysX] Initialized MultithreadedTaskDispatcher with 12 workers.
 -> (artifact id: 'e1c175eaf863d4d6b14fc7f59a7034a9') in 0.015025 seconds
Number of updated asset objects reloaded before import = 0
Number of asset objects unloaded after import = 2
========================================================================
Received Import Request.
  Time since last request: 0.000031 seconds.
  path: Assets/TextMesh Pro/Examples & Extras/Scenes/16 - Linked text overflow mode example.unity
  artifactKey: Guid(9442cda25baa4a0bb544c4d095b00caa) Importer(2089858483,0ecaa5967403d082aa24f35e1b516d23)
Start importing Assets/TextMesh Pro/Examples & Extras/Scenes/16 - Linked text overflow mode example.unity using Guid(9442cda25baa4a0bb544c4d095b00caa) Importer(2089858483,0ecaa5967403d082aa24f35e1b516d23) [PhysX] Initialized MultithreadedTaskDispatcher with 12 workers.
 -> (artifact id: '35e55721441b04a41b8405c89c55341f') in 0.011152 seconds
Number of updated asset objects reloaded before import = 0
Number of asset objects unloaded after import = 1
========================================================================
Received Import Request.
  Time since last request: 0.000032 seconds.
  path: Assets/TextMesh Pro/Examples & Extras/Scripts/VertexShakeA.cs
  artifactKey: Guid(f7cfa58e417a46ea8889989684c2522e) Importer(2089858483,0ecaa5967403d082aa24f35e1b516d23)
Start importing Assets/TextMesh Pro/Examples & Extras/Scripts/VertexShakeA.cs using Guid(f7cfa58e417a46ea8889989684c2522e) Importer(2089858483,0ecaa5967403d082aa24f35e1b516d23) [PhysX] Initialized MultithreadedTaskDispatcher with 12 workers.
 -> (artifact id: 'cf9904c44c82e9e24cdeacb6a2d6a5e3') in 0.014481 seconds
Number of updated asset objects reloaded before import = 0
Number of asset objects unloaded after import = 1
========================================================================
Received Import Request.
  Time since last request: 0.000032 seconds.
  path: Assets/Modelos/Animaciones+/Snatch.fbx
  artifactKey: Guid(37c0e07a1e525e640b6a869de934fa3c) Importer(2089858483,0ecaa5967403d082aa24f35e1b516d23)
Start importing Assets/Modelos/Animaciones+/Snatch.fbx using Guid(37c0e07a1e525e640b6a869de934fa3c) Importer(2089858483,0ecaa5967403d082aa24f35e1b516d23) [PhysX] Initialized MultithreadedTaskDispatcher with 12 workers.
 -> (artifact id: '7cde73e4850d872013ff94b8b5873dbc') in 0.031274 seconds
Number of updated asset objects reloaded before import = 0
Number of asset objects unloaded after import = 137
========================================================================
Received Import Request.
  Time since last request: 0.000029 seconds.
  path: Assets/G-spot_Lab/MagicEnergyVFXShaderLitePack/Textures/T_MagicEnergy_Blue_02.png
  artifactKey: Guid(3e27868b8260cdd43b3d43511168e94c) Importer(2089858483,0ecaa5967403d082aa24f35e1b516d23)
Start importing Assets/G-spot_Lab/MagicEnergyVFXShaderLitePack/Textures/T_MagicEnergy_Blue_02.png using Guid(3e27868b8260cdd43b3d43511168e94c) Importer(2089858483,0ecaa5967403d082aa24f35e1b516d23) [PhysX] Initialized MultithreadedTaskDispatcher with 12 workers.
 -> (artifact id: '7506c48a324eab6620e487668847e6b4') in 0.021473 seconds
Number of updated asset objects reloaded before import = 0
Number of asset objects unloaded after import = 1
========================================================================
Received Import Request.
  Time since last request: 0.000032 seconds.
  path: Assets/TextMesh Pro/Examples & Extras/Fonts/Oswald-Bold - OFL.txt
  artifactKey: Guid(d2cf87a8a7a94aa8b80dff1c807c1178) Importer(2089858483,0ecaa5967403d082aa24f35e1b516d23)
Start importing Assets/TextMesh Pro/Examples & Extras/Fonts/Oswald-Bold - OFL.txt using Guid(d2cf87a8a7a94aa8b80dff1c807c1178) Importer(2089858483,0ecaa5967403d082aa24f35e1b516d23) [PhysX] Initialized MultithreadedTaskDispatcher with 12 workers.
 -> (artifact id: '2e379f638e731bc0b8bd4954ecd1540a') in 0.020240 seconds
Number of updated asset objects reloaded before import = 0
Number of asset objects unloaded after import = 1
========================================================================
Received Import Request.
  Time since last request: 0.000028 seconds.
  path: Assets/G-spot_Lab/MagicEnergyVFXShaderLitePack/Documentation/SG_Wave_Lite.pdf
  artifactKey: Guid(f93659875fd24684699ce99da46b5cd5) Importer(2089858483,0ecaa5967403d082aa24f35e1b516d23)
Start importing Assets/G-spot_Lab/MagicEnergyVFXShaderLitePack/Documentation/SG_Wave_Lite.pdf using Guid(f93659875fd24684699ce99da46b5cd5) Importer(2089858483,0ecaa5967403d082aa24f35e1b516d23) [PhysX] Initialized MultithreadedTaskDispatcher with 12 workers.
 -> (artifact id: '6b6687b91b0da483b1d54361cfc56892') in 0.010745 seconds
Number of updated asset objects reloaded before import = 0
Number of asset objects unloaded after import = 1
========================================================================
Received Import Request.
  Time since last request: 0.000026 seconds.
  path: Assets/Beatmaps/Nivel 1_Normal.asset
  artifactKey: Guid(c3bbe05eaa81b4b4fb06cfcf0eef08e9) Importer(2089858483,0ecaa5967403d082aa24f35e1b516d23)
Start importing Assets/Beatmaps/Nivel 1_Normal.asset using Guid(c3bbe05eaa81b4b4fb06cfcf0eef08e9) Importer(2089858483,0ecaa5967403d082aa24f35e1b516d23) [PhysX] Initialized MultithreadedTaskDispatcher with 12 workers.
 -> (artifact id: '4e7b6cb2c4cd9c57a397071c23110f9f') in 0.023478 seconds
Number of updated asset objects reloaded before import = 0
Number of asset objects unloaded after import = 2
========================================================================
Received Import Request.
  Time since last request: 0.000028 seconds.
  path: Assets/TextMesh Pro/Examples & Extras/Scripts/TMP_TextEventHandler.cs
  artifactKey: Guid(1312ae25639a4bae8e25ae223209cc50) Importer(2089858483,0ecaa5967403d082aa24f35e1b516d23)
Start importing Assets/TextMesh Pro/Examples & Extras/Scripts/TMP_TextEventHandler.cs using Guid(1312ae25639a4bae8e25ae223209cc50) Importer(2089858483,0ecaa5967403d082aa24f35e1b516d23) [PhysX] Initialized MultithreadedTaskDispatcher with 12 workers.
 -> (artifact id: '62f1b0e69fce50898011c5e8ed7f6493') in 0.016765 seconds
Number of updated asset objects reloaded before import = 0
Number of asset objects unloaded after import = 1
========================================================================
Received Import Request.
  Time since last request: 122.915162 seconds.
  path: Assets/Scenes/Nivel1/ReflectionProbe-0.exr
  artifactKey: Guid(602a367e07438004c956fde2465e14c3) Importer(2089858483,0ecaa5967403d082aa24f35e1b516d23)
Start importing Assets/Scenes/Nivel1/ReflectionProbe-0.exr using Guid(602a367e07438004c956fde2465e14c3) Importer(2089858483,0ecaa5967403d082aa24f35e1b516d23) [PhysX] Initialized MultithreadedTaskDispatcher with 12 workers.
 -> (artifact id: '82fd35bcf36b2c3be0e809554151d9bb') in 0.017701 seconds
Number of updated asset objects reloaded before import = 0
Number of asset objects unloaded after import = 1
========================================================================
Received Prepare
Caller must complete domain reload
Begin MonoManager ReloadAssembly
- Loaded All Assemblies, in  0.525 seconds
Native extension for WindowsStandalone target not found
Native extension for Android target not found
Mono: successfully reloaded assembly
- Finished resetting the current domain, in  1.340 seconds
Domain Reload Profiling: 1861ms
	BeginReloadAssembly (184ms)
		ExecutionOrderSort (0ms)
		DisableScriptedObjects (10ms)
		BackupInstance (0ms)
		ReleaseScriptingObjects (0ms)
		CreateAndSetChildDomain (56ms)
	RebuildCommonClasses (30ms)
	RebuildNativeTypeToScriptingClass (8ms)
	initialDomainReloadingComplete (31ms)
	LoadAllAssembliesAndSetupDomain (267ms)
		LoadAssemblies (335ms)
		RebuildTransferFunctionScriptingTraits (0ms)
		AnalyzeDomain (20ms)
			TypeCache.Refresh (8ms)
				TypeCache.ScanAssembly (0ms)
			ScanForSourceGeneratedMonoScriptInfo (0ms)
			ResolveRequiredComponents (10ms)
	FinalizeReload (1341ms)
		ReleaseScriptCaches (0ms)
		RebuildScriptCaches (0ms)
		SetupLoadedEditorAssemblies (471ms)
			LogAssemblyErrors (0ms)
			InitializePlatformSupportModulesInManaged (22ms)
			SetLoadedEditorAssemblies (4ms)
			RefreshPlugins (0ms)
			BeforeProcessingInitializeOnLoad (85ms)
			ProcessInitializeOnLoadAttributes (288ms)
			ProcessInitializeOnLoadMethodAttributes (64ms)
			AfterProcessingInitializeOnLoad (10ms)
			EditorAssembliesLoaded (0ms)
		ExecutionOrderSort2 (0ms)
		AwakeInstancesAfterBackupRestoration (20ms)
Refreshing native plugins compatible for Editor in 8.12 ms, found 4 plugins.
Preloading 0 native plugins for Editor in 0.00 ms.
Unloading 5192 Unused Serialized files (Serialized files now loaded: 0)
Unloading 23 unused Assets / (318.4 KB). Loaded Objects now: 6003.
Memory consumption went from 192.0 MB to 191.7 MB.
Total: 4.263400 ms (FindLiveObjects: 0.537000 ms CreateObjectMapping: 0.416400 ms MarkObjects: 3.123700 ms  DeleteObjects: 0.185100 ms)

Prepare: number of updated asset objects reloaded= 0
AssetImportParameters requested are different than current active one (requested -> active):
  custom:container-demuxer-ogg: 62fdf1f143b41e24485cea50d1cbac27 -> 
  custom:video-decoder-ogg-theora: a1e56fd34408186e4bbccfd4996cb3dc -> 
  custom:framework-win-MediaFoundation: 216162199b28c13a410421893ffa2e32 -> 
  custom:scripting/monoscript/fileName/GetGlobalMatrixLite.cs: d68b8cc2467eb692c568a9afbf1e1cf3 -> 
  custom:CustomObjectIndexerAttribute: 72b91833f83ae208fae7752999fa3104 -> 
  custom:container-demuxer-webm: 4f35f7cbe854078d1ac9338744f61a02 -> 
  custom:container-muxer-webm: aa71ff27fc2769a1b78a27578f13a17b -> 
  custom:video-decoder-webm-vp8: 9c59270c3fd7afecdb556c50c9e8de78 -> 
  custom:SearchIndexIgnoredProperties: e643bd26f0fe6173181afceb89e7c659 -> 
  custom:AudioImporter_EditorPlatform: d09bf68614088b80899f8185d706f6e7 -> 
  custom:video-encoder-webm-vp8: eb34c28f22e8b96e1ab97ce403110664 -> 
  custom:audio-decoder-ogg-vorbis: bf7c407c2cedff20999df2af8eb42d56 -> 
  custom:scripting/monoscript/fileName/ReadmeLite.cs: bcf610c110b08ae53900f9124d5a74fc -> 
  custom:audio-encoder-webm-vorbis: bf7c407c2cedff20999df2af8eb42d56 -> 
  custom:scripting/precompiled-assembly-types:Assembly-CSharp-Editor: 36092ecda43647c847bb7615a1289261 -> aca7125a3389c5f4127a11b74e5e93cb
  custom:scripting/monoscript/fileName/ReadmeEditorLite.cs: 046d1d9742b893afd64dcb281deae780 -> 
  custom:scripting/precompiled-assembly-types:Assembly-CSharp: 59dcabc6474b15fce3eca524e73c35c5 -> 733cbc0d8ce40fadb6dfbcc361aac392
========================================================================
Received Prepare
Caller must complete domain reload
Begin MonoManager ReloadAssembly
- Loaded All Assemblies, in  0.519 seconds
Native extension for WindowsStandalone target not found
Native extension for Android target not found
Mono: successfully reloaded assembly
- Finished resetting the current domain, in  1.349 seconds
Domain Reload Profiling: 1864ms
	BeginReloadAssembly (153ms)
		ExecutionOrderSort (0ms)
		DisableScriptedObjects (5ms)
		BackupInstance (0ms)
		ReleaseScriptingObjects (0ms)
		CreateAndSetChildDomain (34ms)
	RebuildCommonClasses (35ms)
	RebuildNativeTypeToScriptingClass (8ms)
	initialDomainReloadingComplete (33ms)
	LoadAllAssembliesAndSetupDomain (285ms)
		LoadAssemblies (345ms)
		RebuildTransferFunctionScriptingTraits (0ms)
		AnalyzeDomain (22ms)
			TypeCache.Refresh (9ms)
				TypeCache.ScanAssembly (0ms)
			ScanForSourceGeneratedMonoScriptInfo (0ms)
			ResolveRequiredComponents (11ms)
	FinalizeReload (1350ms)
		ReleaseScriptCaches (0ms)
		RebuildScriptCaches (0ms)
		SetupLoadedEditorAssemblies (493ms)
			LogAssemblyErrors (0ms)
			InitializePlatformSupportModulesInManaged (21ms)
			SetLoadedEditorAssemblies (4ms)
			RefreshPlugins (0ms)
			BeforeProcessingInitializeOnLoad (96ms)
			ProcessInitializeOnLoadAttributes (300ms)
			ProcessInitializeOnLoadMethodAttributes (63ms)
			AfterProcessingInitializeOnLoad (10ms)
			EditorAssembliesLoaded (0ms)
		ExecutionOrderSort2 (0ms)
		AwakeInstancesAfterBackupRestoration (20ms)
Refreshing native plugins compatible for Editor in 7.73 ms, found 4 plugins.
Preloading 0 native plugins for Editor in 0.00 ms.
Unloading 5186 Unused Serialized files (Serialized files now loaded: 0)
Unloading 22 unused Assets / (317.7 KB). Loaded Objects now: 6008.
Memory consumption went from 190.3 MB to 190.0 MB.
Total: 4.193900 ms (FindLiveObjects: 0.466400 ms CreateObjectMapping: 0.381600 ms MarkObjects: 3.222400 ms  DeleteObjects: 0.122600 ms)

Prepare: number of updated asset objects reloaded= 0
AssetImportParameters requested are different than current active one (requested -> active):
  custom:container-demuxer-ogg: 62fdf1f143b41e24485cea50d1cbac27 -> 
  custom:video-decoder-ogg-theora: a1e56fd34408186e4bbccfd4996cb3dc -> 
  custom:framework-win-MediaFoundation: 216162199b28c13a410421893ffa2e32 -> 
  custom:scripting/monoscript/fileName/GetGlobalMatrixLite.cs: d68b8cc2467eb692c568a9afbf1e1cf3 -> 
  custom:CustomObjectIndexerAttribute: 72b91833f83ae208fae7752999fa3104 -> 
  custom:container-demuxer-webm: 4f35f7cbe854078d1ac9338744f61a02 -> 
  custom:container-muxer-webm: aa71ff27fc2769a1b78a27578f13a17b -> 
  custom:video-decoder-webm-vp8: 9c59270c3fd7afecdb556c50c9e8de78 -> 
  custom:SearchIndexIgnoredProperties: e643bd26f0fe6173181afceb89e7c659 -> 
  custom:AudioImporter_EditorPlatform: d09bf68614088b80899f8185d706f6e7 -> 
  custom:video-encoder-webm-vp8: eb34c28f22e8b96e1ab97ce403110664 -> 
  custom:audio-decoder-ogg-vorbis: bf7c407c2cedff20999df2af8eb42d56 -> 
  custom:scripting/monoscript/fileName/ReadmeLite.cs: bcf610c110b08ae53900f9124d5a74fc -> 
  custom:audio-encoder-webm-vorbis: bf7c407c2cedff20999df2af8eb42d56 -> 
  custom:scripting/precompiled-assembly-types:Assembly-CSharp-Editor: 36092ecda43647c847bb7615a1289261 -> aca7125a3389c5f4127a11b74e5e93cb
  custom:scripting/monoscript/fileName/ReadmeEditorLite.cs: 046d1d9742b893afd64dcb281deae780 -> 
  custom:scripting/precompiled-assembly-types:Assembly-CSharp: 59dcabc6474b15fce3eca524e73c35c5 -> 733cbc0d8ce40fadb6dfbcc361aac392
========================================================================
Received Import Request.
  Time since last request: 291.397147 seconds.
  path: Assets/Suggo Creations/RETROWAVE SKIES Lite/Shaders/Includes/MainLight.hlsl
  artifactKey: Guid(d8ff3a33b255abf4fb6d14d5cd8eccab) Importer(815301076,1909f56bfc062723c751e8b465ee728b)
Start importing Assets/Suggo Creations/RETROWAVE SKIES Lite/Shaders/Includes/MainLight.hlsl using Guid(d8ff3a33b255abf4fb6d14d5cd8eccab) Importer(815301076,1909f56bfc062723c751e8b465ee728b) [PhysX] Initialized MultithreadedTaskDispatcher with 12 workers.
 -> (artifact id: 'd994b3d56f40550882a73fe57b7f7ef0') in 0.020263 seconds
Number of updated asset objects reloaded before import = 0
Number of asset objects unloaded after import = 1
========================================================================
Received Import Request.
  Time since last request: 14.511768 seconds.
  path: Assets/Suggo Creations/RETROWAVE SKIES Lite/Demo Scenes/Scene Assets/RetrowaveSkiesLiteSceneProfile.asset
  artifactKey: Guid(7f58427047d65984b93ea782e9748c7d) Importer(815301076,1909f56bfc062723c751e8b465ee728b)
Start importing Assets/Suggo Creations/RETROWAVE SKIES Lite/Demo Scenes/Scene Assets/RetrowaveSkiesLiteSceneProfile.asset using Guid(7f58427047d65984b93ea782e9748c7d) Importer(815301076,1909f56bfc062723c751e8b465ee728b) [PhysX] Initialized MultithreadedTaskDispatcher with 12 workers.
 -> (artifact id: '477d96d7dedd29cfdf859f6e2333486b') in 0.002520 seconds
Number of updated asset objects reloaded before import = 0
Number of asset objects unloaded after import = 5
========================================================================
Received Import Request.
  Time since last request: 27.407076 seconds.
  path: Assets/Suggo Creations/RETROWAVE SKIES Lite/Textures/Sun Masks Textures/SunMask_SphereLite.png
  artifactKey: Guid(6c43c9f1baf912940be2ba85c0c182d9) Importer(815301076,1909f56bfc062723c751e8b465ee728b)
Start importing Assets/Suggo Creations/RETROWAVE SKIES Lite/Textures/Sun Masks Textures/SunMask_SphereLite.png using Guid(6c43c9f1baf912940be2ba85c0c182d9) Importer(815301076,1909f56bfc062723c751e8b465ee728b) [PhysX] Initialized MultithreadedTaskDispatcher with 12 workers.
[PhysX] Initialized MultithreadedTaskDispatcher with 12 workers.
 -> (artifact id: 'c3f21782640c0baa25e3410bf80f9088') in 0.040785 seconds
Number of updated asset objects reloaded before import = 0
Number of asset objects unloaded after import = 2
========================================================================
Received Import Request.
  Time since last request: 23.481498 seconds.
  path: Assets/Suggo Creations/RETROWAVE SKIES Lite/Shaders/Subgraphs/Skybox UVs.shadersubgraph
  artifactKey: Guid(818d41f0b0d61d740a6d54eec30e1e0f) Importer(815301076,1909f56bfc062723c751e8b465ee728b)
Start importing Assets/Suggo Creations/RETROWAVE SKIES Lite/Shaders/Subgraphs/Skybox UVs.shadersubgraph using Guid(818d41f0b0d61d740a6d54eec30e1e0f) Importer(815301076,1909f56bfc062723c751e8b465ee728b) [PhysX] Initialized MultithreadedTaskDispatcher with 12 workers.
 -> (artifact id: 'eb6e9498fe524057418b45049680089b') in 0.002777 seconds
Number of updated asset objects reloaded before import = 0
Number of asset objects unloaded after import = 1
========================================================================
Received Prepare
Caller must complete domain reload
Begin MonoManager ReloadAssembly
- Loaded All Assemblies, in  0.499 seconds
Native extension for WindowsStandalone target not found
Native extension for Android target not found
Mono: successfully reloaded assembly
- Finished resetting the current domain, in  1.342 seconds
Domain Reload Profiling: 1837ms
	BeginReloadAssembly (151ms)
		ExecutionOrderSort (0ms)
		DisableScriptedObjects (5ms)
		BackupInstance (0ms)
		ReleaseScriptingObjects (0ms)
		CreateAndSetChildDomain (36ms)
	RebuildCommonClasses (30ms)
	RebuildNativeTypeToScriptingClass (10ms)
	initialDomainReloadingComplete (31ms)
	LoadAllAssembliesAndSetupDomain (273ms)
		LoadAssemblies (332ms)
		RebuildTransferFunctionScriptingTraits (0ms)
		AnalyzeDomain (20ms)
			TypeCache.Refresh (8ms)
				TypeCache.ScanAssembly (0ms)
			ScanForSourceGeneratedMonoScriptInfo (0ms)
			ResolveRequiredComponents (10ms)
	FinalizeReload (1343ms)
		ReleaseScriptCaches (0ms)
		RebuildScriptCaches (0ms)
		SetupLoadedEditorAssemblies (479ms)
			LogAssemblyErrors (0ms)
			InitializePlatformSupportModulesInManaged (21ms)
			SetLoadedEditorAssemblies (4ms)
			RefreshPlugins (0ms)
			BeforeProcessingInitializeOnLoad (89ms)
			ProcessInitializeOnLoadAttributes (291ms)
			ProcessInitializeOnLoadMethodAttributes (64ms)
			AfterProcessingInitializeOnLoad (10ms)
			EditorAssembliesLoaded (0ms)
		ExecutionOrderSort2 (0ms)
		AwakeInstancesAfterBackupRestoration (20ms)
Refreshing native plugins compatible for Editor in 7.06 ms, found 4 plugins.
Preloading 0 native plugins for Editor in 0.00 ms.
Unloading 5186 Unused Serialized files (Serialized files now loaded: 0)
Unloading 22 unused Assets / (317.6 KB). Loaded Objects now: 6013.
Memory consumption went from 190.3 MB to 190.0 MB.
Total: 4.424700 ms (FindLiveObjects: 0.505600 ms CreateObjectMapping: 0.445900 ms MarkObjects: 3.326800 ms  DeleteObjects: 0.145300 ms)

Prepare: number of updated asset objects reloaded= 0
AssetImportParameters requested are different than current active one (requested -> active):
  custom:container-demuxer-ogg: 62fdf1f143b41e24485cea50d1cbac27 -> 
  custom:video-decoder-ogg-theora: a1e56fd34408186e4bbccfd4996cb3dc -> 
  custom:framework-win-MediaFoundation: 216162199b28c13a410421893ffa2e32 -> 
  custom:scripting/monoscript/fileName/GetGlobalMatrixLite.cs: d68b8cc2467eb692c568a9afbf1e1cf3 -> 
  custom:CustomObjectIndexerAttribute: 72b91833f83ae208fae7752999fa3104 -> 
  custom:container-demuxer-webm: 4f35f7cbe854078d1ac9338744f61a02 -> 
  custom:container-muxer-webm: aa71ff27fc2769a1b78a27578f13a17b -> 
  custom:video-decoder-webm-vp8: 9c59270c3fd7afecdb556c50c9e8de78 -> 
  custom:SearchIndexIgnoredProperties: e643bd26f0fe6173181afceb89e7c659 -> 
  custom:AudioImporter_EditorPlatform: d09bf68614088b80899f8185d706f6e7 -> 
  custom:video-encoder-webm-vp8: eb34c28f22e8b96e1ab97ce403110664 -> 
  custom:audio-decoder-ogg-vorbis: bf7c407c2cedff20999df2af8eb42d56 -> 
  custom:scripting/monoscript/fileName/ReadmeLite.cs: bcf610c110b08ae53900f9124d5a74fc -> 
  custom:audio-encoder-webm-vorbis: bf7c407c2cedff20999df2af8eb42d56 -> 
  custom:scripting/precompiled-assembly-types:Assembly-CSharp-Editor: 36092ecda43647c847bb7615a1289261 -> aca7125a3389c5f4127a11b74e5e93cb
  custom:scripting/monoscript/fileName/ReadmeEditorLite.cs: 046d1d9742b893afd64dcb281deae780 -> 
  custom:scripting/precompiled-assembly-types:Assembly-CSharp: 59dcabc6474b15fce3eca524e73c35c5 -> 733cbc0d8ce40fadb6dfbcc361aac392
========================================================================
Received Prepare
Caller must complete domain reload
Begin MonoManager ReloadAssembly
- Loaded All Assemblies, in  0.510 seconds
Native extension for WindowsStandalone target not found
Native extension for Android target not found
Mono: successfully reloaded assembly
- Finished resetting the current domain, in  1.344 seconds
Domain Reload Profiling: 1850ms
	BeginReloadAssembly (153ms)
		ExecutionOrderSort (0ms)
		DisableScriptedObjects (4ms)
		BackupInstance (0ms)
		ReleaseScriptingObjects (0ms)
		CreateAndSetChildDomain (33ms)
	RebuildCommonClasses (25ms)
	RebuildNativeTypeToScriptingClass (8ms)
	initialDomainReloadingComplete (31ms)
	LoadAllAssembliesAndSetupDomain (287ms)
		LoadAssemblies (353ms)
		RebuildTransferFunctionScriptingTraits (0ms)
		AnalyzeDomain (18ms)
			TypeCache.Refresh (7ms)
				TypeCache.ScanAssembly (0ms)
			ScanForSourceGeneratedMonoScriptInfo (0ms)
			ResolveRequiredComponents (10ms)
	FinalizeReload (1344ms)
		ReleaseScriptCaches (0ms)
		RebuildScriptCaches (0ms)
		SetupLoadedEditorAssemblies (482ms)
			LogAssemblyErrors (0ms)
			InitializePlatformSupportModulesInManaged (22ms)
			SetLoadedEditorAssemblies (4ms)
			RefreshPlugins (0ms)
			BeforeProcessingInitializeOnLoad (91ms)
			ProcessInitializeOnLoadAttributes (291ms)
			ProcessInitializeOnLoadMethodAttributes (64ms)
			AfterProcessingInitializeOnLoad (10ms)
			EditorAssembliesLoaded (0ms)
		ExecutionOrderSort2 (0ms)
		AwakeInstancesAfterBackupRestoration (19ms)
Refreshing native plugins compatible for Editor in 7.12 ms, found 4 plugins.
Preloading 0 native plugins for Editor in 0.00 ms.
Unloading 5186 Unused Serialized files (Serialized files now loaded: 0)
Unloading 22 unused Assets / (317.7 KB). Loaded Objects now: 6018.
Memory consumption went from 190.3 MB to 190.0 MB.
Total: 5.396400 ms (FindLiveObjects: 0.590300 ms CreateObjectMapping: 0.405400 ms MarkObjects: 4.261900 ms  DeleteObjects: 0.136900 ms)

Prepare: number of updated asset objects reloaded= 0
AssetImportParameters requested are different than current active one (requested -> active):
  custom:container-demuxer-ogg: 62fdf1f143b41e24485cea50d1cbac27 -> 
  custom:video-decoder-ogg-theora: a1e56fd34408186e4bbccfd4996cb3dc -> 
  custom:framework-win-MediaFoundation: 216162199b28c13a410421893ffa2e32 -> 
  custom:scripting/monoscript/fileName/GetGlobalMatrixLite.cs: d68b8cc2467eb692c568a9afbf1e1cf3 -> 
  custom:CustomObjectIndexerAttribute: 72b91833f83ae208fae7752999fa3104 -> 
  custom:container-demuxer-webm: 4f35f7cbe854078d1ac9338744f61a02 -> 
  custom:container-muxer-webm: aa71ff27fc2769a1b78a27578f13a17b -> 
  custom:video-decoder-webm-vp8: 9c59270c3fd7afecdb556c50c9e8de78 -> 
  custom:SearchIndexIgnoredProperties: e643bd26f0fe6173181afceb89e7c659 -> 
  custom:AudioImporter_EditorPlatform: d09bf68614088b80899f8185d706f6e7 -> 
  custom:video-encoder-webm-vp8: eb34c28f22e8b96e1ab97ce403110664 -> 
  custom:audio-decoder-ogg-vorbis: bf7c407c2cedff20999df2af8eb42d56 -> 
  custom:scripting/monoscript/fileName/ReadmeLite.cs: bcf610c110b08ae53900f9124d5a74fc -> 
  custom:audio-encoder-webm-vorbis: bf7c407c2cedff20999df2af8eb42d56 -> 
  custom:scripting/precompiled-assembly-types:Assembly-CSharp-Editor: 36092ecda43647c847bb7615a1289261 -> aca7125a3389c5f4127a11b74e5e93cb
  custom:scripting/monoscript/fileName/ReadmeEditorLite.cs: 046d1d9742b893afd64dcb281deae780 -> 
  custom:scripting/precompiled-assembly-types:Assembly-CSharp: 59dcabc6474b15fce3eca524e73c35c5 -> 733cbc0d8ce40fadb6dfbcc361aac392
========================================================================
Received Import Request.
  Time since last request: 209.426907 seconds.
  path: Assets/Suggo Creations/RETROWAVE SKIES Lite/Shaders/Grid Lite.shadergraph
  artifactKey: Guid(d74fa11638a8c1f40afcf08bafbadad0) Importer(815301076,1909f56bfc062723c751e8b465ee728b)
Start importing Assets/Suggo Creations/RETROWAVE SKIES Lite/Shaders/Grid Lite.shadergraph using Guid(d74fa11638a8c1f40afcf08bafbadad0) Importer(815301076,1909f56bfc062723c751e8b465ee728b) [PhysX] Initialized MultithreadedTaskDispatcher with 12 workers.
[PhysX] Initialized MultithreadedTaskDispatcher with 12 workers.
 -> (artifact id: 'ea7c985e16d0fb292b343e2c57331c23') in 0.971970 seconds
Number of updated asset objects reloaded before import = 0
Number of asset objects unloaded after import = 21
========================================================================
Received Import Request.
  Time since last request: 698.776624 seconds.
  path: Assets/Suggo Creations/RETROWAVE SKIES Lite/Shaders/Grid Lite.shadergraph
  artifactKey: Guid(d74fa11638a8c1f40afcf08bafbadad0) Importer(815301076,1909f56bfc062723c751e8b465ee728b)
Start importing Assets/Suggo Creations/RETROWAVE SKIES Lite/Shaders/Grid Lite.shadergraph using Guid(d74fa11638a8c1f40afcf08bafbadad0) Importer(815301076,1909f56bfc062723c751e8b465ee728b) [PhysX] Initialized MultithreadedTaskDispatcher with 12 workers.
[PhysX] Initialized MultithreadedTaskDispatcher with 12 workers.
 -> (artifact id: '1d72db5266278cb46487bde2bfac08b8') in 1.719708 seconds
Number of updated asset objects reloaded before import = 1
Number of asset objects unloaded after import = 2
========================================================================
Received Import Request.
  Time since last request: 15.002843 seconds.
  path: Assets/Suggo Creations/RETROWAVE SKIES Lite/Materials/M_Grid Orange Lite.mat
  artifactKey: Guid(d9d66429d76d45e4588709a0f48707ed) Importer(815301076,1909f56bfc062723c751e8b465ee728b)
Start importing Assets/Suggo Creations/RETROWAVE SKIES Lite/Materials/M_Grid Orange Lite.mat using Guid(d9d66429d76d45e4588709a0f48707ed) Importer(815301076,1909f56bfc062723c751e8b465ee728b) [PhysX] Initialized MultithreadedTaskDispatcher with 12 workers.
[PhysX] Initialized MultithreadedTaskDispatcher with 12 workers.
 -> (artifact id: '02e89fbaca1dac280d148194ed8bb8e8') in 1.514431 seconds
Number of updated asset objects reloaded before import = 0
Number of asset objects unloaded after import = 3
========================================================================
Received Prepare
Caller must complete domain reload
Begin MonoManager ReloadAssembly
- Loaded All Assemblies, in  0.744 seconds
Native extension for WindowsStandalone target not found
Native extension for Android target not found
Mono: successfully reloaded assembly
- Finished resetting the current domain, in  3.240 seconds
Domain Reload Profiling: 3980ms
	BeginReloadAssembly (217ms)
		ExecutionOrderSort (0ms)
		DisableScriptedObjects (9ms)
		BackupInstance (0ms)
		ReleaseScriptingObjects (0ms)
		CreateAndSetChildDomain (50ms)
	RebuildCommonClasses (43ms)
	RebuildNativeTypeToScriptingClass (15ms)
	initialDomainReloadingComplete (48ms)
	LoadAllAssembliesAndSetupDomain (416ms)
		LoadAssemblies (513ms)
		RebuildTransferFunctionScriptingTraits (0ms)
		AnalyzeDomain (27ms)
			TypeCache.Refresh (12ms)
				TypeCache.ScanAssembly (0ms)
			ScanForSourceGeneratedMonoScriptInfo (0ms)
			ResolveRequiredComponents (11ms)
	FinalizeReload (3241ms)
		ReleaseScriptCaches (0ms)
		RebuildScriptCaches (0ms)
		SetupLoadedEditorAssemblies (546ms)
			LogAssemblyErrors (0ms)
			InitializePlatformSupportModulesInManaged (26ms)
			SetLoadedEditorAssemblies (4ms)
			RefreshPlugins (0ms)
			BeforeProcessingInitializeOnLoad (96ms)
			ProcessInitializeOnLoadAttributes (331ms)
			ProcessInitializeOnLoadMethodAttributes (77ms)
			AfterProcessingInitializeOnLoad (11ms)
			EditorAssembliesLoaded (0ms)
		ExecutionOrderSort2 (0ms)
		AwakeInstancesAfterBackupRestoration (24ms)
Refreshing native plugins compatible for Editor in 7.32 ms, found 4 plugins.
Preloading 0 native plugins for Editor in 0.00 ms.
Unloading 5186 Unused Serialized files (Serialized files now loaded: 0)
Unloading 22 unused Assets / (317.6 KB). Loaded Objects now: 6059.
Memory consumption went from 190.4 MB to 190.1 MB.
Total: 4.737500 ms (FindLiveObjects: 0.754800 ms CreateObjectMapping: 0.444600 ms MarkObjects: 3.367500 ms  DeleteObjects: 0.169400 ms)

Prepare: number of updated asset objects reloaded= 0
AssetImportParameters requested are different than current active one (requested -> active):
  custom:container-demuxer-ogg: 62fdf1f143b41e24485cea50d1cbac27 -> 
  custom:video-decoder-ogg-theora: a1e56fd34408186e4bbccfd4996cb3dc -> 
  custom:framework-win-MediaFoundation: 216162199b28c13a410421893ffa2e32 -> 
  custom:scripting/monoscript/fileName/GetGlobalMatrixLite.cs: d68b8cc2467eb692c568a9afbf1e1cf3 -> 
  custom:CustomObjectIndexerAttribute: 72b91833f83ae208fae7752999fa3104 -> 
  custom:container-demuxer-webm: 4f35f7cbe854078d1ac9338744f61a02 -> 
  custom:container-muxer-webm: aa71ff27fc2769a1b78a27578f13a17b -> 
  custom:video-decoder-webm-vp8: 9c59270c3fd7afecdb556c50c9e8de78 -> 
  custom:SearchIndexIgnoredProperties: e643bd26f0fe6173181afceb89e7c659 -> 
  custom:AudioImporter_EditorPlatform: d09bf68614088b80899f8185d706f6e7 -> 
  custom:video-encoder-webm-vp8: eb34c28f22e8b96e1ab97ce403110664 -> 
  custom:audio-decoder-ogg-vorbis: bf7c407c2cedff20999df2af8eb42d56 -> 
  custom:scripting/monoscript/fileName/ReadmeLite.cs: bcf610c110b08ae53900f9124d5a74fc -> 
  custom:audio-encoder-webm-vorbis: bf7c407c2cedff20999df2af8eb42d56 -> 
  custom:scripting/precompiled-assembly-types:Assembly-CSharp-Editor: 36092ecda43647c847bb7615a1289261 -> aca7125a3389c5f4127a11b74e5e93cb
  custom:scripting/monoscript/fileName/ReadmeEditorLite.cs: 046d1d9742b893afd64dcb281deae780 -> 
  custom:scripting/precompiled-assembly-types:Assembly-CSharp: 59dcabc6474b15fce3eca524e73c35c5 -> 733cbc0d8ce40fadb6dfbcc361aac392
========================================================================
Received Prepare
Caller must complete domain reload
Begin MonoManager ReloadAssembly
- Loaded All Assemblies, in  0.667 seconds
Native extension for WindowsStandalone target not found
Native extension for Android target not found
Mono: successfully reloaded assembly
- Finished resetting the current domain, in  1.625 seconds
Domain Reload Profiling: 2288ms
	BeginReloadAssembly (203ms)
		ExecutionOrderSort (0ms)
		DisableScriptedObjects (5ms)
		BackupInstance (0ms)
		ReleaseScriptingObjects (0ms)
		CreateAndSetChildDomain (46ms)
	RebuildCommonClasses (41ms)
	RebuildNativeTypeToScriptingClass (10ms)
	initialDomainReloadingComplete (38ms)
	LoadAllAssembliesAndSetupDomain (371ms)
		LoadAssemblies (460ms)
		RebuildTransferFunctionScriptingTraits (0ms)
		AnalyzeDomain (27ms)
			TypeCache.Refresh (10ms)
				TypeCache.ScanAssembly (0ms)
			ScanForSourceGeneratedMonoScriptInfo (0ms)
			ResolveRequiredComponents (14ms)
	FinalizeReload (1626ms)
		ReleaseScriptCaches (0ms)
		RebuildScriptCaches (0ms)
		SetupLoadedEditorAssemblies (581ms)
			LogAssemblyErrors (0ms)
			InitializePlatformSupportModulesInManaged (27ms)
			SetLoadedEditorAssemblies (5ms)
			RefreshPlugins (0ms)
			BeforeProcessingInitializeOnLoad (115ms)
			ProcessInitializeOnLoadAttributes (343ms)
			ProcessInitializeOnLoadMethodAttributes (81ms)
			AfterProcessingInitializeOnLoad (10ms)
			EditorAssembliesLoaded (0ms)
		ExecutionOrderSort2 (0ms)
		AwakeInstancesAfterBackupRestoration (24ms)
Refreshing native plugins compatible for Editor in 9.79 ms, found 4 plugins.
Preloading 0 native plugins for Editor in 0.00 ms.
Unloading 5186 Unused Serialized files (Serialized files now loaded: 0)
Unloading 22 unused Assets / (317.2 KB). Loaded Objects now: 6064.
Memory consumption went from 190.3 MB to 190.0 MB.
Total: 4.849300 ms (FindLiveObjects: 0.518700 ms CreateObjectMapping: 0.381500 ms MarkObjects: 3.586000 ms  DeleteObjects: 0.360800 ms)

Prepare: number of updated asset objects reloaded= 0
AssetImportParameters requested are different than current active one (requested -> active):
  custom:container-demuxer-ogg: 62fdf1f143b41e24485cea50d1cbac27 -> 
  custom:video-decoder-ogg-theora: a1e56fd34408186e4bbccfd4996cb3dc -> 
  custom:framework-win-MediaFoundation: 216162199b28c13a410421893ffa2e32 -> 
  custom:scripting/monoscript/fileName/GetGlobalMatrixLite.cs: d68b8cc2467eb692c568a9afbf1e1cf3 -> 
  custom:CustomObjectIndexerAttribute: 72b91833f83ae208fae7752999fa3104 -> 
  custom:container-demuxer-webm: 4f35f7cbe854078d1ac9338744f61a02 -> 
  custom:container-muxer-webm: aa71ff27fc2769a1b78a27578f13a17b -> 
  custom:video-decoder-webm-vp8: 9c59270c3fd7afecdb556c50c9e8de78 -> 
  custom:SearchIndexIgnoredProperties: e643bd26f0fe6173181afceb89e7c659 -> 
  custom:AudioImporter_EditorPlatform: d09bf68614088b80899f8185d706f6e7 -> 
  custom:video-encoder-webm-vp8: eb34c28f22e8b96e1ab97ce403110664 -> 
  custom:audio-decoder-ogg-vorbis: bf7c407c2cedff20999df2af8eb42d56 -> 
  custom:scripting/monoscript/fileName/ReadmeLite.cs: bcf610c110b08ae53900f9124d5a74fc -> 
  custom:audio-encoder-webm-vorbis: bf7c407c2cedff20999df2af8eb42d56 -> 
  custom:scripting/precompiled-assembly-types:Assembly-CSharp-Editor: 36092ecda43647c847bb7615a1289261 -> aca7125a3389c5f4127a11b74e5e93cb
  custom:scripting/monoscript/fileName/ReadmeEditorLite.cs: 046d1d9742b893afd64dcb281deae780 -> 
  custom:scripting/precompiled-assembly-types:Assembly-CSharp: 59dcabc6474b15fce3eca524e73c35c5 -> 733cbc0d8ce40fadb6dfbcc361aac392
========================================================================
Received Prepare
Caller must complete domain reload
Begin MonoManager ReloadAssembly
- Loaded All Assemblies, in  0.500 seconds
Native extension for WindowsStandalone target not found
Native extension for Android target not found
Mono: successfully reloaded assembly
- Finished resetting the current domain, in  1.376 seconds
Domain Reload Profiling: 1872ms
	BeginReloadAssembly (154ms)
		ExecutionOrderSort (0ms)
		DisableScriptedObjects (4ms)
		BackupInstance (0ms)
		ReleaseScriptingObjects (0ms)
		CreateAndSetChildDomain (33ms)
	RebuildCommonClasses (27ms)
	RebuildNativeTypeToScriptingClass (8ms)
	initialDomainReloadingComplete (31ms)
	LoadAllAssembliesAndSetupDomain (274ms)
		LoadAssemblies (340ms)
		RebuildTransferFunctionScriptingTraits (0ms)
		AnalyzeDomain (20ms)
			TypeCache.Refresh (8ms)
				TypeCache.ScanAssembly (0ms)
			ScanForSourceGeneratedMonoScriptInfo (0ms)
			ResolveRequiredComponents (10ms)
	FinalizeReload (1377ms)
		ReleaseScriptCaches (0ms)
		RebuildScriptCaches (0ms)
		SetupLoadedEditorAssemblies (501ms)
			LogAssemblyErrors (0ms)
			InitializePlatformSupportModulesInManaged (21ms)
			SetLoadedEditorAssemblies (4ms)
			RefreshPlugins (0ms)
			BeforeProcessingInitializeOnLoad (89ms)
			ProcessInitializeOnLoadAttributes (311ms)
			ProcessInitializeOnLoadMethodAttributes (65ms)
			AfterProcessingInitializeOnLoad (10ms)
			EditorAssembliesLoaded (0ms)
		ExecutionOrderSort2 (0ms)
		AwakeInstancesAfterBackupRestoration (19ms)
Refreshing native plugins compatible for Editor in 7.54 ms, found 4 plugins.
Preloading 0 native plugins for Editor in 0.00 ms.
Unloading 5186 Unused Serialized files (Serialized files now loaded: 0)
Unloading 22 unused Assets / (317.7 KB). Loaded Objects now: 6069.
Memory consumption went from 190.3 MB to 190.0 MB.
Total: 4.882300 ms (FindLiveObjects: 0.550600 ms CreateObjectMapping: 0.443800 ms MarkObjects: 3.746700 ms  DeleteObjects: 0.140100 ms)

Prepare: number of updated asset objects reloaded= 0
AssetImportParameters requested are different than current active one (requested -> active):
  custom:container-demuxer-ogg: 62fdf1f143b41e24485cea50d1cbac27 -> 
  custom:video-decoder-ogg-theora: a1e56fd34408186e4bbccfd4996cb3dc -> 
  custom:framework-win-MediaFoundation: 216162199b28c13a410421893ffa2e32 -> 
  custom:scripting/monoscript/fileName/GetGlobalMatrixLite.cs: d68b8cc2467eb692c568a9afbf1e1cf3 -> 
  custom:CustomObjectIndexerAttribute: 72b91833f83ae208fae7752999fa3104 -> 
  custom:container-demuxer-webm: 4f35f7cbe854078d1ac9338744f61a02 -> 
  custom:container-muxer-webm: aa71ff27fc2769a1b78a27578f13a17b -> 
  custom:video-decoder-webm-vp8: 9c59270c3fd7afecdb556c50c9e8de78 -> 
  custom:SearchIndexIgnoredProperties: e643bd26f0fe6173181afceb89e7c659 -> 
  custom:AudioImporter_EditorPlatform: d09bf68614088b80899f8185d706f6e7 -> 
  custom:video-encoder-webm-vp8: eb34c28f22e8b96e1ab97ce403110664 -> 
  custom:audio-decoder-ogg-vorbis: bf7c407c2cedff20999df2af8eb42d56 -> 
  custom:scripting/monoscript/fileName/ReadmeLite.cs: bcf610c110b08ae53900f9124d5a74fc -> 
  custom:audio-encoder-webm-vorbis: bf7c407c2cedff20999df2af8eb42d56 -> 
  custom:scripting/precompiled-assembly-types:Assembly-CSharp-Editor: 36092ecda43647c847bb7615a1289261 -> aca7125a3389c5f4127a11b74e5e93cb
  custom:scripting/monoscript/fileName/ReadmeEditorLite.cs: 046d1d9742b893afd64dcb281deae780 -> 
  custom:scripting/precompiled-assembly-types:Assembly-CSharp: 59dcabc6474b15fce3eca524e73c35c5 -> 733cbc0d8ce40fadb6dfbcc361aac392
========================================================================
Received Prepare
Caller must complete domain reload
Begin MonoManager ReloadAssembly
- Loaded All Assemblies, in  0.517 seconds
Native extension for WindowsStandalone target not found
Native extension for Android target not found
Mono: successfully reloaded assembly
- Finished resetting the current domain, in  1.354 seconds
Domain Reload Profiling: 1867ms
	BeginReloadAssembly (152ms)
		ExecutionOrderSort (0ms)
		DisableScriptedObjects (4ms)
		BackupInstance (0ms)
		ReleaseScriptingObjects (0ms)
		CreateAndSetChildDomain (34ms)
	RebuildCommonClasses (28ms)
	RebuildNativeTypeToScriptingClass (8ms)
	initialDomainReloadingComplete (37ms)
	LoadAllAssembliesAndSetupDomain (288ms)
		LoadAssemblies (353ms)
		RebuildTransferFunctionScriptingTraits (0ms)
		AnalyzeDomain (19ms)
			TypeCache.Refresh (7ms)
				TypeCache.ScanAssembly (0ms)
			ScanForSourceGeneratedMonoScriptInfo (0ms)
			ResolveRequiredComponents (9ms)
	FinalizeReload (1354ms)
		ReleaseScriptCaches (0ms)
		RebuildScriptCaches (0ms)
		SetupLoadedEditorAssemblies (473ms)
			LogAssemblyErrors (0ms)
			InitializePlatformSupportModulesInManaged (20ms)
			SetLoadedEditorAssemblies (3ms)
			RefreshPlugins (0ms)
			BeforeProcessingInitializeOnLoad (86ms)
			ProcessInitializeOnLoadAttributes (289ms)
			ProcessInitializeOnLoadMethodAttributes (65ms)
			AfterProcessingInitializeOnLoad (10ms)
			EditorAssembliesLoaded (0ms)
		ExecutionOrderSort2 (0ms)
		AwakeInstancesAfterBackupRestoration (21ms)
Refreshing native plugins compatible for Editor in 8.60 ms, found 4 plugins.
Preloading 0 native plugins for Editor in 0.00 ms.
Unloading 5186 Unused Serialized files (Serialized files now loaded: 0)
Unloading 22 unused Assets / (317.7 KB). Loaded Objects now: 6074.
Memory consumption went from 190.3 MB to 190.0 MB.
Total: 4.163400 ms (FindLiveObjects: 0.480500 ms CreateObjectMapping: 0.536600 ms MarkObjects: 3.024600 ms  DeleteObjects: 0.120800 ms)

Prepare: number of updated asset objects reloaded= 0
AssetImportParameters requested are different than current active one (requested -> active):
  custom:container-demuxer-ogg: 62fdf1f143b41e24485cea50d1cbac27 -> 
  custom:video-decoder-ogg-theora: a1e56fd34408186e4bbccfd4996cb3dc -> 
  custom:framework-win-MediaFoundation: 216162199b28c13a410421893ffa2e32 -> 
  custom:scripting/monoscript/fileName/GetGlobalMatrixLite.cs: d68b8cc2467eb692c568a9afbf1e1cf3 -> 
  custom:CustomObjectIndexerAttribute: 72b91833f83ae208fae7752999fa3104 -> 
  custom:container-demuxer-webm: 4f35f7cbe854078d1ac9338744f61a02 -> 
  custom:container-muxer-webm: aa71ff27fc2769a1b78a27578f13a17b -> 
  custom:video-decoder-webm-vp8: 9c59270c3fd7afecdb556c50c9e8de78 -> 
  custom:SearchIndexIgnoredProperties: e643bd26f0fe6173181afceb89e7c659 -> 
  custom:AudioImporter_EditorPlatform: d09bf68614088b80899f8185d706f6e7 -> 
  custom:video-encoder-webm-vp8: eb34c28f22e8b96e1ab97ce403110664 -> 
  custom:audio-decoder-ogg-vorbis: bf7c407c2cedff20999df2af8eb42d56 -> 
  custom:scripting/monoscript/fileName/ReadmeLite.cs: bcf610c110b08ae53900f9124d5a74fc -> 
  custom:audio-encoder-webm-vorbis: bf7c407c2cedff20999df2af8eb42d56 -> 
  custom:scripting/precompiled-assembly-types:Assembly-CSharp-Editor: 36092ecda43647c847bb7615a1289261 -> aca7125a3389c5f4127a11b74e5e93cb
  custom:scripting/monoscript/fileName/ReadmeEditorLite.cs: 046d1d9742b893afd64dcb281deae780 -> 
  custom:scripting/precompiled-assembly-types:Assembly-CSharp: 59dcabc6474b15fce3eca524e73c35c5 -> 733cbc0d8ce40fadb6dfbcc361aac392
========================================================================
Received Prepare
Caller must complete domain reload
Begin MonoManager ReloadAssembly
- Loaded All Assemblies, in  0.503 seconds
Native extension for WindowsStandalone target not found
Native extension for Android target not found
Mono: successfully reloaded assembly
- Finished resetting the current domain, in  1.360 seconds
Domain Reload Profiling: 1859ms
	BeginReloadAssembly (158ms)
		ExecutionOrderSort (0ms)
		DisableScriptedObjects (4ms)
		BackupInstance (0ms)
		ReleaseScriptingObjects (0ms)
		CreateAndSetChildDomain (35ms)
	RebuildCommonClasses (28ms)
	RebuildNativeTypeToScriptingClass (8ms)
	initialDomainReloadingComplete (30ms)
	LoadAllAssembliesAndSetupDomain (275ms)
		LoadAssemblies (344ms)
		RebuildTransferFunctionScriptingTraits (0ms)
		AnalyzeDomain (19ms)
			TypeCache.Refresh (7ms)
				TypeCache.ScanAssembly (0ms)
			ScanForSourceGeneratedMonoScriptInfo (0ms)
			ResolveRequiredComponents (10ms)
	FinalizeReload (1360ms)
		ReleaseScriptCaches (0ms)
		RebuildScriptCaches (0ms)
		SetupLoadedEditorAssemblies (507ms)
			LogAssemblyErrors (0ms)
			InitializePlatformSupportModulesInManaged (23ms)
			SetLoadedEditorAssemblies (4ms)
			RefreshPlugins (0ms)
			BeforeProcessingInitializeOnLoad (95ms)
			ProcessInitializeOnLoadAttributes (301ms)
			ProcessInitializeOnLoadMethodAttributes (72ms)
			AfterProcessingInitializeOnLoad (11ms)
			EditorAssembliesLoaded (0ms)
		ExecutionOrderSort2 (0ms)
		AwakeInstancesAfterBackupRestoration (21ms)
Refreshing native plugins compatible for Editor in 7.97 ms, found 4 plugins.
Preloading 0 native plugins for Editor in 0.00 ms.
Unloading 5186 Unused Serialized files (Serialized files now loaded: 0)
Unloading 22 unused Assets / (317.2 KB). Loaded Objects now: 6079.
Memory consumption went from 190.3 MB to 190.0 MB.
Total: 3.888500 ms (FindLiveObjects: 0.491000 ms CreateObjectMapping: 0.397000 ms MarkObjects: 2.890300 ms  DeleteObjects: 0.108900 ms)

Prepare: number of updated asset objects reloaded= 0
AssetImportParameters requested are different than current active one (requested -> active):
  custom:container-demuxer-ogg: 62fdf1f143b41e24485cea50d1cbac27 -> 
  custom:video-decoder-ogg-theora: a1e56fd34408186e4bbccfd4996cb3dc -> 
  custom:framework-win-MediaFoundation: 216162199b28c13a410421893ffa2e32 -> 
  custom:scripting/monoscript/fileName/GetGlobalMatrixLite.cs: d68b8cc2467eb692c568a9afbf1e1cf3 -> 
  custom:CustomObjectIndexerAttribute: 72b91833f83ae208fae7752999fa3104 -> 
  custom:container-demuxer-webm: 4f35f7cbe854078d1ac9338744f61a02 -> 
  custom:container-muxer-webm: aa71ff27fc2769a1b78a27578f13a17b -> 
  custom:video-decoder-webm-vp8: 9c59270c3fd7afecdb556c50c9e8de78 -> 
  custom:SearchIndexIgnoredProperties: e643bd26f0fe6173181afceb89e7c659 -> 
  custom:AudioImporter_EditorPlatform: d09bf68614088b80899f8185d706f6e7 -> 
  custom:video-encoder-webm-vp8: eb34c28f22e8b96e1ab97ce403110664 -> 
  custom:audio-decoder-ogg-vorbis: bf7c407c2cedff20999df2af8eb42d56 -> 
  custom:scripting/monoscript/fileName/ReadmeLite.cs: bcf610c110b08ae53900f9124d5a74fc -> 
  custom:audio-encoder-webm-vorbis: bf7c407c2cedff20999df2af8eb42d56 -> 
  custom:scripting/precompiled-assembly-types:Assembly-CSharp-Editor: 36092ecda43647c847bb7615a1289261 -> aca7125a3389c5f4127a11b74e5e93cb
  custom:scripting/monoscript/fileName/ReadmeEditorLite.cs: 046d1d9742b893afd64dcb281deae780 -> 
  custom:scripting/precompiled-assembly-types:Assembly-CSharp: 59dcabc6474b15fce3eca524e73c35c5 -> 733cbc0d8ce40fadb6dfbcc361aac392
========================================================================
Received Import Request.
  Time since last request: 280.434006 seconds.
  path: Assets/Suggo Creations/RETROWAVE SKIES Lite/Shaders/RetrowaveSkybox Lite.shadergraph
  artifactKey: Guid(826bdbac23ec3064290838c236752c7d) Importer(815301076,1909f56bfc062723c751e8b465ee728b)
Start importing Assets/Suggo Creations/RETROWAVE SKIES Lite/Shaders/RetrowaveSkybox Lite.shadergraph using Guid(826bdbac23ec3064290838c236752c7d) Importer(815301076,1909f56bfc062723c751e8b465ee728b) [PhysX] Initialized MultithreadedTaskDispatcher with 12 workers.
[PhysX] Initialized MultithreadedTaskDispatcher with 12 workers.
 -> (artifact id: 'c2d0e29de2d0ff0de76db22e77cdc8cc') in 0.237399 seconds
Number of updated asset objects reloaded before import = 0
Number of asset objects unloaded after import = 21
========================================================================
Received Import Request.
  Time since last request: 36.519853 seconds.
  path: Assets/Suggo Creations/RETROWAVE SKIES Lite/Shaders/Grid Lite.shadergraph
  artifactKey: Guid(d74fa11638a8c1f40afcf08bafbadad0) Importer(815301076,1909f56bfc062723c751e8b465ee728b)
Start importing Assets/Suggo Creations/RETROWAVE SKIES Lite/Shaders/Grid Lite.shadergraph using Guid(d74fa11638a8c1f40afcf08bafbadad0) Importer(815301076,1909f56bfc062723c751e8b465ee728b) [PhysX] Initialized MultithreadedTaskDispatcher with 12 workers.
[PhysX] Initialized MultithreadedTaskDispatcher with 12 workers.
 -> (artifact id: '57e8e50ec576b7c3a13ab0b86febee1d') in 1.003210 seconds
Number of updated asset objects reloaded before import = 1
Number of asset objects unloaded after import = 2
========================================================================
Received Import Request.
  Time since last request: 5.930674 seconds.
  path: Assets/Suggo Creations/RETROWAVE SKIES Lite/Materials/M_Grid Orange Lite.mat
  artifactKey: Guid(d9d66429d76d45e4588709a0f48707ed) Importer(815301076,1909f56bfc062723c751e8b465ee728b)
Start importing Assets/Suggo Creations/RETROWAVE SKIES Lite/Materials/M_Grid Orange Lite.mat using Guid(d9d66429d76d45e4588709a0f48707ed) Importer(815301076,1909f56bfc062723c751e8b465ee728b) [PhysX] Initialized MultithreadedTaskDispatcher with 12 workers.
[PhysX] Initialized MultithreadedTaskDispatcher with 12 workers.
 -> (artifact id: '9c8c1f69c2bed394b2e938123ae6acd9') in 0.962399 seconds
Number of updated asset objects reloaded before import = 0
Number of asset objects unloaded after import = 3
========================================================================
Received Prepare
Caller must complete domain reload
Begin MonoManager ReloadAssembly
- Loaded All Assemblies, in  0.519 seconds
Native extension for WindowsStandalone target not found
Native extension for Android target not found
Mono: successfully reloaded assembly
- Finished resetting the current domain, in  1.499 seconds
Domain Reload Profiling: 2015ms
	BeginReloadAssembly (159ms)
		ExecutionOrderSort (0ms)
		DisableScriptedObjects (9ms)
		BackupInstance (0ms)
		ReleaseScriptingObjects (0ms)
		CreateAndSetChildDomain (36ms)
	RebuildCommonClasses (28ms)
	RebuildNativeTypeToScriptingClass (8ms)
	initialDomainReloadingComplete (34ms)
	LoadAllAssembliesAndSetupDomain (285ms)
		LoadAssemblies (350ms)
		RebuildTransferFunctionScriptingTraits (0ms)
		AnalyzeDomain (18ms)
			TypeCache.Refresh (6ms)
				TypeCache.ScanAssembly (0ms)
			ScanForSourceGeneratedMonoScriptInfo (0ms)
			ResolveRequiredComponents (10ms)
	FinalizeReload (1500ms)
		ReleaseScriptCaches (0ms)
		RebuildScriptCaches (0ms)
		SetupLoadedEditorAssemblies (496ms)
			LogAssemblyErrors (0ms)
			InitializePlatformSupportModulesInManaged (21ms)
			SetLoadedEditorAssemblies (4ms)
			RefreshPlugins (0ms)
			BeforeProcessingInitializeOnLoad (96ms)
			ProcessInitializeOnLoadAttributes (295ms)
			ProcessInitializeOnLoadMethodAttributes (69ms)
			AfterProcessingInitializeOnLoad (10ms)
			EditorAssembliesLoaded (0ms)
		ExecutionOrderSort2 (0ms)
		AwakeInstancesAfterBackupRestoration (23ms)
Refreshing native plugins compatible for Editor in 8.00 ms, found 4 plugins.
Preloading 0 native plugins for Editor in 0.00 ms.
Unloading 5186 Unused Serialized files (Serialized files now loaded: 0)
Unloading 22 unused Assets / (317.2 KB). Loaded Objects now: 6120.
Memory consumption went from 190.4 MB to 190.1 MB.
Total: 4.194400 ms (FindLiveObjects: 0.495900 ms CreateObjectMapping: 0.219700 ms MarkObjects: 3.321200 ms  DeleteObjects: 0.156200 ms)

Prepare: number of updated asset objects reloaded= 0
AssetImportParameters requested are different than current active one (requested -> active):
  custom:container-demuxer-ogg: 62fdf1f143b41e24485cea50d1cbac27 -> 
  custom:video-decoder-ogg-theora: a1e56fd34408186e4bbccfd4996cb3dc -> 
  custom:framework-win-MediaFoundation: 216162199b28c13a410421893ffa2e32 -> 
  custom:scripting/monoscript/fileName/GetGlobalMatrixLite.cs: d68b8cc2467eb692c568a9afbf1e1cf3 -> 
  custom:CustomObjectIndexerAttribute: 72b91833f83ae208fae7752999fa3104 -> 
  custom:container-demuxer-webm: 4f35f7cbe854078d1ac9338744f61a02 -> 
  custom:container-muxer-webm: aa71ff27fc2769a1b78a27578f13a17b -> 
  custom:video-decoder-webm-vp8: 9c59270c3fd7afecdb556c50c9e8de78 -> 
  custom:SearchIndexIgnoredProperties: e643bd26f0fe6173181afceb89e7c659 -> 
  custom:AudioImporter_EditorPlatform: d09bf68614088b80899f8185d706f6e7 -> 
  custom:video-encoder-webm-vp8: eb34c28f22e8b96e1ab97ce403110664 -> 
  custom:audio-decoder-ogg-vorbis: bf7c407c2cedff20999df2af8eb42d56 -> 
  custom:scripting/monoscript/fileName/ReadmeLite.cs: bcf610c110b08ae53900f9124d5a74fc -> 
  custom:audio-encoder-webm-vorbis: bf7c407c2cedff20999df2af8eb42d56 -> 
  custom:scripting/precompiled-assembly-types:Assembly-CSharp-Editor: 36092ecda43647c847bb7615a1289261 -> aca7125a3389c5f4127a11b74e5e93cb
  custom:scripting/monoscript/fileName/ReadmeEditorLite.cs: 046d1d9742b893afd64dcb281deae780 -> 
  custom:scripting/precompiled-assembly-types:Assembly-CSharp: 59dcabc6474b15fce3eca524e73c35c5 -> 733cbc0d8ce40fadb6dfbcc361aac392
========================================================================
Received Prepare
Caller must complete domain reload
Begin MonoManager ReloadAssembly
- Loaded All Assemblies, in  0.517 seconds
Native extension for WindowsStandalone target not found
Native extension for Android target not found
Mono: successfully reloaded assembly
- Finished resetting the current domain, in  1.363 seconds
Domain Reload Profiling: 1876ms
	BeginReloadAssembly (149ms)
		ExecutionOrderSort (0ms)
		DisableScriptedObjects (4ms)
		BackupInstance (0ms)
		ReleaseScriptingObjects (0ms)
		CreateAndSetChildDomain (32ms)
	RebuildCommonClasses (29ms)
	RebuildNativeTypeToScriptingClass (14ms)
	initialDomainReloadingComplete (30ms)
	LoadAllAssembliesAndSetupDomain (291ms)
		LoadAssemblies (354ms)
		RebuildTransferFunctionScriptingTraits (0ms)
		AnalyzeDomain (20ms)
			TypeCache.Refresh (7ms)
				TypeCache.ScanAssembly (0ms)
			ScanForSourceGeneratedMonoScriptInfo (0ms)
			ResolveRequiredComponents (10ms)
	FinalizeReload (1363ms)
		ReleaseScriptCaches (0ms)
		RebuildScriptCaches (0ms)
		SetupLoadedEditorAssemblies (489ms)
			LogAssemblyErrors (0ms)
			InitializePlatformSupportModulesInManaged (30ms)
			SetLoadedEditorAssemblies (5ms)
			RefreshPlugins (0ms)
			BeforeProcessingInitializeOnLoad (93ms)
			ProcessInitializeOnLoadAttributes (289ms)
			ProcessInitializeOnLoadMethodAttributes (63ms)
			AfterProcessingInitializeOnLoad (10ms)
			EditorAssembliesLoaded (0ms)
		ExecutionOrderSort2 (0ms)
		AwakeInstancesAfterBackupRestoration (22ms)
Refreshing native plugins compatible for Editor in 8.30 ms, found 4 plugins.
Preloading 0 native plugins for Editor in 0.00 ms.
Unloading 5186 Unused Serialized files (Serialized files now loaded: 0)
Unloading 22 unused Assets / (317.2 KB). Loaded Objects now: 6125.
Memory consumption went from 190.4 MB to 190.0 MB.
Total: 4.021000 ms (FindLiveObjects: 0.578200 ms CreateObjectMapping: 0.430600 ms MarkObjects: 2.899800 ms  DeleteObjects: 0.111200 ms)

Prepare: number of updated asset objects reloaded= 0
AssetImportParameters requested are different than current active one (requested -> active):
  custom:container-demuxer-ogg: 62fdf1f143b41e24485cea50d1cbac27 -> 
  custom:video-decoder-ogg-theora: a1e56fd34408186e4bbccfd4996cb3dc -> 
  custom:framework-win-MediaFoundation: 216162199b28c13a410421893ffa2e32 -> 
  custom:scripting/monoscript/fileName/GetGlobalMatrixLite.cs: d68b8cc2467eb692c568a9afbf1e1cf3 -> 
  custom:CustomObjectIndexerAttribute: 72b91833f83ae208fae7752999fa3104 -> 
  custom:container-demuxer-webm: 4f35f7cbe854078d1ac9338744f61a02 -> 
  custom:container-muxer-webm: aa71ff27fc2769a1b78a27578f13a17b -> 
  custom:video-decoder-webm-vp8: 9c59270c3fd7afecdb556c50c9e8de78 -> 
  custom:SearchIndexIgnoredProperties: e643bd26f0fe6173181afceb89e7c659 -> 
  custom:AudioImporter_EditorPlatform: d09bf68614088b80899f8185d706f6e7 -> 
  custom:video-encoder-webm-vp8: eb34c28f22e8b96e1ab97ce403110664 -> 
  custom:audio-decoder-ogg-vorbis: bf7c407c2cedff20999df2af8eb42d56 -> 
  custom:scripting/monoscript/fileName/ReadmeLite.cs: bcf610c110b08ae53900f9124d5a74fc -> 
  custom:audio-encoder-webm-vorbis: bf7c407c2cedff20999df2af8eb42d56 -> 
  custom:scripting/precompiled-assembly-types:Assembly-CSharp-Editor: 36092ecda43647c847bb7615a1289261 -> aca7125a3389c5f4127a11b74e5e93cb
  custom:scripting/monoscript/fileName/ReadmeEditorLite.cs: 046d1d9742b893afd64dcb281deae780 -> 
  custom:scripting/precompiled-assembly-types:Assembly-CSharp: 59dcabc6474b15fce3eca524e73c35c5 -> 733cbc0d8ce40fadb6dfbcc361aac392
========================================================================
Received Import Request.
  Time since last request: 516.467338 seconds.
  path: Assets/G-spot_Lab/MagicEnergyVFXShaderLitePack
  artifactKey: Guid(7658a4a600d49f44792bea1bf18cffd8) Importer(815301076,1909f56bfc062723c751e8b465ee728b)
Start importing Assets/G-spot_Lab/MagicEnergyVFXShaderLitePack using Guid(7658a4a600d49f44792bea1bf18cffd8) Importer(815301076,1909f56bfc062723c751e8b465ee728b) [PhysX] Initialized MultithreadedTaskDispatcher with 12 workers.
 -> (artifact id: 'd533ab311a513a2410448560fb0f5fd4') in 0.002509 seconds
Number of updated asset objects reloaded before import = 0
Number of asset objects unloaded after import = 0
========================================================================
Received Import Request.
  Time since last request: 1.939464 seconds.
  path: Assets/G-spot_Lab/MagicEnergyVFXShaderLitePack/Materials
  artifactKey: Guid(331a8eb3c6e756f4f866100f18dc0c25) Importer(815301076,1909f56bfc062723c751e8b465ee728b)
Start importing Assets/G-spot_Lab/MagicEnergyVFXShaderLitePack/Materials using Guid(331a8eb3c6e756f4f866100f18dc0c25) Importer(815301076,1909f56bfc062723c751e8b465ee728b) [PhysX] Initialized MultithreadedTaskDispatcher with 12 workers.
 -> (artifact id: '3d6e5e25bf4b9d41bc9f5bd2a623e483') in 0.001021 seconds
Number of updated asset objects reloaded before import = 0
Number of asset objects unloaded after import = 0
========================================================================
Received Import Request.
  Time since last request: 1.410620 seconds.
  path: Assets/G-spot_Lab/MagicEnergyVFXShaderLitePack/Materials/EffectInstances
  artifactKey: Guid(276f0dbef7562e94792efe8f0f6c89d8) Importer(815301076,1909f56bfc062723c751e8b465ee728b)
Start importing Assets/G-spot_Lab/MagicEnergyVFXShaderLitePack/Materials/EffectInstances using Guid(276f0dbef7562e94792efe8f0f6c89d8) Importer(815301076,1909f56bfc062723c751e8b465ee728b) [PhysX] Initialized MultithreadedTaskDispatcher with 12 workers.
 -> (artifact id: '96c95a3fa91910bffe0ebb6887bb4775') in 0.000955 seconds
Number of updated asset objects reloaded before import = 0
Number of asset objects unloaded after import = 0
========================================================================
Received Import Request.
  Time since last request: 0.065566 seconds.
  path: Assets/G-spot_Lab/MagicEnergyVFXShaderLitePack/Materials/EffectInstances/MI_Distortion_Green_01.mat
  artifactKey: Guid(6f86e2192aa83da4ea708781c974125e) Importer(815301076,1909f56bfc062723c751e8b465ee728b)
Start importing Assets/G-spot_Lab/MagicEnergyVFXShaderLitePack/Materials/EffectInstances/MI_Distortion_Green_01.mat using Guid(6f86e2192aa83da4ea708781c974125e) Importer(815301076,1909f56bfc062723c751e8b465ee728b) [PhysX] Initialized MultithreadedTaskDispatcher with 12 workers.
[PhysX] Initialized MultithreadedTaskDispatcher with 12 workers.
 -> (artifact id: 'ef305b7caa07743c4fdaacf0f53ce757') in 0.837595 seconds
Number of updated asset objects reloaded before import = 0
Number of asset objects unloaded after import = 23
========================================================================
Received Import Request.
  Time since last request: 0.000039 seconds.
  path: Assets/G-spot_Lab/MagicEnergyVFXShaderLitePack/Materials/EffectInstances/MI_Flow_Purple_02.mat
  artifactKey: Guid(dc243ab5a9ef9b24d9ff74c720b71aab) Importer(815301076,1909f56bfc062723c751e8b465ee728b)
Start importing Assets/G-spot_Lab/MagicEnergyVFXShaderLitePack/Materials/EffectInstances/MI_Flow_Purple_02.mat using Guid(dc243ab5a9ef9b24d9ff74c720b71aab) Importer(815301076,1909f56bfc062723c751e8b465ee728b) [PhysX] Initialized MultithreadedTaskDispatcher with 12 workers.
[PhysX] Initialized MultithreadedTaskDispatcher with 12 workers.
 -> (artifact id: '03ee84ccaa81eb25277a0408ba0594a9') in 0.424323 seconds
Number of updated asset objects reloaded before import = 0
Number of asset objects unloaded after import = 3
========================================================================
Received Import Request.
  Time since last request: 0.000051 seconds.
  path: Assets/G-spot_Lab/MagicEnergyVFXShaderLitePack/Materials/EffectInstances/MI_Wave_Purple_02.mat
  artifactKey: Guid(f42726711cd66a144ac49c33400b42b3) Importer(815301076,1909f56bfc062723c751e8b465ee728b)
Start importing Assets/G-spot_Lab/MagicEnergyVFXShaderLitePack/Materials/EffectInstances/MI_Wave_Purple_02.mat using Guid(f42726711cd66a144ac49c33400b42b3) Importer(815301076,1909f56bfc062723c751e8b465ee728b) [PhysX] Initialized MultithreadedTaskDispatcher with 12 workers.
[PhysX] Initialized MultithreadedTaskDispatcher with 12 workers.
 -> (artifact id: '648470d7496fdd5071e2401c2a3c2542') in 0.404425 seconds
Number of updated asset objects reloaded before import = 0
Number of asset objects unloaded after import = 3
========================================================================
Received Import Request.
  Time since last request: 3.037234 seconds.
  path: Assets/G-spot_Lab/MagicEnergyVFXShaderLitePack/Materials/BaseColor
  artifactKey: Guid(12b18265c0135fa4fa6cff9509d165fd) Importer(815301076,1909f56bfc062723c751e8b465ee728b)
Start importing Assets/G-spot_Lab/MagicEnergyVFXShaderLitePack/Materials/BaseColor using Guid(12b18265c0135fa4fa6cff9509d165fd) Importer(815301076,1909f56bfc062723c751e8b465ee728b) [PhysX] Initialized MultithreadedTaskDispatcher with 12 workers.
 -> (artifact id: 'f5193714ac860c2bf80e78c172b36bdd') in 0.000941 seconds
Number of updated asset objects reloaded before import = 0
Number of asset objects unloaded after import = 0
========================================================================
Received Import Request.
  Time since last request: 0.070138 seconds.
  path: Assets/G-spot_Lab/MagicEnergyVFXShaderLitePack/Materials/BaseColor/M_BaseColor_Blue_01.mat
  artifactKey: Guid(9f01fa06e0d1c0141818215bc2e9f93b) Importer(815301076,1909f56bfc062723c751e8b465ee728b)
Start importing Assets/G-spot_Lab/MagicEnergyVFXShaderLitePack/Materials/BaseColor/M_BaseColor_Blue_01.mat using Guid(9f01fa06e0d1c0141818215bc2e9f93b) Importer(815301076,1909f56bfc062723c751e8b465ee728b) [PhysX] Initialized MultithreadedTaskDispatcher with 12 workers.
[PhysX] Initialized MultithreadedTaskDispatcher with 12 workers.
 -> (artifact id: '2f51734c83234517fa825fa8483efae1') in 0.430868 seconds
Number of updated asset objects reloaded before import = 0
Number of asset objects unloaded after import = 3
========================================================================
Received Import Request.
  Time since last request: 0.000030 seconds.
  path: Assets/G-spot_Lab/MagicEnergyVFXShaderLitePack/Materials/BaseColor/M_BaseColor_Dark_02.mat
  artifactKey: Guid(94e3315dafce86b48812bbca178aef08) Importer(815301076,1909f56bfc062723c751e8b465ee728b)
Start importing Assets/G-spot_Lab/MagicEnergyVFXShaderLitePack/Materials/BaseColor/M_BaseColor_Dark_02.mat using Guid(94e3315dafce86b48812bbca178aef08) Importer(815301076,1909f56bfc062723c751e8b465ee728b) [PhysX] Initialized MultithreadedTaskDispatcher with 12 workers.
[PhysX] Initialized MultithreadedTaskDispatcher with 12 workers.
 -> (artifact id: '2d0b1370301edd7e53169e88576ddd03') in 0.032425 seconds
Number of updated asset objects reloaded before import = 0
Number of asset objects unloaded after import = 3
========================================================================
Received Import Request.
  Time since last request: 0.000074 seconds.
  path: Assets/G-spot_Lab/MagicEnergyVFXShaderLitePack/Materials/BaseColor/M_BaseColor_Orange_01.mat
  artifactKey: Guid(caf066a4862b6e54782a4e9840d96b27) Importer(815301076,1909f56bfc062723c751e8b465ee728b)
Start importing Assets/G-spot_Lab/MagicEnergyVFXShaderLitePack/Materials/BaseColor/M_BaseColor_Orange_01.mat using Guid(caf066a4862b6e54782a4e9840d96b27) Importer(815301076,1909f56bfc062723c751e8b465ee728b) [PhysX] Initialized MultithreadedTaskDispatcher with 12 workers.
[PhysX] Initialized MultithreadedTaskDispatcher with 12 workers.
 -> (artifact id: 'ac8374bddc47055adc7bd90f85bd0aaf') in 0.027986 seconds
Number of updated asset objects reloaded before import = 0
Number of asset objects unloaded after import = 3
========================================================================
Received Import Request.
  Time since last request: 0.000027 seconds.
  path: Assets/G-spot_Lab/MagicEnergyVFXShaderLitePack/Materials/BaseColor/M_BaseColor_Green_02.mat
  artifactKey: Guid(c91cda78bc299ea4eb3dacbdcb641c02) Importer(815301076,1909f56bfc062723c751e8b465ee728b)
Start importing Assets/G-spot_Lab/MagicEnergyVFXShaderLitePack/Materials/BaseColor/M_BaseColor_Green_02.mat using Guid(c91cda78bc299ea4eb3dacbdcb641c02) Importer(815301076,1909f56bfc062723c751e8b465ee728b) [PhysX] Initialized MultithreadedTaskDispatcher with 12 workers.
[PhysX] Initialized MultithreadedTaskDispatcher with 12 workers.
 -> (artifact id: 'e9f9fced0548e07d556624bb52a5dbb1') in 0.028079 seconds
Number of updated asset objects reloaded before import = 0
Number of asset objects unloaded after import = 3
========================================================================
Received Import Request.
  Time since last request: 0.000061 seconds.
  path: Assets/G-spot_Lab/MagicEnergyVFXShaderLitePack/Materials/BaseColor/M_BaseColor_Purple_01.mat
  artifactKey: Guid(2c0c54a8f469abb4ab12686e29c066b2) Importer(815301076,1909f56bfc062723c751e8b465ee728b)
Start importing Assets/G-spot_Lab/MagicEnergyVFXShaderLitePack/Materials/BaseColor/M_BaseColor_Purple_01.mat using Guid(2c0c54a8f469abb4ab12686e29c066b2) Importer(815301076,1909f56bfc062723c751e8b465ee728b) [PhysX] Initialized MultithreadedTaskDispatcher with 12 workers.
[PhysX] Initialized MultithreadedTaskDispatcher with 12 workers.
 -> (artifact id: 'ce55a98bba5affbe5cadc1488c3e8596') in 0.029432 seconds
Number of updated asset objects reloaded before import = 0
Number of asset objects unloaded after import = 3
========================================================================
Received Import Request.
  Time since last request: 0.000037 seconds.
  path: Assets/G-spot_Lab/MagicEnergyVFXShaderLitePack/Materials/BaseColor/M_BaseColor_Purple_02.mat
  artifactKey: Guid(8b0fe580921b6ef42bb5b8e538313681) Importer(815301076,1909f56bfc062723c751e8b465ee728b)
Start importing Assets/G-spot_Lab/MagicEnergyVFXShaderLitePack/Materials/BaseColor/M_BaseColor_Purple_02.mat using Guid(8b0fe580921b6ef42bb5b8e538313681) Importer(815301076,1909f56bfc062723c751e8b465ee728b) [PhysX] Initialized MultithreadedTaskDispatcher with 12 workers.
[PhysX] Initialized MultithreadedTaskDispatcher with 12 workers.
 -> (artifact id: 'cfd2ce2aacdeb650e98464e0706eb33b') in 0.021340 seconds
Number of updated asset objects reloaded before import = 0
Number of asset objects unloaded after import = 3
========================================================================
Received Import Request.
  Time since last request: 0.000028 seconds.
  path: Assets/G-spot_Lab/MagicEnergyVFXShaderLitePack/Materials/BaseColor/M_BaseColor_Orange_02.mat
  artifactKey: Guid(155215c5ef9beee45bd15cb649948ad0) Importer(815301076,1909f56bfc062723c751e8b465ee728b)
Start importing Assets/G-spot_Lab/MagicEnergyVFXShaderLitePack/Materials/BaseColor/M_BaseColor_Orange_02.mat using Guid(155215c5ef9beee45bd15cb649948ad0) Importer(815301076,1909f56bfc062723c751e8b465ee728b) [PhysX] Initialized MultithreadedTaskDispatcher with 12 workers.
[PhysX] Initialized MultithreadedTaskDispatcher with 12 workers.
 -> (artifact id: '284975a115f5e700bc115fbd8e28037d') in 0.027835 seconds
Number of updated asset objects reloaded before import = 0
Number of asset objects unloaded after import = 3
========================================================================
Received Import Request.
  Time since last request: 24.591348 seconds.
  path: Assets/G-spot_Lab/MagicEnergyVFXShaderLitePack/Textures/T_MagicEnergy_Orange_02.png
  artifactKey: Guid(6084ea577a3fb9047aeaf00b15b04b74) Importer(815301076,1909f56bfc062723c751e8b465ee728b)
Start importing Assets/G-spot_Lab/MagicEnergyVFXShaderLitePack/Textures/T_MagicEnergy_Orange_02.png using Guid(6084ea577a3fb9047aeaf00b15b04b74) Importer(815301076,1909f56bfc062723c751e8b465ee728b) [PhysX] Initialized MultithreadedTaskDispatcher with 12 workers.
[PhysX] Initialized MultithreadedTaskDispatcher with 12 workers.
 -> (artifact id: '3025c4c75b7e39c48cb6cd5875849a6a') in 0.020394 seconds
Number of updated asset objects reloaded before import = 0
Number of asset objects unloaded after import = 2
========================================================================
Received Prepare
Caller must complete domain reload
Begin MonoManager ReloadAssembly
- Loaded All Assemblies, in  0.614 seconds
Native extension for WindowsStandalone target not found
Native extension for Android target not found
Mono: successfully reloaded assembly
- Finished resetting the current domain, in  1.451 seconds
Domain Reload Profiling: 2061ms
	BeginReloadAssembly (179ms)
		ExecutionOrderSort (0ms)
		DisableScriptedObjects (9ms)
		BackupInstance (0ms)
		ReleaseScriptingObjects (0ms)
		CreateAndSetChildDomain (42ms)
	RebuildCommonClasses (35ms)
	RebuildNativeTypeToScriptingClass (14ms)
	initialDomainReloadingComplete (32ms)
	LoadAllAssembliesAndSetupDomain (349ms)
		LoadAssemblies (419ms)
		RebuildTransferFunctionScriptingTraits (0ms)
		AnalyzeDomain (23ms)
			TypeCache.Refresh (6ms)
				TypeCache.ScanAssembly (0ms)
			ScanForSourceGeneratedMonoScriptInfo (0ms)
			ResolveRequiredComponents (14ms)
	FinalizeReload (1451ms)
		ReleaseScriptCaches (0ms)
		RebuildScriptCaches (0ms)
		SetupLoadedEditorAssemblies (533ms)
			LogAssemblyErrors (0ms)
			InitializePlatformSupportModulesInManaged (23ms)
			SetLoadedEditorAssemblies (4ms)
			RefreshPlugins (0ms)
			BeforeProcessingInitializeOnLoad (99ms)
			ProcessInitializeOnLoadAttributes (325ms)
			ProcessInitializeOnLoadMethodAttributes (70ms)
			AfterProcessingInitializeOnLoad (11ms)
			EditorAssembliesLoaded (0ms)
		ExecutionOrderSort2 (0ms)
		AwakeInstancesAfterBackupRestoration (23ms)
Refreshing native plugins compatible for Editor in 10.05 ms, found 4 plugins.
Preloading 0 native plugins for Editor in 0.00 ms.
Unloading 5186 Unused Serialized files (Serialized files now loaded: 0)
Unloading 22 unused Assets / (317.7 KB). Loaded Objects now: 6166.
Memory consumption went from 190.5 MB to 190.2 MB.
Total: 5.348300 ms (FindLiveObjects: 0.773600 ms CreateObjectMapping: 0.729100 ms MarkObjects: 3.678700 ms  DeleteObjects: 0.165800 ms)

Prepare: number of updated asset objects reloaded= 0
AssetImportParameters requested are different than current active one (requested -> active):
  custom:container-demuxer-ogg: 62fdf1f143b41e24485cea50d1cbac27 -> 
  custom:video-decoder-ogg-theora: a1e56fd34408186e4bbccfd4996cb3dc -> 
  custom:framework-win-MediaFoundation: 216162199b28c13a410421893ffa2e32 -> 
  custom:scripting/monoscript/fileName/GetGlobalMatrixLite.cs: d68b8cc2467eb692c568a9afbf1e1cf3 -> 
  custom:CustomObjectIndexerAttribute: 72b91833f83ae208fae7752999fa3104 -> 
  custom:container-demuxer-webm: 4f35f7cbe854078d1ac9338744f61a02 -> 
  custom:container-muxer-webm: aa71ff27fc2769a1b78a27578f13a17b -> 
  custom:video-decoder-webm-vp8: 9c59270c3fd7afecdb556c50c9e8de78 -> 
  custom:SearchIndexIgnoredProperties: e643bd26f0fe6173181afceb89e7c659 -> 
  custom:AudioImporter_EditorPlatform: d09bf68614088b80899f8185d706f6e7 -> 
  custom:video-encoder-webm-vp8: eb34c28f22e8b96e1ab97ce403110664 -> 
  custom:audio-decoder-ogg-vorbis: bf7c407c2cedff20999df2af8eb42d56 -> 
  custom:scripting/monoscript/fileName/ReadmeLite.cs: bcf610c110b08ae53900f9124d5a74fc -> 
  custom:audio-encoder-webm-vorbis: bf7c407c2cedff20999df2af8eb42d56 -> 
  custom:scripting/precompiled-assembly-types:Assembly-CSharp-Editor: 36092ecda43647c847bb7615a1289261 -> aca7125a3389c5f4127a11b74e5e93cb
  custom:scripting/monoscript/fileName/ReadmeEditorLite.cs: 046d1d9742b893afd64dcb281deae780 -> 
  custom:scripting/precompiled-assembly-types:Assembly-CSharp: 59dcabc6474b15fce3eca524e73c35c5 -> 733cbc0d8ce40fadb6dfbcc361aac392
========================================================================
Received Import Request.
  Time since last request: 262.888930 seconds.
  path: Assets/G-spot_Lab/MagicEnergyVFXShaderLitePack/Materials/BaseColor/M_BaseColor_Green_01.mat
  artifactKey: Guid(f89ec90a989b5b44288dd092d31bbf50) Importer(815301076,1909f56bfc062723c751e8b465ee728b)
Start importing Assets/G-spot_Lab/MagicEnergyVFXShaderLitePack/Materials/BaseColor/M_BaseColor_Green_01.mat using Guid(f89ec90a989b5b44288dd092d31bbf50) Importer(815301076,1909f56bfc062723c751e8b465ee728b) [PhysX] Initialized MultithreadedTaskDispatcher with 12 workers.
[PhysX] Initialized MultithreadedTaskDispatcher with 12 workers.
 -> (artifact id: 'c9ed2c09cabd7b8bb8653698d87a37f3') in 0.241324 seconds
Number of updated asset objects reloaded before import = 0
Number of asset objects unloaded after import = 24
========================================================================
Received Import Request.
  Time since last request: 0.000026 seconds.
  path: Assets/G-spot_Lab/MagicEnergyVFXShaderLitePack/Materials/BaseColor/M_BaseColor_Orange_02.mat
  artifactKey: Guid(155215c5ef9beee45bd15cb649948ad0) Importer(815301076,1909f56bfc062723c751e8b465ee728b)
Start importing Assets/G-spot_Lab/MagicEnergyVFXShaderLitePack/Materials/BaseColor/M_BaseColor_Orange_02.mat using Guid(155215c5ef9beee45bd15cb649948ad0) Importer(815301076,1909f56bfc062723c751e8b465ee728b) [PhysX] Initialized MultithreadedTaskDispatcher with 12 workers.
[PhysX] Initialized MultithreadedTaskDispatcher with 12 workers.
 -> (artifact id: '9f5f6b1ec80b9e10bb15fce021c01559') in 0.017372 seconds
Number of updated asset objects reloaded before import = 0
Number of asset objects unloaded after import = 3
========================================================================
Received Prepare
Caller must complete domain reload
Begin MonoManager ReloadAssembly
- Loaded All Assemblies, in  0.615 seconds
Native extension for WindowsStandalone target not found
Native extension for Android target not found
Mono: successfully reloaded assembly
- Finished resetting the current domain, in  1.222 seconds
Domain Reload Profiling: 1834ms
	BeginReloadAssembly (170ms)
		ExecutionOrderSort (0ms)
		DisableScriptedObjects (8ms)
		BackupInstance (0ms)
		ReleaseScriptingObjects (0ms)
		CreateAndSetChildDomain (42ms)
	RebuildCommonClasses (27ms)
	RebuildNativeTypeToScriptingClass (9ms)
	initialDomainReloadingComplete (36ms)
	LoadAllAssembliesAndSetupDomain (370ms)
		LoadAssemblies (404ms)
		RebuildTransferFunctionScriptingTraits (0ms)
		AnalyzeDomain (52ms)
			TypeCache.Refresh (16ms)
				TypeCache.ScanAssembly (1ms)
			ScanForSourceGeneratedMonoScriptInfo (23ms)
			ResolveRequiredComponents (10ms)
	FinalizeReload (1222ms)
		ReleaseScriptCaches (0ms)
		RebuildScriptCaches (0ms)
		SetupLoadedEditorAssemblies (405ms)
			LogAssemblyErrors (0ms)
			InitializePlatformSupportModulesInManaged (18ms)
			SetLoadedEditorAssemblies (3ms)
			RefreshPlugins (0ms)
			BeforeProcessingInitializeOnLoad (74ms)
			ProcessInitializeOnLoadAttributes (245ms)
			ProcessInitializeOnLoadMethodAttributes (55ms)
			AfterProcessingInitializeOnLoad (10ms)
			EditorAssembliesLoaded (0ms)
		ExecutionOrderSort2 (0ms)
		AwakeInstancesAfterBackupRestoration (20ms)
Refreshing native plugins compatible for Editor in 6.35 ms, found 4 plugins.
Preloading 0 native plugins for Editor in 0.00 ms.
Unloading 5191 Unused Serialized files (Serialized files now loaded: 0)
Unloading 23 unused Assets / (378.6 KB). Loaded Objects now: 6211.
Memory consumption went from 191.1 MB to 190.8 MB.
Total: 3.608800 ms (FindLiveObjects: 0.464400 ms CreateObjectMapping: 0.318600 ms MarkObjects: 2.616100 ms  DeleteObjects: 0.209000 ms)

Prepare: number of updated asset objects reloaded= 0
AssetImportParameters requested are different than current active one (requested -> active):
  custom:container-demuxer-ogg: 62fdf1f143b41e24485cea50d1cbac27 -> 
  custom:video-decoder-ogg-theora: a1e56fd34408186e4bbccfd4996cb3dc -> 
  custom:framework-win-MediaFoundation: 216162199b28c13a410421893ffa2e32 -> 
  custom:scripting/monoscript/fileName/Spin.cs: 89e4d1e42bca86b4bd33800f41e178b0 -> 
  custom:scripting/monoscript/fileName/GetGlobalMatrixLite.cs: d68b8cc2467eb692c568a9afbf1e1cf3 -> 
  custom:scripting/monoscript/fileName/ActivateDepthRendering.cs: 7ccd211cd6f23063bea4bdf839aa93ea -> 
  custom:CustomObjectIndexerAttribute: 72b91833f83ae208fae7752999fa3104 -> 
  custom:scripting/monoscript/fileName/BaseShaderGUI.cs: 5960c8e7cb5d6248434f7a11b774aee5 -> b5cebbc7bcb33d9f34bec913f3c297a3
  custom:container-demuxer-webm: 4f35f7cbe854078d1ac9338744f61a02 -> 
  custom:container-muxer-webm: aa71ff27fc2769a1b78a27578f13a17b -> 
  custom:scripting/precompiled-assembly-types:Andtech.StarPack.Editor: 73ed7ee1acd5a70bf4f24a76ee363d3d -> 
  custom:video-decoder-webm-vp8: 9c59270c3fd7afecdb556c50c9e8de78 -> 
  custom:SearchIndexIgnoredProperties: e643bd26f0fe6173181afceb89e7c659 -> 
  custom:AudioImporter_EditorPlatform: d09bf68614088b80899f8185d706f6e7 -> 
  custom:scripting/monoscript/fileName/ParticleStandardGlowShaderGUI.cs: 4160d8a7c81b3ee4dd7126dbb80c4048 -> 
  custom:video-encoder-webm-vp8: eb34c28f22e8b96e1ab97ce403110664 -> 
  custom:audio-decoder-ogg-vorbis: bf7c407c2cedff20999df2af8eb42d56 -> 
  custom:scripting/monoscript/fileName/ReadmeLite.cs: bcf610c110b08ae53900f9124d5a74fc -> 
  custom:audio-encoder-webm-vorbis: bf7c407c2cedff20999df2af8eb42d56 -> 
  custom:scripting/precompiled-assembly-types:Assembly-CSharp-Editor: 36092ecda43647c847bb7615a1289261 -> aca7125a3389c5f4127a11b74e5e93cb
  custom:scripting/monoscript/fileName/ReadmeEditorLite.cs: 046d1d9742b893afd64dcb281deae780 -> 
  custom:scripting/precompiled-assembly-types:Assembly-CSharp: 1e78ece5afe2fd3f00907dbbbef71802 -> 733cbc0d8ce40fadb6dfbcc361aac392
========================================================================
Received Import Request.
  Time since last request: 40.799845 seconds.
  path: Assets/Andtech/Star Pack
  artifactKey: Guid(f186a98c4975ca64b949a2fcd3d89e71) Importer(815301076,1909f56bfc062723c751e8b465ee728b)
Start importing Assets/Andtech/Star Pack using Guid(f186a98c4975ca64b949a2fcd3d89e71) Importer(815301076,1909f56bfc062723c751e8b465ee728b) [PhysX] Initialized MultithreadedTaskDispatcher with 12 workers.
 -> (artifact id: '00d5a8d61a2ed7d93807339d224031e0') in 0.001666 seconds
Number of updated asset objects reloaded before import = 0
Number of asset objects unloaded after import = 0
========================================================================
Received Import Request.
  Time since last request: 1.515482 seconds.
  path: Assets/Andtech/Star Pack/Samples
  artifactKey: Guid(65108483d2473af459a20661a59617be) Importer(815301076,1909f56bfc062723c751e8b465ee728b)
Start importing Assets/Andtech/Star Pack/Samples using Guid(65108483d2473af459a20661a59617be) Importer(815301076,1909f56bfc062723c751e8b465ee728b) [PhysX] Initialized MultithreadedTaskDispatcher with 12 workers.
 -> (artifact id: '3edd6c4493c250bb7c96c32e37071a88') in 0.000562 seconds
Number of updated asset objects reloaded before import = 0
Number of asset objects unloaded after import = 0
========================================================================
Received Import Request.
  Time since last request: 0.630160 seconds.
  path: Assets/Andtech/Star Pack/Samples/Star Pack Demo
  artifactKey: Guid(67330f5f0763ac749892ce70e3a02231) Importer(815301076,1909f56bfc062723c751e8b465ee728b)
Start importing Assets/Andtech/Star Pack/Samples/Star Pack Demo using Guid(67330f5f0763ac749892ce70e3a02231) Importer(815301076,1909f56bfc062723c751e8b465ee728b) [PhysX] Initialized MultithreadedTaskDispatcher with 12 workers.
 -> (artifact id: 'c1576f0c5ee98391b7978c499ff08c8b') in 0.000504 seconds
Number of updated asset objects reloaded before import = 0
Number of asset objects unloaded after import = 0
========================================================================
Received Import Request.
  Time since last request: 1.855740 seconds.
  path: Assets/Andtech/Star Pack/Samples/Star Pack Demo/Materials
  artifactKey: Guid(afef9b0415e3f204c9ae93df5722d9ab) Importer(815301076,1909f56bfc062723c751e8b465ee728b)
Start importing Assets/Andtech/Star Pack/Samples/Star Pack Demo/Materials using Guid(afef9b0415e3f204c9ae93df5722d9ab) Importer(815301076,1909f56bfc062723c751e8b465ee728b) [PhysX] Initialized MultithreadedTaskDispatcher with 12 workers.
 -> (artifact id: '7dbd65ae70fdc2ae53bd09a494a109e1') in 0.000570 seconds
Number of updated asset objects reloaded before import = 0
Number of asset objects unloaded after import = 0
========================================================================
Received Import Request.
  Time since last request: 0.064200 seconds.
  path: Assets/Andtech/Star Pack/Samples/Star Pack Demo/Materials/Blue.mat
  artifactKey: Guid(335ab5495dae41143907e1b842786591) Importer(815301076,1909f56bfc062723c751e8b465ee728b)
Start importing Assets/Andtech/Star Pack/Samples/Star Pack Demo/Materials/Blue.mat using Guid(335ab5495dae41143907e1b842786591) Importer(815301076,1909f56bfc062723c751e8b465ee728b) [PhysX] Initialized MultithreadedTaskDispatcher with 12 workers.
[PhysX] Initialized MultithreadedTaskDispatcher with 12 workers.
 -> (artifact id: '93a84a2d123371cd48c3db72e5730c49') in 0.258863 seconds
Number of updated asset objects reloaded before import = 0
Number of asset objects unloaded after import = 21
========================================================================
Received Import Request.
  Time since last request: 0.000049 seconds.
  path: Assets/Andtech/Star Pack/Samples/Star Pack Demo/Materials/Red.mat
  artifactKey: Guid(1d30b7e3beae3d94ea8f3518d64a0548) Importer(815301076,1909f56bfc062723c751e8b465ee728b)
Start importing Assets/Andtech/Star Pack/Samples/Star Pack Demo/Materials/Red.mat using Guid(1d30b7e3beae3d94ea8f3518d64a0548) Importer(815301076,1909f56bfc062723c751e8b465ee728b) [PhysX] Initialized MultithreadedTaskDispatcher with 12 workers.
[PhysX] Initialized MultithreadedTaskDispatcher with 12 workers.
 -> (artifact id: 'ffca4c9b9b72f8997d015f290d23ab53') in 0.011052 seconds
Number of updated asset objects reloaded before import = 0
Number of asset objects unloaded after import = 2
========================================================================
Received Import Request.
  Time since last request: 0.000042 seconds.
  path: Assets/Andtech/Star Pack/Samples/Star Pack Demo/Materials/Green.mat
  artifactKey: Guid(8384546aefc2f294f8f8ba3975f8bf5a) Importer(815301076,1909f56bfc062723c751e8b465ee728b)
Start importing Assets/Andtech/Star Pack/Samples/Star Pack Demo/Materials/Green.mat using Guid(8384546aefc2f294f8f8ba3975f8bf5a) Importer(815301076,1909f56bfc062723c751e8b465ee728b) [PhysX] Initialized MultithreadedTaskDispatcher with 12 workers.
[PhysX] Initialized MultithreadedTaskDispatcher with 12 workers.
 -> (artifact id: 'b4f9e6305ce27e4b626bb7d033b0e10b') in 0.008172 seconds
Number of updated asset objects reloaded before import = 0
Number of asset objects unloaded after import = 2
========================================================================
Received Import Request.
  Time since last request: 3.521835 seconds.
  path: Assets/Andtech/Star Pack/Editor
  artifactKey: Guid(e29d5f325cedfe04fb2f164765984677) Importer(815301076,1909f56bfc062723c751e8b465ee728b)
Start importing Assets/Andtech/Star Pack/Editor using Guid(e29d5f325cedfe04fb2f164765984677) Importer(815301076,1909f56bfc062723c751e8b465ee728b) [PhysX] Initialized MultithreadedTaskDispatcher with 12 workers.
 -> (artifact id: '363110df4c85743142af9b728af2b045') in 0.000613 seconds
Number of updated asset objects reloaded before import = 0
Number of asset objects unloaded after import = 0
========================================================================
Received Import Request.
  Time since last request: 0.036302 seconds.
  path: Assets/Andtech/Star Pack/Editor/Andtech.StarPack.Editor.asmdef
  artifactKey: Guid(77fca061beccd5f46853425eb0a761bd) Importer(815301076,1909f56bfc062723c751e8b465ee728b)
Start importing Assets/Andtech/Star Pack/Editor/Andtech.StarPack.Editor.asmdef using Guid(77fca061beccd5f46853425eb0a761bd) Importer(815301076,1909f56bfc062723c751e8b465ee728b) [PhysX] Initialized MultithreadedTaskDispatcher with 12 workers.
 -> (artifact id: '99318a9b10f7847358ac291c8524b1b4') in 0.000799 seconds
Number of updated asset objects reloaded before import = 0
Number of asset objects unloaded after import = 0
========================================================================
Received Import Request.
  Time since last request: 37.755267 seconds.
  path: Assets/Andtech/Star Pack/Runtime/Textures/dot.png
  artifactKey: Guid(3b44df8c2ef7c024ea6f8fc062a579c3) Importer(815301076,1909f56bfc062723c751e8b465ee728b)
Start importing Assets/Andtech/Star Pack/Runtime/Textures/dot.png using Guid(3b44df8c2ef7c024ea6f8fc062a579c3) Importer(815301076,1909f56bfc062723c751e8b465ee728b) [PhysX] Initialized MultithreadedTaskDispatcher with 12 workers.
[PhysX] Initialized MultithreadedTaskDispatcher with 12 workers.
 -> (artifact id: '78bdd6c3f7aa92c1fa369c9233e42f6a') in 0.022044 seconds
Number of updated asset objects reloaded before import = 0
Number of asset objects unloaded after import = 2
========================================================================
Received Import Request.
  Time since last request: 0.000041 seconds.
  path: Assets/Andtech/Star Pack/Runtime/Textures/six.png
  artifactKey: Guid(17837a525a501764d81c165f6416faa4) Importer(815301076,1909f56bfc062723c751e8b465ee728b)
Start importing Assets/Andtech/Star Pack/Runtime/Textures/six.png using Guid(17837a525a501764d81c165f6416faa4) Importer(815301076,1909f56bfc062723c751e8b465ee728b) [PhysX] Initialized MultithreadedTaskDispatcher with 12 workers.
[PhysX] Initialized MultithreadedTaskDispatcher with 12 workers.
 -> (artifact id: '48c4f080fc9910558a72df77b7a42df8') in 0.015117 seconds
Number of updated asset objects reloaded before import = 0
Number of asset objects unloaded after import = 2
========================================================================
Received Import Request.
  Time since last request: 0.000026 seconds.
  path: Assets/Andtech/Star Pack/Runtime/Textures/icon.png
  artifactKey: Guid(c689eeed05ed0a04d874002da2b18a50) Importer(815301076,1909f56bfc062723c751e8b465ee728b)
Start importing Assets/Andtech/Star Pack/Runtime/Textures/icon.png using Guid(c689eeed05ed0a04d874002da2b18a50) Importer(815301076,1909f56bfc062723c751e8b465ee728b) [PhysX] Initialized MultithreadedTaskDispatcher with 12 workers.
[PhysX] Initialized MultithreadedTaskDispatcher with 12 workers.
 -> (artifact id: 'f24ed755f1d50f0c732bf7551e3cb668') in 0.014484 seconds
Number of updated asset objects reloaded before import = 0
Number of asset objects unloaded after import = 2
========================================================================
Received Import Request.
  Time since last request: 52.189796 seconds.
  path: Assets/Andtech/Star Pack/Samples/Star Pack Demo/Models/Gold.fbx
  artifactKey: Guid(fcee219c51850af4884b46886d131e57) Importer(815301076,1909f56bfc062723c751e8b465ee728b)
Start importing Assets/Andtech/Star Pack/Samples/Star Pack Demo/Models/Gold.fbx using Guid(fcee219c51850af4884b46886d131e57) Importer(815301076,1909f56bfc062723c751e8b465ee728b) [PhysX] Initialized MultithreadedTaskDispatcher with 12 workers.
[PhysX] Initialized MultithreadedTaskDispatcher with 12 workers.
[PhysX] Initialized MultithreadedTaskDispatcher with 12 workers.
 -> (artifact id: 'dc8e7d620514394da799d23d896916b4') in 0.117917 seconds
Number of updated asset objects reloaded before import = 0
Number of asset objects unloaded after import = 8
========================================================================
Received Import Request.
  Time since last request: 1.834057 seconds.
  path: Assets/Andtech/Star Pack/Samples/Star Pack Demo/Prefabs/Flame.prefab
  artifactKey: Guid(b6763604ad5c78246b36eccaf41736e7) Importer(815301076,1909f56bfc062723c751e8b465ee728b)
Start importing Assets/Andtech/Star Pack/Samples/Star Pack Demo/Prefabs/Flame.prefab using Guid(b6763604ad5c78246b36eccaf41736e7) Importer(815301076,1909f56bfc062723c751e8b465ee728b) [PhysX] Initialized MultithreadedTaskDispatcher with 12 workers.
[PhysX] Initialized MultithreadedTaskDispatcher with 12 workers.
 -> (artifact id: '0c680741b9910618cb2455f74fe3266c') in 0.058869 seconds
Number of updated asset objects reloaded before import = 0
Number of asset objects unloaded after import = 10
========================================================================
Received Import Request.
  Time since last request: 28.285273 seconds.
  path: Assets/Andtech/Star Pack/Samples/Star Pack Demo/Scenes/Star Pack Demo/Lightmap-0_comp_dir.png
  artifactKey: Guid(cf8e344f3fe52fa419687d8311880687) Importer(815301076,1909f56bfc062723c751e8b465ee728b)
Start importing Assets/Andtech/Star Pack/Samples/Star Pack Demo/Scenes/Star Pack Demo/Lightmap-0_comp_dir.png using Guid(cf8e344f3fe52fa419687d8311880687) Importer(815301076,1909f56bfc062723c751e8b465ee728b) [PhysX] Initialized MultithreadedTaskDispatcher with 12 workers.
[PhysX] Initialized MultithreadedTaskDispatcher with 12 workers.
 -> (artifact id: '3cf328de07459effcffd2a5ff1baa061') in 0.017040 seconds
Number of updated asset objects reloaded before import = 0
Number of asset objects unloaded after import = 2
========================================================================
Received Import Request.
  Time since last request: 0.000032 seconds.
  path: Assets/Andtech/Star Pack/Samples/Star Pack Demo/Scenes/Star Pack Demo/ReflectionProbe-0.exr
  artifactKey: Guid(e38ed111c73acd5489c200405cd4cee2) Importer(815301076,1909f56bfc062723c751e8b465ee728b)
Start importing Assets/Andtech/Star Pack/Samples/Star Pack Demo/Scenes/Star Pack Demo/ReflectionProbe-0.exr using Guid(e38ed111c73acd5489c200405cd4cee2) Importer(815301076,1909f56bfc062723c751e8b465ee728b) [PhysX] Initialized MultithreadedTaskDispatcher with 12 workers.
[PhysX] Initialized MultithreadedTaskDispatcher with 12 workers.
[PhysX] Initialized MultithreadedTaskDispatcher with 12 workers.
 -> (artifact id: 'fbb4c395d97575d2767acb28b3436efa') in 0.040397 seconds
Number of updated asset objects reloaded before import = 0
Number of asset objects unloaded after import = 2
========================================================================
Received Prepare
Caller must complete domain reload
Begin MonoManager ReloadAssembly
- Loaded All Assemblies, in  0.570 seconds
Native extension for WindowsStandalone target not found
Native extension for Android target not found
Mono: successfully reloaded assembly
- Finished resetting the current domain, in  1.296 seconds
Domain Reload Profiling: 1862ms
	BeginReloadAssembly (174ms)
		ExecutionOrderSort (0ms)
		DisableScriptedObjects (9ms)
		BackupInstance (0ms)
		ReleaseScriptingObjects (0ms)
		CreateAndSetChildDomain (47ms)
	RebuildCommonClasses (29ms)
	RebuildNativeTypeToScriptingClass (8ms)
	initialDomainReloadingComplete (37ms)
	LoadAllAssembliesAndSetupDomain (318ms)
		LoadAssemblies (362ms)
		RebuildTransferFunctionScriptingTraits (0ms)
		AnalyzeDomain (43ms)
			TypeCache.Refresh (12ms)
				TypeCache.ScanAssembly (1ms)
			ScanForSourceGeneratedMonoScriptInfo (20ms)
			ResolveRequiredComponents (9ms)
	FinalizeReload (1296ms)
		ReleaseScriptCaches (0ms)
		RebuildScriptCaches (0ms)
		SetupLoadedEditorAssemblies (411ms)
			LogAssemblyErrors (0ms)
			InitializePlatformSupportModulesInManaged (18ms)
			SetLoadedEditorAssemblies (3ms)
			RefreshPlugins (0ms)
			BeforeProcessingInitializeOnLoad (73ms)
			ProcessInitializeOnLoadAttributes (253ms)
			ProcessInitializeOnLoadMethodAttributes (55ms)
			AfterProcessingInitializeOnLoad (9ms)
			EditorAssembliesLoaded (0ms)
		ExecutionOrderSort2 (0ms)
		AwakeInstancesAfterBackupRestoration (20ms)
Refreshing native plugins compatible for Editor in 6.78 ms, found 4 plugins.
Preloading 0 native plugins for Editor in 0.00 ms.
Unloading 5186 Unused Serialized files (Serialized files now loaded: 0)
Unloading 24 unused Assets / (318.8 KB). Loaded Objects now: 6255.
Memory consumption went from 190.8 MB to 190.5 MB.
Total: 4.305900 ms (FindLiveObjects: 0.596500 ms CreateObjectMapping: 0.498500 ms MarkObjects: 3.100900 ms  DeleteObjects: 0.109300 ms)

Prepare: number of updated asset objects reloaded= 0
AssetImportParameters requested are different than current active one (requested -> active):
  custom:container-demuxer-ogg: 62fdf1f143b41e24485cea50d1cbac27 -> 
  custom:video-decoder-ogg-theora: a1e56fd34408186e4bbccfd4996cb3dc -> 
  custom:framework-win-MediaFoundation: 216162199b28c13a410421893ffa2e32 -> 
  custom:scripting/monoscript/fileName/Spin.cs: 89e4d1e42bca86b4bd33800f41e178b0 -> 
  custom:scripting/monoscript/fileName/GetGlobalMatrixLite.cs: d68b8cc2467eb692c568a9afbf1e1cf3 -> 
  custom:scripting/monoscript/fileName/ActivateDepthRendering.cs: 7ccd211cd6f23063bea4bdf839aa93ea -> 
  custom:CustomObjectIndexerAttribute: 72b91833f83ae208fae7752999fa3104 -> 
  custom:scripting/monoscript/fileName/BaseShaderGUI.cs: 5960c8e7cb5d6248434f7a11b774aee5 -> b5cebbc7bcb33d9f34bec913f3c297a3
  custom:container-demuxer-webm: 4f35f7cbe854078d1ac9338744f61a02 -> 
  custom:container-muxer-webm: aa71ff27fc2769a1b78a27578f13a17b -> 
  custom:video-decoder-webm-vp8: 9c59270c3fd7afecdb556c50c9e8de78 -> 
  custom:SearchIndexIgnoredProperties: e643bd26f0fe6173181afceb89e7c659 -> 
  custom:AudioImporter_EditorPlatform: d09bf68614088b80899f8185d706f6e7 -> 
  custom:scripting/monoscript/fileName/ParticleStandardGlowShaderGUI.cs: 4160d8a7c81b3ee4dd7126dbb80c4048 -> 
  custom:video-encoder-webm-vp8: eb34c28f22e8b96e1ab97ce403110664 -> 
  custom:audio-decoder-ogg-vorbis: bf7c407c2cedff20999df2af8eb42d56 -> 
  custom:scripting/monoscript/fileName/ReadmeLite.cs: bcf610c110b08ae53900f9124d5a74fc -> 
  custom:audio-encoder-webm-vorbis: bf7c407c2cedff20999df2af8eb42d56 -> 
  custom:scripting/precompiled-assembly-types:Assembly-CSharp-Editor: 36092ecda43647c847bb7615a1289261 -> aca7125a3389c5f4127a11b74e5e93cb
  custom:scripting/monoscript/fileName/ReadmeEditorLite.cs: 046d1d9742b893afd64dcb281deae780 -> 
  custom:scripting/precompiled-assembly-types:Assembly-CSharp: 59dcabc6474b15fce3eca524e73c35c5 -> 733cbc0d8ce40fadb6dfbcc361aac392
========================================================================
Received Prepare
Caller must complete domain reload
Begin MonoManager ReloadAssembly
- Loaded All Assemblies, in  0.800 seconds
Native extension for WindowsStandalone target not found
Native extension for Android target not found
Mono: successfully reloaded assembly
- Finished resetting the current domain, in  2.551 seconds
Domain Reload Profiling: 3347ms
	BeginReloadAssembly (236ms)
		ExecutionOrderSort (0ms)
		DisableScriptedObjects (4ms)
		BackupInstance (0ms)
		ReleaseScriptingObjects (0ms)
		CreateAndSetChildDomain (40ms)
	RebuildCommonClasses (33ms)
	RebuildNativeTypeToScriptingClass (10ms)
	initialDomainReloadingComplete (37ms)
	LoadAllAssembliesAndSetupDomain (479ms)
		LoadAssemblies (597ms)
		RebuildTransferFunctionScriptingTraits (0ms)
		AnalyzeDomain (42ms)
			TypeCache.Refresh (10ms)
				TypeCache.ScanAssembly (1ms)
			ScanForSourceGeneratedMonoScriptInfo (19ms)
			ResolveRequiredComponents (10ms)
	FinalizeReload (2551ms)
		ReleaseScriptCaches (0ms)
		RebuildScriptCaches (0ms)
		SetupLoadedEditorAssemblies (476ms)
			LogAssemblyErrors (0ms)
			InitializePlatformSupportModulesInManaged (19ms)
			SetLoadedEditorAssemblies (4ms)
			RefreshPlugins (0ms)
			BeforeProcessingInitializeOnLoad (92ms)
			ProcessInitializeOnLoadAttributes (285ms)
			ProcessInitializeOnLoadMethodAttributes (65ms)
			AfterProcessingInitializeOnLoad (11ms)
			EditorAssembliesLoaded (0ms)
		ExecutionOrderSort2 (0ms)
		AwakeInstancesAfterBackupRestoration (22ms)
Refreshing native plugins compatible for Editor in 6.33 ms, found 4 plugins.
Preloading 0 native plugins for Editor in 0.00 ms.
Unloading 5187 Unused Serialized files (Serialized files now loaded: 0)
Unloading 22 unused Assets / (317.6 KB). Loaded Objects now: 6261.
Memory consumption went from 190.8 MB to 190.5 MB.
Total: 4.084400 ms (FindLiveObjects: 0.525000 ms CreateObjectMapping: 0.404200 ms MarkObjects: 3.043600 ms  DeleteObjects: 0.110700 ms)

Prepare: number of updated asset objects reloaded= 0
AssetImportParameters requested are different than current active one (requested -> active):
  custom:container-demuxer-ogg: 62fdf1f143b41e24485cea50d1cbac27 -> 
  custom:video-decoder-ogg-theora: a1e56fd34408186e4bbccfd4996cb3dc -> 
  custom:framework-win-MediaFoundation: 216162199b28c13a410421893ffa2e32 -> 
  custom:scripting/monoscript/fileName/Spin.cs: 89e4d1e42bca86b4bd33800f41e178b0 -> 
  custom:scripting/monoscript/fileName/InstanceExample.cs: d3e6cb23cfd3202db964b1e84379ef1f -> 
  custom:scripting/monoscript/fileName/GetGlobalMatrixLite.cs: d68b8cc2467eb692c568a9afbf1e1cf3 -> 
  custom:scripting/monoscript/fileName/ActivateDepthRendering.cs: 7ccd211cd6f23063bea4bdf839aa93ea -> 
  custom:CustomObjectIndexerAttribute: 72b91833f83ae208fae7752999fa3104 -> 
  custom:scripting/monoscript/fileName/BaseShaderGUI.cs: 5960c8e7cb5d6248434f7a11b774aee5 -> b5cebbc7bcb33d9f34bec913f3c297a3
  custom:container-demuxer-webm: 4f35f7cbe854078d1ac9338744f61a02 -> 
  custom:container-muxer-webm: aa71ff27fc2769a1b78a27578f13a17b -> 
  custom:video-decoder-webm-vp8: 9c59270c3fd7afecdb556c50c9e8de78 -> 
  custom:SearchIndexIgnoredProperties: e643bd26f0fe6173181afceb89e7c659 -> 
  custom:AudioImporter_EditorPlatform: d09bf68614088b80899f8185d706f6e7 -> 
  custom:scripting/monoscript/fileName/ParticleStandardGlowShaderGUI.cs: 4160d8a7c81b3ee4dd7126dbb80c4048 -> 
  custom:video-encoder-webm-vp8: eb34c28f22e8b96e1ab97ce403110664 -> 
  custom:audio-decoder-ogg-vorbis: bf7c407c2cedff20999df2af8eb42d56 -> 
  custom:scripting/monoscript/fileName/ReadmeLite.cs: bcf610c110b08ae53900f9124d5a74fc -> 
  custom:audio-encoder-webm-vorbis: bf7c407c2cedff20999df2af8eb42d56 -> 
  custom:scripting/precompiled-assembly-types:Assembly-CSharp-Editor: 36092ecda43647c847bb7615a1289261 -> aca7125a3389c5f4127a11b74e5e93cb
  custom:scripting/monoscript/fileName/ReadmeEditorLite.cs: 046d1d9742b893afd64dcb281deae780 -> 
  custom:scripting/precompiled-assembly-types:Assembly-CSharp: 7246845af84e1d750bdad0cec1b82e49 -> 733cbc0d8ce40fadb6dfbcc361aac392
========================================================================
Received Import Request.
  Time since last request: 435.553434 seconds.
  path: Assets/_Creepy_Cat/3D Games Effects Pack Free/_Prefabs/Effect_02.prefab
  artifactKey: Guid(f7efb0d9df2264096af57128df85dddb) Importer(815301076,1909f56bfc062723c751e8b465ee728b)
Start importing Assets/_Creepy_Cat/3D Games Effects Pack Free/_Prefabs/Effect_02.prefab using Guid(f7efb0d9df2264096af57128df85dddb) Importer(815301076,1909f56bfc062723c751e8b465ee728b) [PhysX] Initialized MultithreadedTaskDispatcher with 12 workers.
[PhysX] Initialized MultithreadedTaskDispatcher with 12 workers.
 -> (artifact id: '5b049ca6578f13ab8f8990153c7e930a') in 0.379082 seconds
Number of updated asset objects reloaded before import = 0
Number of asset objects unloaded after import = 33
========================================================================
Received Import Request.
  Time since last request: 0.000034 seconds.
  path: Assets/_Creepy_Cat/3D Games Effects Pack Free/_Prefabs/Effect_08.prefab
  artifactKey: Guid(d50f5f5d5a171443fa76bc1f6fc90473) Importer(815301076,1909f56bfc062723c751e8b465ee728b)
Start importing Assets/_Creepy_Cat/3D Games Effects Pack Free/_Prefabs/Effect_08.prefab using Guid(d50f5f5d5a171443fa76bc1f6fc90473) Importer(815301076,1909f56bfc062723c751e8b465ee728b) [PhysX] Initialized MultithreadedTaskDispatcher with 12 workers.
[PhysX] Initialized MultithreadedTaskDispatcher with 12 workers.
 -> (artifact id: '5d9957ef43b504d1e7e07afc919157f6') in 0.035076 seconds
Number of updated asset objects reloaded before import = 0
Number of asset objects unloaded after import = 14
========================================================================
Received Import Request.
  Time since last request: 0.000056 seconds.
  path: Assets/_Creepy_Cat/3D Games Effects Pack Free/_Prefabs/Logo.prefab
  artifactKey: Guid(5aa01cae601f94746aa79edb7eb2380f) Importer(815301076,1909f56bfc062723c751e8b465ee728b)
Start importing Assets/_Creepy_Cat/3D Games Effects Pack Free/_Prefabs/Logo.prefab using Guid(5aa01cae601f94746aa79edb7eb2380f) Importer(815301076,1909f56bfc062723c751e8b465ee728b) [PhysX] Initialized MultithreadedTaskDispatcher with 12 workers.
[PhysX] Initialized MultithreadedTaskDispatcher with 12 workers.
 -> (artifact id: '459cd183ecc77b8bd08e0e28a5c5780e') in 0.013093 seconds
Number of updated asset objects reloaded before import = 0
Number of asset objects unloaded after import = 13
========================================================================
Received Import Request.
  Time since last request: 0.000029 seconds.
  path: Assets/_Creepy_Cat/3D Games Effects Pack Free/_Prefabs/Effect_05.prefab
  artifactKey: Guid(6746092d79f3e4fe1bfa983603238e26) Importer(815301076,1909f56bfc062723c751e8b465ee728b)
Start importing Assets/_Creepy_Cat/3D Games Effects Pack Free/_Prefabs/Effect_05.prefab using Guid(6746092d79f3e4fe1bfa983603238e26) Importer(815301076,1909f56bfc062723c751e8b465ee728b) [PhysX] Initialized MultithreadedTaskDispatcher with 12 workers.
[PhysX] Initialized MultithreadedTaskDispatcher with 12 workers.
 -> (artifact id: 'f94b2e4477705c6a8066f9eeae4d26e6') in 0.039395 seconds
Number of updated asset objects reloaded before import = 0
Number of asset objects unloaded after import = 14
========================================================================
Received Import Request.
  Time since last request: 0.000060 seconds.
  path: Assets/_Creepy_Cat/3D Games Effects Pack Free/_Prefabs/Effect_07.prefab
  artifactKey: Guid(1625b0df15965450c86850dd6d345e87) Importer(815301076,1909f56bfc062723c751e8b465ee728b)
Start importing Assets/_Creepy_Cat/3D Games Effects Pack Free/_Prefabs/Effect_07.prefab using Guid(1625b0df15965450c86850dd6d345e87) Importer(815301076,1909f56bfc062723c751e8b465ee728b) [PhysX] Initialized MultithreadedTaskDispatcher with 12 workers.
[PhysX] Initialized MultithreadedTaskDispatcher with 12 workers.
 -> (artifact id: 'ba393e8f5c2336096287d18d5cabf4ab') in 0.042492 seconds
Number of updated asset objects reloaded before import = 0
Number of asset objects unloaded after import = 14
========================================================================
Received Import Request.
  Time since last request: 5.149794 seconds.
  path: Assets/_Creepy_Cat/3D Games Effects Pack Free/_Materials/Effect_02_8x6-48.png
  artifactKey: Guid(a9d562fa15fa947ea834e675c0c490fc) Importer(815301076,1909f56bfc062723c751e8b465ee728b)
Start importing Assets/_Creepy_Cat/3D Games Effects Pack Free/_Materials/Effect_02_8x6-48.png using Guid(a9d562fa15fa947ea834e675c0c490fc) Importer(815301076,1909f56bfc062723c751e8b465ee728b) [PhysX] Initialized MultithreadedTaskDispatcher with 12 workers.
[PhysX] Initialized MultithreadedTaskDispatcher with 12 workers.
 -> (artifact id: '060de2169a18cfad7d5f3459f9821623') in 0.041931 seconds
Number of updated asset objects reloaded before import = 0
Number of asset objects unloaded after import = 2
========================================================================
Received Import Request.
  Time since last request: 0.000068 seconds.
  path: Assets/_Creepy_Cat/3D Games Effects Pack Free/_Materials/Effect_04.mat
  artifactKey: Guid(9d7b7705dd2cc450c991a93f6474f081) Importer(815301076,1909f56bfc062723c751e8b465ee728b)
Start importing Assets/_Creepy_Cat/3D Games Effects Pack Free/_Materials/Effect_04.mat using Guid(9d7b7705dd2cc450c991a93f6474f081) Importer(815301076,1909f56bfc062723c751e8b465ee728b) [PhysX] Initialized MultithreadedTaskDispatcher with 12 workers.
[PhysX] Initialized MultithreadedTaskDispatcher with 12 workers.
 -> (artifact id: '50d018f33991307216a446039a9a4ce3') in 0.041525 seconds
Number of updated asset objects reloaded before import = 0
Number of asset objects unloaded after import = 3
========================================================================
Received Import Request.
  Time since last request: 0.000041 seconds.
  path: Assets/_Creepy_Cat/3D Games Effects Pack Free/_Materials/Effect_06_8x6-48.png
  artifactKey: Guid(424e16d271aa34549b27cc6f687d71e7) Importer(815301076,1909f56bfc062723c751e8b465ee728b)
Start importing Assets/_Creepy_Cat/3D Games Effects Pack Free/_Materials/Effect_06_8x6-48.png using Guid(424e16d271aa34549b27cc6f687d71e7) Importer(815301076,1909f56bfc062723c751e8b465ee728b) [PhysX] Initialized MultithreadedTaskDispatcher with 12 workers.
[PhysX] Initialized MultithreadedTaskDispatcher with 12 workers.
 -> (artifact id: 'c5830fa2bd1f754a7ce7dc8a94fe38e6') in 0.040365 seconds
Number of updated asset objects reloaded before import = 0
Number of asset objects unloaded after import = 2
========================================================================
Received Import Request.
  Time since last request: 0.000031 seconds.
  path: Assets/_Creepy_Cat/3D Games Effects Pack Free/_Materials/Effect_08_8x4-32.png
  artifactKey: Guid(ab1845f625a5f4d69a0d517d25674ea6) Importer(815301076,1909f56bfc062723c751e8b465ee728b)
Start importing Assets/_Creepy_Cat/3D Games Effects Pack Free/_Materials/Effect_08_8x4-32.png using Guid(ab1845f625a5f4d69a0d517d25674ea6) Importer(815301076,1909f56bfc062723c751e8b465ee728b) [PhysX] Initialized MultithreadedTaskDispatcher with 12 workers.
[PhysX] Initialized MultithreadedTaskDispatcher with 12 workers.
 -> (artifact id: '39e50400adb4a139aeda22624568b54f') in 0.025137 seconds
Number of updated asset objects reloaded before import = 0
Number of asset objects unloaded after import = 2
========================================================================
Received Import Request.
  Time since last request: 0.000026 seconds.
  path: Assets/_Creepy_Cat/3D Games Effects Pack Free/_Materials/Effect_05.mat
  artifactKey: Guid(a551b9b2ea53445be86fd523d3a8aa60) Importer(815301076,1909f56bfc062723c751e8b465ee728b)
Start importing Assets/_Creepy_Cat/3D Games Effects Pack Free/_Materials/Effect_05.mat using Guid(a551b9b2ea53445be86fd523d3a8aa60) Importer(815301076,1909f56bfc062723c751e8b465ee728b) [PhysX] Initialized MultithreadedTaskDispatcher with 12 workers.
[PhysX] Initialized MultithreadedTaskDispatcher with 12 workers.
 -> (artifact id: 'fb62223452da8cfbbdc7ec2ce3b5c242') in 0.048338 seconds
Number of updated asset objects reloaded before import = 0
Number of asset objects unloaded after import = 3
========================================================================
Received Import Request.
  Time since last request: 0.000032 seconds.
  path: Assets/_Creepy_Cat/3D Games Effects Pack Free/_Materials/Effect_06.mat
  artifactKey: Guid(a520c59bd52a84761853f1676c85041d) Importer(815301076,1909f56bfc062723c751e8b465ee728b)
Start importing Assets/_Creepy_Cat/3D Games Effects Pack Free/_Materials/Effect_06.mat using Guid(a520c59bd52a84761853f1676c85041d) Importer(815301076,1909f56bfc062723c751e8b465ee728b) [PhysX] Initialized MultithreadedTaskDispatcher with 12 workers.
[PhysX] Initialized MultithreadedTaskDispatcher with 12 workers.
 -> (artifact id: 'ffca9bcff71bb7f91df220e15fa8e9b0') in 0.043451 seconds
Number of updated asset objects reloaded before import = 0
Number of asset objects unloaded after import = 3
========================================================================
Received Import Request.
  Time since last request: 0.000031 seconds.
  path: Assets/_Creepy_Cat/3D Games Effects Pack Free/_Materials/Effect_08.mat
  artifactKey: Guid(02fe6122f18ad42c98742a5c28931947) Importer(815301076,1909f56bfc062723c751e8b465ee728b)
Start importing Assets/_Creepy_Cat/3D Games Effects Pack Free/_Materials/Effect_08.mat using Guid(02fe6122f18ad42c98742a5c28931947) Importer(815301076,1909f56bfc062723c751e8b465ee728b) [PhysX] Initialized MultithreadedTaskDispatcher with 12 workers.
[PhysX] Initialized MultithreadedTaskDispatcher with 12 workers.
 -> (artifact id: '39caa70d53fbadc678fed4bd6888eb33') in 0.028410 seconds
Number of updated asset objects reloaded before import = 0
Number of asset objects unloaded after import = 3
========================================================================
Received Import Request.
  Time since last request: 4.052513 seconds.
  path: Assets/_Creepy_Cat/3D Games Effects Pack Free/_Showroom/Textures/Hard_Surface_01_Dif.png
  artifactKey: Guid(ed13b0a40557b484fbf577a3fcef663d) Importer(815301076,1909f56bfc062723c751e8b465ee728b)
Start importing Assets/_Creepy_Cat/3D Games Effects Pack Free/_Showroom/Textures/Hard_Surface_01_Dif.png using Guid(ed13b0a40557b484fbf577a3fcef663d) Importer(815301076,1909f56bfc062723c751e8b465ee728b) [PhysX] Initialized MultithreadedTaskDispatcher with 12 workers.
[PhysX] Initialized MultithreadedTaskDispatcher with 12 workers.
 -> (artifact id: '8228ddc7c689d998d5f0863f07134487') in 0.172954 seconds
Number of updated asset objects reloaded before import = 0
Number of asset objects unloaded after import = 2
========================================================================
Received Import Request.
  Time since last request: 1.635596 seconds.
  path: Assets/_Creepy_Cat/3D Games Effects Pack Free/_Showroom/Prefabs/P_Corridor_Part_01.prefab
  artifactKey: Guid(cb7775518c732034ba7488ec54c51511) Importer(815301076,1909f56bfc062723c751e8b465ee728b)
Start importing Assets/_Creepy_Cat/3D Games Effects Pack Free/_Showroom/Prefabs/P_Corridor_Part_01.prefab using Guid(cb7775518c732034ba7488ec54c51511) Importer(815301076,1909f56bfc062723c751e8b465ee728b) [PhysX] Initialized MultithreadedTaskDispatcher with 12 workers.
[PhysX] Initialized MultithreadedTaskDispatcher with 12 workers.
 -> (artifact id: 'afc073c7ca16b2c4466014b04d75e210') in 4.026307 seconds
Number of updated asset objects reloaded before import = 0
Number of asset objects unloaded after import = 235
========================================================================
Received Import Request.
  Time since last request: 0.000143 seconds.
  path: Assets/_Creepy_Cat/3D Games Effects Pack Free/_Showroom/Prefabs/P_Podium_02.prefab
  artifactKey: Guid(43aca86b5fc799c47a5194f4e6a64f08) Importer(815301076,1909f56bfc062723c751e8b465ee728b)
Start importing Assets/_Creepy_Cat/3D Games Effects Pack Free/_Showroom/Prefabs/P_Podium_02.prefab using Guid(43aca86b5fc799c47a5194f4e6a64f08) Importer(815301076,1909f56bfc062723c751e8b465ee728b) [PhysX] Initialized MultithreadedTaskDispatcher with 12 workers.
[PhysX] Initialized MultithreadedTaskDispatcher with 12 workers.
 -> (artifact id: '2952aceee2169567bdf5731f5bbd7f90') in 4.234684 seconds
Number of updated asset objects reloaded before import = 0
Number of asset objects unloaded after import = 24
========================================================================
Received Import Request.
  Time since last request: 0.000203 seconds.
  path: Assets/_Creepy_Cat/3D Games Effects Pack Free/_Showroom/Prefabs/P_Logo.prefab
  artifactKey: Guid(9be053ba5f51c4d4fad82e394da388e7) Importer(815301076,1909f56bfc062723c751e8b465ee728b)
Start importing Assets/_Creepy_Cat/3D Games Effects Pack Free/_Showroom/Prefabs/P_Logo.prefab using Guid(9be053ba5f51c4d4fad82e394da388e7) Importer(815301076,1909f56bfc062723c751e8b465ee728b) [PhysX] Initialized MultithreadedTaskDispatcher with 12 workers.
[PhysX] Initialized MultithreadedTaskDispatcher with 12 workers.
 -> (artifact id: 'd32135fead9c74854e7edede4ddb3a60') in 0.318579 seconds
Number of updated asset objects reloaded before import = 0
Number of asset objects unloaded after import = 12
========================================================================
Received Import Request.
  Time since last request: 0.000079 seconds.
  path: Assets/_Creepy_Cat/3D Games Effects Pack Free/_Showroom/Prefabs/P_Showroom_01.prefab
  artifactKey: Guid(9fd65da602ae57746b4a20725b9a69d1) Importer(815301076,1909f56bfc062723c751e8b465ee728b)
Start importing Assets/_Creepy_Cat/3D Games Effects Pack Free/_Showroom/Prefabs/P_Showroom_01.prefab using Guid(9fd65da602ae57746b4a20725b9a69d1) Importer(815301076,1909f56bfc062723c751e8b465ee728b) [PhysX] Initialized MultithreadedTaskDispatcher with 12 workers.
[PhysX] Initialized MultithreadedTaskDispatcher with 12 workers.
 -> (artifact id: '7b303cf0d01ae76cca0e54e3ce4def70') in 1.288371 seconds
Number of updated asset objects reloaded before import = 0
Number of asset objects unloaded after import = 904
========================================================================
Received Import Request.
  Time since last request: 0.000134 seconds.
  path: Assets/_Creepy_Cat/3D Games Effects Pack Free/_Showroom/Prefabs/P_Wall_Normal_01.prefab
  artifactKey: Guid(71319aefacea33c4d81222ec99f1b049) Importer(815301076,1909f56bfc062723c751e8b465ee728b)
Start importing Assets/_Creepy_Cat/3D Games Effects Pack Free/_Showroom/Prefabs/P_Wall_Normal_01.prefab using Guid(71319aefacea33c4d81222ec99f1b049) Importer(815301076,1909f56bfc062723c751e8b465ee728b) [PhysX] Initialized MultithreadedTaskDispatcher with 12 workers.
[PhysX] Initialized MultithreadedTaskDispatcher with 12 workers.
 -> (artifact id: '953bbc23022b981f45cf06e25e44d2cb') in 0.884479 seconds
Number of updated asset objects reloaded before import = 0
Number of asset objects unloaded after import = 63
========================================================================
Received Import Request.
  Time since last request: 3.070581 seconds.
  path: Assets/_Creepy_Cat/3D Games Effects Pack Free/Example_02/Help For Particle Delay.png
  artifactKey: Guid(6f82f2fd0752c4be0ba8fdf1ca6fce50) Importer(815301076,1909f56bfc062723c751e8b465ee728b)
Start importing Assets/_Creepy_Cat/3D Games Effects Pack Free/Example_02/Help For Particle Delay.png using Guid(6f82f2fd0752c4be0ba8fdf1ca6fce50) Importer(815301076,1909f56bfc062723c751e8b465ee728b) [PhysX] Initialized MultithreadedTaskDispatcher with 12 workers.
[PhysX] Initialized MultithreadedTaskDispatcher with 12 workers.
 -> (artifact id: '647b11498338f4e29d0fa0ddf46a5c26') in 0.193900 seconds
Number of updated asset objects reloaded before import = 0
Number of asset objects unloaded after import = 2
========================================================================
Received Import Request.
  Time since last request: 4.260869 seconds.
  path: Assets/_Creepy_Cat/3D Games Effects Pack Free/_FAQ - Informations/Particle Loop Remove.png
  artifactKey: Guid(a1d5201b719c74ccaa8afd7f96ed5380) Importer(815301076,1909f56bfc062723c751e8b465ee728b)
Start importing Assets/_Creepy_Cat/3D Games Effects Pack Free/_FAQ - Informations/Particle Loop Remove.png using Guid(a1d5201b719c74ccaa8afd7f96ed5380) Importer(815301076,1909f56bfc062723c751e8b465ee728b) [PhysX] Initialized MultithreadedTaskDispatcher with 12 workers.
[PhysX] Initialized MultithreadedTaskDispatcher with 12 workers.
 -> (artifact id: '74f6032f584e4cddd2e4ef39b854405f') in 0.008616 seconds
Number of updated asset objects reloaded before import = 0
Number of asset objects unloaded after import = 2
========================================================================
Received Prepare
Caller must complete domain reload
Begin MonoManager ReloadAssembly
- Loaded All Assemblies, in  0.890 seconds
Native extension for WindowsStandalone target not found
Native extension for Android target not found
Mono: successfully reloaded assembly
- Finished resetting the current domain, in  2.317 seconds
Domain Reload Profiling: 3203ms
	BeginReloadAssembly (320ms)
		ExecutionOrderSort (0ms)
		DisableScriptedObjects (23ms)
		BackupInstance (0ms)
		ReleaseScriptingObjects (0ms)
		CreateAndSetChildDomain (94ms)
	RebuildCommonClasses (35ms)
	RebuildNativeTypeToScriptingClass (11ms)
	initialDomainReloadingComplete (51ms)
	LoadAllAssembliesAndSetupDomain (469ms)
		LoadAssemblies (602ms)
		RebuildTransferFunctionScriptingTraits (0ms)
		AnalyzeDomain (23ms)
			TypeCache.Refresh (8ms)
				TypeCache.ScanAssembly (0ms)
			ScanForSourceGeneratedMonoScriptInfo (0ms)
			ResolveRequiredComponents (12ms)
	FinalizeReload (2318ms)
		ReleaseScriptCaches (0ms)
		RebuildScriptCaches (0ms)
		SetupLoadedEditorAssemblies (546ms)
			LogAssemblyErrors (0ms)
			InitializePlatformSupportModulesInManaged (25ms)
			SetLoadedEditorAssemblies (6ms)
			RefreshPlugins (0ms)
			BeforeProcessingInitializeOnLoad (97ms)
			ProcessInitializeOnLoadAttributes (332ms)
			ProcessInitializeOnLoadMethodAttributes (73ms)
			AfterProcessingInitializeOnLoad (13ms)
			EditorAssembliesLoaded (0ms)
		ExecutionOrderSort2 (0ms)
		AwakeInstancesAfterBackupRestoration (27ms)
Refreshing native plugins compatible for Editor in 8.68 ms, found 4 plugins.
Preloading 0 native plugins for Editor in 0.00 ms.
Unloading 5187 Unused Serialized files (Serialized files now loaded: 0)
Unloading 22 unused Assets / (317.7 KB). Loaded Objects now: 6305.
Memory consumption went from 191.1 MB to 190.8 MB.
Total: 6.649800 ms (FindLiveObjects: 1.059200 ms CreateObjectMapping: 0.758600 ms MarkObjects: 4.672700 ms  DeleteObjects: 0.157100 ms)

Prepare: number of updated asset objects reloaded= 0
AssetImportParameters requested are different than current active one (requested -> active):
  custom:container-demuxer-ogg: 62fdf1f143b41e24485cea50d1cbac27 -> 
  custom:video-decoder-ogg-theora: a1e56fd34408186e4bbccfd4996cb3dc -> 
  custom:framework-win-MediaFoundation: 216162199b28c13a410421893ffa2e32 -> 
  custom:scripting/monoscript/fileName/Spin.cs: 89e4d1e42bca86b4bd33800f41e178b0 -> 
  custom:scripting/monoscript/fileName/InstanceExample.cs: d3e6cb23cfd3202db964b1e84379ef1f -> 
  custom:scripting/monoscript/fileName/GetGlobalMatrixLite.cs: d68b8cc2467eb692c568a9afbf1e1cf3 -> 
  custom:scripting/monoscript/fileName/ActivateDepthRendering.cs: 7ccd211cd6f23063bea4bdf839aa93ea -> 
  custom:CustomObjectIndexerAttribute: 72b91833f83ae208fae7752999fa3104 -> 
  custom:scripting/monoscript/fileName/BaseShaderGUI.cs: 5960c8e7cb5d6248434f7a11b774aee5 -> b5cebbc7bcb33d9f34bec913f3c297a3
  custom:container-demuxer-webm: 4f35f7cbe854078d1ac9338744f61a02 -> 
  custom:container-muxer-webm: aa71ff27fc2769a1b78a27578f13a17b -> 
  custom:video-decoder-webm-vp8: 9c59270c3fd7afecdb556c50c9e8de78 -> 
  custom:SearchIndexIgnoredProperties: e643bd26f0fe6173181afceb89e7c659 -> 
  custom:AudioImporter_EditorPlatform: d09bf68614088b80899f8185d706f6e7 -> 
  custom:scripting/monoscript/fileName/ParticleStandardGlowShaderGUI.cs: 4160d8a7c81b3ee4dd7126dbb80c4048 -> 
  custom:video-encoder-webm-vp8: eb34c28f22e8b96e1ab97ce403110664 -> 
  custom:audio-decoder-ogg-vorbis: bf7c407c2cedff20999df2af8eb42d56 -> 
  custom:scripting/monoscript/fileName/ReadmeLite.cs: bcf610c110b08ae53900f9124d5a74fc -> 
  custom:audio-encoder-webm-vorbis: bf7c407c2cedff20999df2af8eb42d56 -> 
  custom:scripting/precompiled-assembly-types:Assembly-CSharp-Editor: 36092ecda43647c847bb7615a1289261 -> aca7125a3389c5f4127a11b74e5e93cb
  custom:scripting/monoscript/fileName/ReadmeEditorLite.cs: 046d1d9742b893afd64dcb281deae780 -> 
  custom:scripting/precompiled-assembly-types:Assembly-CSharp: 7246845af84e1d750bdad0cec1b82e49 -> 733cbc0d8ce40fadb6dfbcc361aac392
Editor requested this worker to shutdown with reason: Scaling down because of idle timeout
TcpMessagingSession - receive error: operation aborted. errorcode: 995, details: La operación de E/S se anuló por una salida de subproceso o por una solicitud de aplicación.
AssetImportWorker is now disconnected from the server
Process exiting
Exiting without the bug reporter. Application will terminate with return code 0