Using pre-set license
Built from '2022.3/respin/2022.3.62f2-4af31df585-v2' branch; Version is '2022.3.62f3 (96770f904ca7) revision 9860879'; Using compiler version '192829333'; Build Type 'Release'
OS: 'Windows 10  (10.0.19045) 64bit CoreSingleLanguage' Language: 'es' Physical Memory: 15042 MB
BatchMode: 1, IsHumanControllingUs: 0, StartBugReporterOnCrash: 0, Is64bit: 1, IsPro: 1

COMMAND LINE ARGUMENTS:
C:\Program Files\Unity\Hub\2022.3.62f3\Editor\Unity.exe
-adb2
-batchMode
-noUpm
-name
AssetImportWorker4
-projectPath
C:/Users/Cheee/OneDrive/Documentos/GitHub/StrikeThePose/StrikeThePose
-logFile
Logs/AssetImportWorker4.log
-srvPort
52741
Successfully changed project path to: C:/Users/Cheee/OneDrive/Documentos/GitHub/StrikeThePose/StrikeThePose
C:/Users/Cheee/OneDrive/Documentos/GitHub/StrikeThePose/StrikeThePose
[UnityMemory] Configuration Parameters - Can be set up in boot.config
    "memorysetup-bucket-allocator-granularity=16"
    "memorysetup-bucket-allocator-bucket-count=8"
    "memorysetup-bucket-allocator-block-size=33554432"
    "memorysetup-bucket-allocator-block-count=8"
    "memorysetup-main-allocator-block-size=16777216"
    "memorysetup-thread-allocator-block-size=16777216"
    "memorysetup-gfx-main-allocator-block-size=16777216"
    "memorysetup-gfx-thread-allocator-block-size=16777216"
    "memorysetup-cache-allocator-block-size=4194304"
    "memorysetup-typetree-allocator-block-size=2097152"
    "memorysetup-profiler-bucket-allocator-granularity=16"
    "memorysetup-profiler-bucket-allocator-bucket-count=8"
    "memorysetup-profiler-bucket-allocator-block-size=33554432"
    "memorysetup-profiler-bucket-allocator-block-count=8"
    "memorysetup-profiler-allocator-block-size=16777216"
    "memorysetup-profiler-editor-allocator-block-size=1048576"
    "memorysetup-temp-allocator-size-main=16777216"
    "memorysetup-job-temp-allocator-block-size=2097152"
    "memorysetup-job-temp-allocator-block-size-background=1048576"
    "memorysetup-job-temp-allocator-reduction-small-platforms=262144"
    "memorysetup-allocator-temp-initial-block-size-main=262144"
    "memorysetup-allocator-temp-initial-block-size-worker=262144"
    "memorysetup-temp-allocator-size-background-worker=32768"
    "memorysetup-temp-allocator-size-job-worker=262144"
    "memorysetup-temp-allocator-size-preload-manager=33554432"
    "memorysetup-temp-allocator-size-nav-mesh-worker=65536"
    "memorysetup-temp-allocator-size-audio-worker=65536"
    "memorysetup-temp-allocator-size-cloud-worker=32768"
    "memorysetup-temp-allocator-size-gi-baking-worker=262144"
    "memorysetup-temp-allocator-size-gfx=262144"
Player connection [9340]  Target information:

Player connection [9340]  * "[IP] 192.168.0.15 [Port] 0 [Flags] 2 [Guid] 3965075734 [EditorId] 3965075734 [Version] 1048832 [Id] WindowsEditor(7,DESKTOP-3OIPDIC) [Debug] 1 [PackageName] WindowsEditor [ProjectName] Editor" 

Player connection [9340] Host joined multi-casting on [225.0.0.222:54997]...
Player connection [9340] Host joined alternative multi-casting on [225.0.0.222:34997]...
Input System module state changed to: Initialized.
[PhysX] Initialized MultithreadedTaskDispatcher with 12 workers.
Refreshing native plugins compatible for Editor in 16.20 ms, found 4 plugins.
Preloading 0 native plugins for Editor in 0.00 ms.
Initialize engine version: 2022.3.62f3 (96770f904ca7)
[Subsystems] Discovering subsystems at path C:/Program Files/Unity/Hub/2022.3.62f3/Editor/Data/Resources/UnitySubsystems
[Subsystems] Discovering subsystems at path C:/Users/Cheee/OneDrive/Documentos/GitHub/StrikeThePose/StrikeThePose/Assets
GfxDevice: creating device client; threaded=0; jobified=0
Direct3D:
    Version:  Direct3D 11.0 [level 11.1]
    Renderer: AMD Radeon RX 5500 XT (ID=0x7340)
    Vendor:   ATI
    VRAM:     4055 MB
    Driver:   32.0.21043.12001
Initialize mono
Mono path[0] = 'C:/Program Files/Unity/Hub/2022.3.62f3/Editor/Data/Managed'
Mono path[1] = 'C:/Program Files/Unity/Hub/2022.3.62f3/Editor/Data/MonoBleedingEdge/lib/mono/unityjit-win32'
Mono config path = 'C:/Program Files/Unity/Hub/2022.3.62f3/Editor/Data/MonoBleedingEdge/etc'
Using monoOptions --debugger-agent=transport=dt_socket,embedding=1,server=y,suspend=n,address=127.0.0.1:56664
Begin MonoManager ReloadAssembly
Registering precompiled unity dll's ...
Register platform support module: C:/Program Files/Unity/Hub/2022.3.62f3/Editor/Data/PlaybackEngines/AndroidPlayer/UnityEditor.Android.Extensions.dll
Register platform support module: C:/Program Files/Unity/Hub/2022.3.62f3/Editor/Data/PlaybackEngines/WindowsStandaloneSupport/UnityEditor.WindowsStandalone.Extensions.dll
Registered in 0.010136 seconds.
- Loaded All Assemblies, in  0.306 seconds
Native extension for WindowsStandalone target not found
Native extension for Android target not found
Android Extension - Scanning For ADB Devices 238 ms
Mono: successfully reloaded assembly
- Finished resetting the current domain, in  0.483 seconds
Domain Reload Profiling: 787ms
	BeginReloadAssembly (100ms)
		ExecutionOrderSort (0ms)
		DisableScriptedObjects (0ms)
		BackupInstance (0ms)
		ReleaseScriptingObjects (0ms)
		CreateAndSetChildDomain (1ms)
	RebuildCommonClasses (27ms)
	RebuildNativeTypeToScriptingClass (8ms)
	initialDomainReloadingComplete (55ms)
	LoadAllAssembliesAndSetupDomain (114ms)
		LoadAssemblies (98ms)
		RebuildTransferFunctionScriptingTraits (0ms)
		AnalyzeDomain (112ms)
			TypeCache.Refresh (110ms)
				TypeCache.ScanAssembly (100ms)
			ScanForSourceGeneratedMonoScriptInfo (0ms)
			ResolveRequiredComponents (0ms)
	FinalizeReload (484ms)
		ReleaseScriptCaches (0ms)
		RebuildScriptCaches (0ms)
		SetupLoadedEditorAssemblies (447ms)
			LogAssemblyErrors (0ms)
			InitializePlatformSupportModulesInManaged (307ms)
			SetLoadedEditorAssemblies (4ms)
			RefreshPlugins (0ms)
			BeforeProcessingInitializeOnLoad (2ms)
			ProcessInitializeOnLoadAttributes (98ms)
			ProcessInitializeOnLoadMethodAttributes (37ms)
			AfterProcessingInitializeOnLoad (0ms)
			EditorAssembliesLoaded (0ms)
		ExecutionOrderSort2 (0ms)
		AwakeInstancesAfterBackupRestoration (0ms)
========================================================================
Worker process is ready to serve import requests
Caller must complete domain reload
Begin MonoManager ReloadAssembly
- Loaded All Assemblies, in  0.621 seconds
Native extension for WindowsStandalone target not found
Native extension for Android target not found
Mono: successfully reloaded assembly
- Finished resetting the current domain, in  0.547 seconds
Domain Reload Profiling: 1164ms
	BeginReloadAssembly (136ms)
		ExecutionOrderSort (0ms)
		DisableScriptedObjects (5ms)
		BackupInstance (0ms)
		ReleaseScriptingObjects (0ms)
		CreateAndSetChildDomain (22ms)
	RebuildCommonClasses (27ms)
	RebuildNativeTypeToScriptingClass (8ms)
	initialDomainReloadingComplete (40ms)
	LoadAllAssembliesAndSetupDomain (406ms)
		LoadAssemblies (317ms)
		RebuildTransferFunctionScriptingTraits (0ms)
		AnalyzeDomain (167ms)
			TypeCache.Refresh (141ms)
				TypeCache.ScanAssembly (128ms)
			ScanForSourceGeneratedMonoScriptInfo (17ms)
			ResolveRequiredComponents (8ms)
	FinalizeReload (548ms)
		ReleaseScriptCaches (0ms)
		RebuildScriptCaches (0ms)
		SetupLoadedEditorAssemblies (421ms)
			LogAssemblyErrors (0ms)
			InitializePlatformSupportModulesInManaged (16ms)
			SetLoadedEditorAssemblies (4ms)
			RefreshPlugins (0ms)
			BeforeProcessingInitializeOnLoad (74ms)
			ProcessInitializeOnLoadAttributes (263ms)
			ProcessInitializeOnLoadMethodAttributes (56ms)
			AfterProcessingInitializeOnLoad (9ms)
			EditorAssembliesLoaded (0ms)
		ExecutionOrderSort2 (0ms)
		AwakeInstancesAfterBackupRestoration (5ms)
Launched and connected shader compiler UnityShaderCompiler.exe after 0.04 seconds
Refreshing native plugins compatible for Editor in 6.21 ms, found 4 plugins.
Preloading 0 native plugins for Editor in 0.00 ms.
Unloading 5360 Unused Serialized files (Serialized files now loaded: 0)
Unloading 27 unused Assets / (350.9 KB). Loaded Objects now: 5826.
Memory consumption went from 214.3 MB to 214.0 MB.
Total: 3.221400 ms (FindLiveObjects: 0.396000 ms CreateObjectMapping: 0.141300 ms MarkObjects: 2.510700 ms  DeleteObjects: 0.172600 ms)

AssetImportParameters requested are different than current active one (requested -> active):
  custom:container-demuxer-ogg: 62fdf1f143b41e24485cea50d1cbac27 -> 
  custom:video-decoder-ogg-theora: a1e56fd34408186e4bbccfd4996cb3dc -> 
  custom:framework-win-MediaFoundation: 216162199b28c13a410421893ffa2e32 -> 
  custom:CustomObjectIndexerAttribute: 72b91833f83ae208fae7752999fa3104 -> 
  custom:container-demuxer-webm: 4f35f7cbe854078d1ac9338744f61a02 -> 
  custom:container-muxer-webm: aa71ff27fc2769a1b78a27578f13a17b -> 
  custom:video-decoder-webm-vp8: 9c59270c3fd7afecdb556c50c9e8de78 -> 
  custom:SearchIndexIgnoredProperties: e643bd26f0fe6173181afceb89e7c659 -> 
  custom:AudioImporter_EditorPlatform: d09bf68614088b80899f8185d706f6e7 -> 
  custom:video-encoder-webm-vp8: eb34c28f22e8b96e1ab97ce403110664 -> 
  custom:audio-decoder-ogg-vorbis: bf7c407c2cedff20999df2af8eb42d56 -> 
  custom:audio-encoder-webm-vorbis: bf7c407c2cedff20999df2af8eb42d56 -> 
========================================================================
Received Import Request.
  Time since last request: 52848.140958 seconds.
  path: Assets/Andtech/Star Pack/Runtime
  artifactKey: Guid(639da1dcc630a194aa46521fedbb9927) Importer(815301076,1909f56bfc062723c751e8b465ee728b)
Start importing Assets/Andtech/Star Pack/Runtime using Guid(639da1dcc630a194aa46521fedbb9927) Importer(815301076,1909f56bfc062723c751e8b465ee728b) [PhysX] Initialized MultithreadedTaskDispatcher with 12 workers.
 -> (artifact id: 'c1999f8a5d1462de193033213964473b') in 0.001847 seconds
Number of updated asset objects reloaded before import = 0
Number of asset objects unloaded after import = 0
========================================================================
Received Import Request.
  Time since last request: 0.963240 seconds.
  path: Assets/Andtech/Star Pack/Runtime/Materials
  artifactKey: Guid(d49f4982ca337eb41b5d4bfc09678410) Importer(815301076,1909f56bfc062723c751e8b465ee728b)
Start importing Assets/Andtech/Star Pack/Runtime/Materials using Guid(d49f4982ca337eb41b5d4bfc09678410) Importer(815301076,1909f56bfc062723c751e8b465ee728b) [PhysX] Initialized MultithreadedTaskDispatcher with 12 workers.
 -> (artifact id: '70e6568e6aced4b30f8d3d9e1e91110d') in 0.000562 seconds
Number of updated asset objects reloaded before import = 0
Number of asset objects unloaded after import = 0
========================================================================
Received Import Request.
  Time since last request: 0.040072 seconds.
  path: Assets/Andtech/Star Pack/Runtime/Materials/Sparkle.mat
  artifactKey: Guid(80a46f8de30908a4bbfbdf1b34afd0e7) Importer(815301076,1909f56bfc062723c751e8b465ee728b)
Start importing Assets/Andtech/Star Pack/Runtime/Materials/Sparkle.mat using Guid(80a46f8de30908a4bbfbdf1b34afd0e7) Importer(815301076,1909f56bfc062723c751e8b465ee728b) [PhysX] Initialized MultithreadedTaskDispatcher with 12 workers.
[PhysX] Initialized MultithreadedTaskDispatcher with 12 workers.
 -> (artifact id: '93ec9f32bab1fc3ed0af028aab71344b') in 0.291851 seconds
Number of updated asset objects reloaded before import = 0
Number of asset objects unloaded after import = 22
========================================================================
Received Import Request.
  Time since last request: 1.136788 seconds.
  path: Assets/Andtech/Star Pack/Runtime/Textures/eight.png
  artifactKey: Guid(616c92d0da171484e80e11a3ac83f41a) Importer(815301076,1909f56bfc062723c751e8b465ee728b)
Start importing Assets/Andtech/Star Pack/Runtime/Textures/eight.png using Guid(616c92d0da171484e80e11a3ac83f41a) Importer(815301076,1909f56bfc062723c751e8b465ee728b) [PhysX] Initialized MultithreadedTaskDispatcher with 12 workers.
[PhysX] Initialized MultithreadedTaskDispatcher with 12 workers.
 -> (artifact id: '1eb8082ad0ea0a0a66fd147125818e85') in 0.025039 seconds
Number of updated asset objects reloaded before import = 0
Number of asset objects unloaded after import = 2
========================================================================
Received Import Request.
  Time since last request: 28.029634 seconds.
  path: Assets/Andtech/Star Pack/Runtime/Shaders
  artifactKey: Guid(ad9ca34fde6337348a865bb2225498c5) Importer(815301076,1909f56bfc062723c751e8b465ee728b)
Start importing Assets/Andtech/Star Pack/Runtime/Shaders using Guid(ad9ca34fde6337348a865bb2225498c5) Importer(815301076,1909f56bfc062723c751e8b465ee728b) [PhysX] Initialized MultithreadedTaskDispatcher with 12 workers.
 -> (artifact id: '0178cde1f983267149412832ef0edd1d') in 0.000665 seconds
Number of updated asset objects reloaded before import = 0
Number of asset objects unloaded after import = 0
========================================================================
Received Import Request.
  Time since last request: 1.153196 seconds.
  path: Assets/Andtech/Star Pack/Runtime/Shaders/Particle Standard Glow.shader
  artifactKey: Guid(8f79c5c3294633943aac3ced5bdbb8d5) Importer(815301076,1909f56bfc062723c751e8b465ee728b)
Start importing Assets/Andtech/Star Pack/Runtime/Shaders/Particle Standard Glow.shader using Guid(8f79c5c3294633943aac3ced5bdbb8d5) Importer(815301076,1909f56bfc062723c751e8b465ee728b) [PhysX] Initialized MultithreadedTaskDispatcher with 12 workers.
 -> (artifact id: '71504923d00291f8ce184a07ceae3856') in 0.000789 seconds
Number of updated asset objects reloaded before import = 0
Number of asset objects unloaded after import = 0
========================================================================
Received Import Request.
  Time since last request: 4.304751 seconds.
  path: Assets/Andtech/Star Pack/Runtime/Textures
  artifactKey: Guid(d694cf2ca6c70054fa6ef8074e99df9a) Importer(815301076,1909f56bfc062723c751e8b465ee728b)
Start importing Assets/Andtech/Star Pack/Runtime/Textures using Guid(d694cf2ca6c70054fa6ef8074e99df9a) Importer(815301076,1909f56bfc062723c751e8b465ee728b) [PhysX] Initialized MultithreadedTaskDispatcher with 12 workers.
 -> (artifact id: '5d3d21fbbceccc9fbbe734e5234b6ccc') in 0.000616 seconds
Number of updated asset objects reloaded before import = 0
Number of asset objects unloaded after import = 0
========================================================================
Received Import Request.
  Time since last request: 0.063662 seconds.
  path: Assets/Andtech/Star Pack/Runtime/Textures/cross.png
  artifactKey: Guid(debdbd08021f6bc45a3d1fca777d0aca) Importer(815301076,1909f56bfc062723c751e8b465ee728b)
Start importing Assets/Andtech/Star Pack/Runtime/Textures/cross.png using Guid(debdbd08021f6bc45a3d1fca777d0aca) Importer(815301076,1909f56bfc062723c751e8b465ee728b) [PhysX] Initialized MultithreadedTaskDispatcher with 12 workers.
[PhysX] Initialized MultithreadedTaskDispatcher with 12 workers.
 -> (artifact id: 'bf7e86b2d5e414db38a1f89d12f31522') in 0.015109 seconds
Number of updated asset objects reloaded before import = 0
Number of asset objects unloaded after import = 2
========================================================================
Received Import Request.
  Time since last request: 0.000033 seconds.
  path: Assets/Andtech/Star Pack/Runtime/Textures/thin.png
  artifactKey: Guid(efd4cab53b940fe4294df648deb461d9) Importer(815301076,1909f56bfc062723c751e8b465ee728b)
Start importing Assets/Andtech/Star Pack/Runtime/Textures/thin.png using Guid(efd4cab53b940fe4294df648deb461d9) Importer(815301076,1909f56bfc062723c751e8b465ee728b) [PhysX] Initialized MultithreadedTaskDispatcher with 12 workers.
[PhysX] Initialized MultithreadedTaskDispatcher with 12 workers.
 -> (artifact id: '4bafa7d56104278869cc7d3dc0e389be') in 0.015646 seconds
Number of updated asset objects reloaded before import = 0
Number of asset objects unloaded after import = 2
========================================================================
Received Import Request.
  Time since last request: 0.000029 seconds.
  path: Assets/Andtech/Star Pack/Runtime/Textures/north.png
  artifactKey: Guid(8979fb0c2c45b8c44b9029e5055f211d) Importer(815301076,1909f56bfc062723c751e8b465ee728b)
Start importing Assets/Andtech/Star Pack/Runtime/Textures/north.png using Guid(8979fb0c2c45b8c44b9029e5055f211d) Importer(815301076,1909f56bfc062723c751e8b465ee728b) [PhysX] Initialized MultithreadedTaskDispatcher with 12 workers.
[PhysX] Initialized MultithreadedTaskDispatcher with 12 workers.
 -> (artifact id: '075ce07a74482033ff7fbd719fd6f12b') in 0.014729 seconds
Number of updated asset objects reloaded before import = 0
Number of asset objects unloaded after import = 2
========================================================================
Received Import Request.
  Time since last request: 5.611036 seconds.
  path: Assets/Andtech/Star Pack/README.pdf
  artifactKey: Guid(97b7a9aad2a142447a089d9d1dfac969) Importer(815301076,1909f56bfc062723c751e8b465ee728b)
Start importing Assets/Andtech/Star Pack/README.pdf using Guid(97b7a9aad2a142447a089d9d1dfac969) Importer(815301076,1909f56bfc062723c751e8b465ee728b) [PhysX] Initialized MultithreadedTaskDispatcher with 12 workers.
 -> (artifact id: '000115fb169e251f05de5958ab86f4a0') in 0.001017 seconds
Number of updated asset objects reloaded before import = 0
Number of asset objects unloaded after import = 1
========================================================================
Received Import Request.
  Time since last request: 18.275772 seconds.
  path: Assets/Andtech/Star Pack/Partic.mat
  artifactKey: Guid(cf876e0c50d8b6d47943ed636cb2e96f) Importer(815301076,1909f56bfc062723c751e8b465ee728b)
Start importing Assets/Andtech/Star Pack/Partic.mat using Guid(cf876e0c50d8b6d47943ed636cb2e96f) Importer(815301076,1909f56bfc062723c751e8b465ee728b) [PhysX] Initialized MultithreadedTaskDispatcher with 12 workers.
[PhysX] Initialized MultithreadedTaskDispatcher with 12 workers.
 -> (artifact id: 'a65eb1d87066d27008183ae38f1a1219') in 0.021386 seconds
Number of updated asset objects reloaded before import = 0
Number of asset objects unloaded after import = 2
========================================================================
Received Import Request.
  Time since last request: 28.182390 seconds.
  path: Assets/Andtech/Star Pack/Samples/Star Pack Demo/Models
  artifactKey: Guid(6e04ac84741b0224a98dd156c86a4c85) Importer(815301076,1909f56bfc062723c751e8b465ee728b)
Start importing Assets/Andtech/Star Pack/Samples/Star Pack Demo/Models using Guid(6e04ac84741b0224a98dd156c86a4c85) Importer(815301076,1909f56bfc062723c751e8b465ee728b) [PhysX] Initialized MultithreadedTaskDispatcher with 12 workers.
 -> (artifact id: '8a289f891b7e813b16be981335b76b5d') in 0.000612 seconds
Number of updated asset objects reloaded before import = 0
Number of asset objects unloaded after import = 0
========================================================================
Received Import Request.
  Time since last request: 0.071058 seconds.
  path: Assets/Andtech/Star Pack/Samples/Star Pack Demo/Models/Diamond.fbx
  artifactKey: Guid(8fb88c5bbb9a651438bc29723183e17f) Importer(815301076,1909f56bfc062723c751e8b465ee728b)
Start importing Assets/Andtech/Star Pack/Samples/Star Pack Demo/Models/Diamond.fbx using Guid(8fb88c5bbb9a651438bc29723183e17f) Importer(815301076,1909f56bfc062723c751e8b465ee728b) [PhysX] Initialized MultithreadedTaskDispatcher with 12 workers.
[PhysX] Initialized MultithreadedTaskDispatcher with 12 workers.
[PhysX] Initialized MultithreadedTaskDispatcher with 12 workers.
 -> (artifact id: 'fbfd7d12d629865723602b53290c2b60') in 0.121720 seconds
Number of updated asset objects reloaded before import = 0
Number of asset objects unloaded after import = 8
========================================================================
Received Import Request.
  Time since last request: 1.773275 seconds.
  path: Assets/Andtech/Star Pack/Samples/Star Pack Demo/Prefabs
  artifactKey: Guid(5ec5b183529037046a80dd7e60adef37) Importer(815301076,1909f56bfc062723c751e8b465ee728b)
Start importing Assets/Andtech/Star Pack/Samples/Star Pack Demo/Prefabs using Guid(5ec5b183529037046a80dd7e60adef37) Importer(815301076,1909f56bfc062723c751e8b465ee728b) [PhysX] Initialized MultithreadedTaskDispatcher with 12 workers.
 -> (artifact id: '49ef319d5dee3709aea80b086996810c') in 0.000802 seconds
Number of updated asset objects reloaded before import = 0
Number of asset objects unloaded after import = 0
========================================================================
Received Import Request.
  Time since last request: 0.056011 seconds.
  path: Assets/Andtech/Star Pack/Samples/Star Pack Demo/Prefabs/Explosion.prefab
  artifactKey: Guid(1c0520325bd5b534188c40bef406dc5c) Importer(815301076,1909f56bfc062723c751e8b465ee728b)
Start importing Assets/Andtech/Star Pack/Samples/Star Pack Demo/Prefabs/Explosion.prefab using Guid(1c0520325bd5b534188c40bef406dc5c) Importer(815301076,1909f56bfc062723c751e8b465ee728b) [PhysX] Initialized MultithreadedTaskDispatcher with 12 workers.
[PhysX] Initialized MultithreadedTaskDispatcher with 12 workers.
 -> (artifact id: 'adf887e9b8ee8f4916c6ce769505b5d4') in 0.023561 seconds
Number of updated asset objects reloaded before import = 0
Number of asset objects unloaded after import = 9
========================================================================
Received Import Request.
  Time since last request: 0.000024 seconds.
  path: Assets/Andtech/Star Pack/Samples/Star Pack Demo/Prefabs/Vortex.prefab
  artifactKey: Guid(c9abe8e03b2207a44ab12b4a938199b0) Importer(815301076,1909f56bfc062723c751e8b465ee728b)
Start importing Assets/Andtech/Star Pack/Samples/Star Pack Demo/Prefabs/Vortex.prefab using Guid(c9abe8e03b2207a44ab12b4a938199b0) Importer(815301076,1909f56bfc062723c751e8b465ee728b) [PhysX] Initialized MultithreadedTaskDispatcher with 12 workers.
[PhysX] Initialized MultithreadedTaskDispatcher with 12 workers.
 -> (artifact id: '3c86ac24ae533b8f69f82bbab8eda3e3') in 0.017966 seconds
Number of updated asset objects reloaded before import = 0
Number of asset objects unloaded after import = 9
========================================================================
Received Import Request.
  Time since last request: 0.000036 seconds.
  path: Assets/Andtech/Star Pack/Samples/Star Pack Demo/Prefabs/Spherical.prefab
  artifactKey: Guid(16966713336d54d4a96c67725c97301c) Importer(815301076,1909f56bfc062723c751e8b465ee728b)
Start importing Assets/Andtech/Star Pack/Samples/Star Pack Demo/Prefabs/Spherical.prefab using Guid(16966713336d54d4a96c67725c97301c) Importer(815301076,1909f56bfc062723c751e8b465ee728b) [PhysX] Initialized MultithreadedTaskDispatcher with 12 workers.
[PhysX] Initialized MultithreadedTaskDispatcher with 12 workers.
 -> (artifact id: '0581bf08d4cfe0ddd3d74c20b7de1a76') in 0.015340 seconds
Number of updated asset objects reloaded before import = 0
Number of asset objects unloaded after import = 9
========================================================================
Received Import Request.
  Time since last request: 9.870197 seconds.
  path: Packages/com.unity.render-pipelines.universal/Runtime/Materials/ParticlesUnlit.mat
  artifactKey: Guid(e823cd5b5d27c0f4b8256e7c12ee3e6d) Importer(815301076,1909f56bfc062723c751e8b465ee728b)
Start importing Packages/com.unity.render-pipelines.universal/Runtime/Materials/ParticlesUnlit.mat using Guid(e823cd5b5d27c0f4b8256e7c12ee3e6d) Importer(815301076,1909f56bfc062723c751e8b465ee728b) [PhysX] Initialized MultithreadedTaskDispatcher with 12 workers.
[PhysX] Initialized MultithreadedTaskDispatcher with 12 workers.
 -> (artifact id: '5a3344bc8d832cfa20124abe1a633328') in 0.195637 seconds
Number of updated asset objects reloaded before import = 0
Number of asset objects unloaded after import = 1
========================================================================
Received Import Request.
  Time since last request: 17.121736 seconds.
  path: Assets/Andtech/Star Pack/Samples/Star Pack Demo/Scenes
  artifactKey: Guid(1e1142cb91bb70a41a16c212ed3c85ba) Importer(815301076,1909f56bfc062723c751e8b465ee728b)
Start importing Assets/Andtech/Star Pack/Samples/Star Pack Demo/Scenes using Guid(1e1142cb91bb70a41a16c212ed3c85ba) Importer(815301076,1909f56bfc062723c751e8b465ee728b) [PhysX] Initialized MultithreadedTaskDispatcher with 12 workers.
 -> (artifact id: 'c35d1a35760af7f272cdf04b8b3ed829') in 0.000720 seconds
Number of updated asset objects reloaded before import = 0
Number of asset objects unloaded after import = 0
========================================================================
Received Import Request.
  Time since last request: 0.987666 seconds.
  path: Assets/Andtech/Star Pack/Samples/Star Pack Demo/Scenes/Star Pack Demo
  artifactKey: Guid(5b10d56013c6dbe4db0dda280af042f9) Importer(815301076,1909f56bfc062723c751e8b465ee728b)
Start importing Assets/Andtech/Star Pack/Samples/Star Pack Demo/Scenes/Star Pack Demo using Guid(5b10d56013c6dbe4db0dda280af042f9) Importer(815301076,1909f56bfc062723c751e8b465ee728b) [PhysX] Initialized MultithreadedTaskDispatcher with 12 workers.
 -> (artifact id: 'ffc9f559f6d630808279f8074dd335ae') in 0.000667 seconds
Number of updated asset objects reloaded before import = 0
Number of asset objects unloaded after import = 0
========================================================================
Received Import Request.
  Time since last request: 0.069883 seconds.
  path: Assets/Andtech/Star Pack/Samples/Star Pack Demo/Scenes/Star Pack Demo/LightingData.asset
  artifactKey: Guid(d2cc2531078cd65428a9658f5d706f72) Importer(815301076,1909f56bfc062723c751e8b465ee728b)
Start importing Assets/Andtech/Star Pack/Samples/Star Pack Demo/Scenes/Star Pack Demo/LightingData.asset using Guid(d2cc2531078cd65428a9658f5d706f72) Importer(815301076,1909f56bfc062723c751e8b465ee728b) [PhysX] Initialized MultithreadedTaskDispatcher with 12 workers.
 -> (artifact id: '9eb37717ae81567d2b285112700917f1') in 0.001462 seconds
Number of updated asset objects reloaded before import = 0
Number of asset objects unloaded after import = 1
========================================================================
Received Import Request.
  Time since last request: 0.000029 seconds.
  path: Assets/Andtech/Star Pack/Samples/Star Pack Demo/Scenes/Star Pack Demo/ReflectionProbe-1.exr
  artifactKey: Guid(26586d42248ef7844be2ce1d1a7b4838) Importer(815301076,1909f56bfc062723c751e8b465ee728b)
Start importing Assets/Andtech/Star Pack/Samples/Star Pack Demo/Scenes/Star Pack Demo/ReflectionProbe-1.exr using Guid(26586d42248ef7844be2ce1d1a7b4838) Importer(815301076,1909f56bfc062723c751e8b465ee728b) [PhysX] Initialized MultithreadedTaskDispatcher with 12 workers.
[PhysX] Initialized MultithreadedTaskDispatcher with 12 workers.
[PhysX] Initialized MultithreadedTaskDispatcher with 12 workers.
 -> (artifact id: '75b8e9b67f8ac247dbd9858932744a8d') in 0.036719 seconds
Number of updated asset objects reloaded before import = 0
Number of asset objects unloaded after import = 2
========================================================================
Received Import Request.
  Time since last request: 2.663450 seconds.
  path: Assets/Andtech/Star Pack/Samples/Star Pack Demo/Scripts
  artifactKey: Guid(99cbb9a35bf940549bef3ccae8629dfa) Importer(815301076,1909f56bfc062723c751e8b465ee728b)
Start importing Assets/Andtech/Star Pack/Samples/Star Pack Demo/Scripts using Guid(99cbb9a35bf940549bef3ccae8629dfa) Importer(815301076,1909f56bfc062723c751e8b465ee728b) [PhysX] Initialized MultithreadedTaskDispatcher with 12 workers.
 -> (artifact id: '90b78887546d08debbb6f9de5d1bf1f6') in 0.000700 seconds
Number of updated asset objects reloaded before import = 0
Number of asset objects unloaded after import = 0
========================================================================
Received Import Request.
  Time since last request: 26.711686 seconds.
  path: Assets/Andtech/Star Pack/Editor/Scripts
  artifactKey: Guid(6a65b9a92bf998547b5758b889d84644) Importer(815301076,1909f56bfc062723c751e8b465ee728b)
Start importing Assets/Andtech/Star Pack/Editor/Scripts using Guid(6a65b9a92bf998547b5758b889d84644) Importer(815301076,1909f56bfc062723c751e8b465ee728b) [PhysX] Initialized MultithreadedTaskDispatcher with 12 workers.
 -> (artifact id: '2e721478be8486651d85b3c677bcb0ba') in 0.000599 seconds
Number of updated asset objects reloaded before import = 0
Number of asset objects unloaded after import = 0
========================================================================
Received Import Request.
  Time since last request: 40.811646 seconds.
  path: Assets/Andtech
  artifactKey: Guid(dd68999330deab042b71e2bf608d0dc4) Importer(815301076,1909f56bfc062723c751e8b465ee728b)
Start importing Assets/Andtech using Guid(dd68999330deab042b71e2bf608d0dc4) Importer(815301076,1909f56bfc062723c751e8b465ee728b) [PhysX] Initialized MultithreadedTaskDispatcher with 12 workers.
 -> (artifact id: '0062d0294c9a0e8b4f6734be9f70c9f4') in 0.000541 seconds
Number of updated asset objects reloaded before import = 0
Number of asset objects unloaded after import = 0
========================================================================
Received Prepare
Caller must complete domain reload
Begin MonoManager ReloadAssembly
- Loaded All Assemblies, in  0.563 seconds
Native extension for WindowsStandalone target not found
Native extension for Android target not found
Mono: successfully reloaded assembly
- Finished resetting the current domain, in  1.328 seconds
Domain Reload Profiling: 1883ms
	BeginReloadAssembly (173ms)
		ExecutionOrderSort (0ms)
		DisableScriptedObjects (8ms)
		BackupInstance (0ms)
		ReleaseScriptingObjects (0ms)
		CreateAndSetChildDomain (43ms)
	RebuildCommonClasses (29ms)
	RebuildNativeTypeToScriptingClass (8ms)
	initialDomainReloadingComplete (33ms)
	LoadAllAssembliesAndSetupDomain (311ms)
		LoadAssemblies (349ms)
		RebuildTransferFunctionScriptingTraits (0ms)
		AnalyzeDomain (52ms)
			TypeCache.Refresh (12ms)
				TypeCache.ScanAssembly (1ms)
			ScanForSourceGeneratedMonoScriptInfo (27ms)
			ResolveRequiredComponents (11ms)
	FinalizeReload (1329ms)
		ReleaseScriptCaches (0ms)
		RebuildScriptCaches (0ms)
		SetupLoadedEditorAssemblies (410ms)
			LogAssemblyErrors (0ms)
			InitializePlatformSupportModulesInManaged (18ms)
			SetLoadedEditorAssemblies (3ms)
			RefreshPlugins (0ms)
			BeforeProcessingInitializeOnLoad (74ms)
			ProcessInitializeOnLoadAttributes (251ms)
			ProcessInitializeOnLoadMethodAttributes (54ms)
			AfterProcessingInitializeOnLoad (9ms)
			EditorAssembliesLoaded (0ms)
		ExecutionOrderSort2 (0ms)
		AwakeInstancesAfterBackupRestoration (16ms)
Refreshing native plugins compatible for Editor in 5.95 ms, found 4 plugins.
Preloading 0 native plugins for Editor in 0.00 ms.
Unloading 5186 Unused Serialized files (Serialized files now loaded: 0)
Unloading 24 unused Assets / (318.6 KB). Loaded Objects now: 5916.
Memory consumption went from 189.6 MB to 189.3 MB.
Total: 3.825300 ms (FindLiveObjects: 0.465900 ms CreateObjectMapping: 0.386700 ms MarkObjects: 2.829800 ms  DeleteObjects: 0.142100 ms)

Prepare: number of updated asset objects reloaded= 1
AssetImportParameters requested are different than current active one (requested -> active):
  custom:container-demuxer-ogg: 62fdf1f143b41e24485cea50d1cbac27 -> 
  custom:video-decoder-ogg-theora: a1e56fd34408186e4bbccfd4996cb3dc -> 
  custom:framework-win-MediaFoundation: 216162199b28c13a410421893ffa2e32 -> 
  custom:CustomObjectIndexerAttribute: 72b91833f83ae208fae7752999fa3104 -> 
  custom:container-demuxer-webm: 4f35f7cbe854078d1ac9338744f61a02 -> 
  custom:container-muxer-webm: aa71ff27fc2769a1b78a27578f13a17b -> 
  custom:video-decoder-webm-vp8: 9c59270c3fd7afecdb556c50c9e8de78 -> 
  custom:SearchIndexIgnoredProperties: e643bd26f0fe6173181afceb89e7c659 -> 
  custom:AudioImporter_EditorPlatform: d09bf68614088b80899f8185d706f6e7 -> 
  custom:video-encoder-webm-vp8: eb34c28f22e8b96e1ab97ce403110664 -> 
  custom:audio-decoder-ogg-vorbis: bf7c407c2cedff20999df2af8eb42d56 -> 
  custom:audio-encoder-webm-vorbis: bf7c407c2cedff20999df2af8eb42d56 -> 
  custom:scripting/precompiled-assembly-types:Assembly-CSharp: 59dcabc6474b15fce3eca524e73c35c5 -> 1e78ece5afe2fd3f00907dbbbef71802
  custom:scripting/precompiled-assembly-types:Andtech.StarPack.Editor:  -> 73ed7ee1acd5a70bf4f24a76ee363d3d
========================================================================
Received Prepare
Caller must complete domain reload
Begin MonoManager ReloadAssembly
- Loaded All Assemblies, in  0.863 seconds
Native extension for WindowsStandalone target not found
Native extension for Android target not found
Mono: successfully reloaded assembly
- Finished resetting the current domain, in  2.497 seconds
Domain Reload Profiling: 3356ms
	BeginReloadAssembly (239ms)
		ExecutionOrderSort (0ms)
		DisableScriptedObjects (5ms)
		BackupInstance (0ms)
		ReleaseScriptingObjects (0ms)
		CreateAndSetChildDomain (42ms)
	RebuildCommonClasses (28ms)
	RebuildNativeTypeToScriptingClass (11ms)
	initialDomainReloadingComplete (38ms)
	LoadAllAssembliesAndSetupDomain (543ms)
		LoadAssemblies (667ms)
		RebuildTransferFunctionScriptingTraits (0ms)
		AnalyzeDomain (36ms)
			TypeCache.Refresh (9ms)
				TypeCache.ScanAssembly (1ms)
			ScanForSourceGeneratedMonoScriptInfo (17ms)
			ResolveRequiredComponents (9ms)
	FinalizeReload (2498ms)
		ReleaseScriptCaches (0ms)
		RebuildScriptCaches (0ms)
		SetupLoadedEditorAssemblies (481ms)
			LogAssemblyErrors (0ms)
			InitializePlatformSupportModulesInManaged (21ms)
			SetLoadedEditorAssemblies (4ms)
			RefreshPlugins (0ms)
			BeforeProcessingInitializeOnLoad (94ms)
			ProcessInitializeOnLoadAttributes (292ms)
			ProcessInitializeOnLoadMethodAttributes (62ms)
			AfterProcessingInitializeOnLoad (9ms)
			EditorAssembliesLoaded (0ms)
		ExecutionOrderSort2 (0ms)
		AwakeInstancesAfterBackupRestoration (23ms)
Refreshing native plugins compatible for Editor in 6.12 ms, found 4 plugins.
Preloading 0 native plugins for Editor in 0.00 ms.
Unloading 5187 Unused Serialized files (Serialized files now loaded: 0)
Unloading 22 unused Assets / (317.6 KB). Loaded Objects now: 5921.
Memory consumption went from 189.5 MB to 189.2 MB.
Total: 4.018600 ms (FindLiveObjects: 0.706300 ms CreateObjectMapping: 0.374800 ms MarkObjects: 2.830000 ms  DeleteObjects: 0.106100 ms)

Prepare: number of updated asset objects reloaded= 0
AssetImportParameters requested are different than current active one (requested -> active):
  custom:container-demuxer-ogg: 62fdf1f143b41e24485cea50d1cbac27 -> 
  custom:video-decoder-ogg-theora: a1e56fd34408186e4bbccfd4996cb3dc -> 
  custom:framework-win-MediaFoundation: 216162199b28c13a410421893ffa2e32 -> 
  custom:scripting/monoscript/fileName/InstanceExample.cs: d3e6cb23cfd3202db964b1e84379ef1f -> 
  custom:CustomObjectIndexerAttribute: 72b91833f83ae208fae7752999fa3104 -> 
  custom:container-demuxer-webm: 4f35f7cbe854078d1ac9338744f61a02 -> 
  custom:container-muxer-webm: aa71ff27fc2769a1b78a27578f13a17b -> 
  custom:video-decoder-webm-vp8: 9c59270c3fd7afecdb556c50c9e8de78 -> 
  custom:SearchIndexIgnoredProperties: e643bd26f0fe6173181afceb89e7c659 -> 
  custom:AudioImporter_EditorPlatform: d09bf68614088b80899f8185d706f6e7 -> 
  custom:video-encoder-webm-vp8: eb34c28f22e8b96e1ab97ce403110664 -> 
  custom:audio-decoder-ogg-vorbis: bf7c407c2cedff20999df2af8eb42d56 -> 
  custom:audio-encoder-webm-vorbis: bf7c407c2cedff20999df2af8eb42d56 -> 
  custom:scripting/precompiled-assembly-types:Assembly-CSharp: 7246845af84e1d750bdad0cec1b82e49 -> 1e78ece5afe2fd3f00907dbbbef71802
  custom:scripting/precompiled-assembly-types:Andtech.StarPack.Editor:  -> 73ed7ee1acd5a70bf4f24a76ee363d3d
========================================================================
Received Import Request.
  Time since last request: 363.297298 seconds.
  path: Assets/_Creepy_Cat/3D Games Effects Pack Free
  artifactKey: Guid(7292dec1ffce6498b9c0b57fedbcc2f0) Importer(815301076,1909f56bfc062723c751e8b465ee728b)
Start importing Assets/_Creepy_Cat/3D Games Effects Pack Free using Guid(7292dec1ffce6498b9c0b57fedbcc2f0) Importer(815301076,1909f56bfc062723c751e8b465ee728b) [PhysX] Initialized MultithreadedTaskDispatcher with 12 workers.
 -> (artifact id: '9c8773196a91487757d50761cbae2e42') in 0.001689 seconds
Number of updated asset objects reloaded before import = 0
Number of asset objects unloaded after import = 0
========================================================================
Received Import Request.
  Time since last request: 2.013619 seconds.
  path: Assets/_Creepy_Cat/3D Games Effects Pack Free/_Prefabs
  artifactKey: Guid(2c5f6f8982c69457ab378b9fecfdf55a) Importer(815301076,1909f56bfc062723c751e8b465ee728b)
Start importing Assets/_Creepy_Cat/3D Games Effects Pack Free/_Prefabs using Guid(2c5f6f8982c69457ab378b9fecfdf55a) Importer(815301076,1909f56bfc062723c751e8b465ee728b) [PhysX] Initialized MultithreadedTaskDispatcher with 12 workers.
 -> (artifact id: 'd5406fc7d88013d8deac05f7a3baadb7') in 0.000701 seconds
Number of updated asset objects reloaded before import = 0
Number of asset objects unloaded after import = 0
========================================================================
Received Import Request.
  Time since last request: 0.024400 seconds.
  path: Assets/_Creepy_Cat/3D Games Effects Pack Free/_Prefabs/Effect_01.prefab
  artifactKey: Guid(e48c7d7ec43014ad882cf23f3bb48ac8) Importer(815301076,1909f56bfc062723c751e8b465ee728b)
Start importing Assets/_Creepy_Cat/3D Games Effects Pack Free/_Prefabs/Effect_01.prefab using Guid(e48c7d7ec43014ad882cf23f3bb48ac8) Importer(815301076,1909f56bfc062723c751e8b465ee728b) [PhysX] Initialized MultithreadedTaskDispatcher with 12 workers.
[PhysX] Initialized MultithreadedTaskDispatcher with 12 workers.
 -> (artifact id: '37fe6ef0f71564e0a0e5f53adace5ad5') in 0.377116 seconds
Number of updated asset objects reloaded before import = 0
Number of asset objects unloaded after import = 33
========================================================================
Received Import Request.
  Time since last request: 0.000037 seconds.
  path: Assets/_Creepy_Cat/3D Games Effects Pack Free/_Prefabs/Effect_06.prefab
  artifactKey: Guid(876cb26c7c6ab42e49a9cace28b90b8b) Importer(815301076,1909f56bfc062723c751e8b465ee728b)
Start importing Assets/_Creepy_Cat/3D Games Effects Pack Free/_Prefabs/Effect_06.prefab using Guid(876cb26c7c6ab42e49a9cace28b90b8b) Importer(815301076,1909f56bfc062723c751e8b465ee728b) [PhysX] Initialized MultithreadedTaskDispatcher with 12 workers.
[PhysX] Initialized MultithreadedTaskDispatcher with 12 workers.
 -> (artifact id: '94c5b75949312636199de6bda4519be9') in 0.055037 seconds
Number of updated asset objects reloaded before import = 0
Number of asset objects unloaded after import = 14
========================================================================
Received Import Request.
  Time since last request: 0.000043 seconds.
  path: Assets/_Creepy_Cat/3D Games Effects Pack Free/_Prefabs/Effect_03.prefab
  artifactKey: Guid(c17698f595aa942cab4326f0ffaf25c2) Importer(815301076,1909f56bfc062723c751e8b465ee728b)
Start importing Assets/_Creepy_Cat/3D Games Effects Pack Free/_Prefabs/Effect_03.prefab using Guid(c17698f595aa942cab4326f0ffaf25c2) Importer(815301076,1909f56bfc062723c751e8b465ee728b) [PhysX] Initialized MultithreadedTaskDispatcher with 12 workers.
[PhysX] Initialized MultithreadedTaskDispatcher with 12 workers.
 -> (artifact id: '0f339bd623165893ee7e8784ba17dc41') in 0.019289 seconds
Number of updated asset objects reloaded before import = 0
Number of asset objects unloaded after import = 14
========================================================================
Received Import Request.
  Time since last request: 0.000028 seconds.
  path: Assets/_Creepy_Cat/3D Games Effects Pack Free/_Prefabs/Effect_04.prefab
  artifactKey: Guid(11380b47be58c4fa78a82752a3f61daa) Importer(815301076,1909f56bfc062723c751e8b465ee728b)
Start importing Assets/_Creepy_Cat/3D Games Effects Pack Free/_Prefabs/Effect_04.prefab using Guid(11380b47be58c4fa78a82752a3f61daa) Importer(815301076,1909f56bfc062723c751e8b465ee728b) [PhysX] Initialized MultithreadedTaskDispatcher with 12 workers.
[PhysX] Initialized MultithreadedTaskDispatcher with 12 workers.
 -> (artifact id: 'd3239e914f5d442514c04f16e87e5f11') in 0.024080 seconds
Number of updated asset objects reloaded before import = 0
Number of asset objects unloaded after import = 14
========================================================================
Received Import Request.
  Time since last request: 5.108192 seconds.
  path: Assets/_Creepy_Cat/3D Games Effects Pack Free/_Materials
  artifactKey: Guid(d087af424f52948adbb83d5c7f4e4d9e) Importer(815301076,1909f56bfc062723c751e8b465ee728b)
Start importing Assets/_Creepy_Cat/3D Games Effects Pack Free/_Materials using Guid(d087af424f52948adbb83d5c7f4e4d9e) Importer(815301076,1909f56bfc062723c751e8b465ee728b) [PhysX] Initialized MultithreadedTaskDispatcher with 12 workers.
 -> (artifact id: 'd08c6488df9f77539a34cbfa74891155') in 0.000655 seconds
Number of updated asset objects reloaded before import = 0
Number of asset objects unloaded after import = 0
========================================================================
Received Import Request.
  Time since last request: 0.081349 seconds.
  path: Assets/_Creepy_Cat/3D Games Effects Pack Free/_Materials/Effect_01_8x4-32.png
  artifactKey: Guid(4ff5de4bdb9704c38a0cd21ac3191c64) Importer(815301076,1909f56bfc062723c751e8b465ee728b)
Start importing Assets/_Creepy_Cat/3D Games Effects Pack Free/_Materials/Effect_01_8x4-32.png using Guid(4ff5de4bdb9704c38a0cd21ac3191c64) Importer(815301076,1909f56bfc062723c751e8b465ee728b) [PhysX] Initialized MultithreadedTaskDispatcher with 12 workers.
[PhysX] Initialized MultithreadedTaskDispatcher with 12 workers.
 -> (artifact id: '079c3df06f66c842307846be037b20e2') in 0.033315 seconds
Number of updated asset objects reloaded before import = 0
Number of asset objects unloaded after import = 2
========================================================================
Received Import Request.
  Time since last request: 0.000029 seconds.
  path: Assets/_Creepy_Cat/3D Games Effects Pack Free/_Materials/Effect_05_8x8-64.png
  artifactKey: Guid(5031a0115db7440e7b931c0503af22f6) Importer(815301076,1909f56bfc062723c751e8b465ee728b)
Start importing Assets/_Creepy_Cat/3D Games Effects Pack Free/_Materials/Effect_05_8x8-64.png using Guid(5031a0115db7440e7b931c0503af22f6) Importer(815301076,1909f56bfc062723c751e8b465ee728b) [PhysX] Initialized MultithreadedTaskDispatcher with 12 workers.
[PhysX] Initialized MultithreadedTaskDispatcher with 12 workers.
 -> (artifact id: 'cd9312f8ad4fe9a921883d0f523b30f4') in 0.043352 seconds
Number of updated asset objects reloaded before import = 0
Number of asset objects unloaded after import = 2
========================================================================
Received Import Request.
  Time since last request: 0.000076 seconds.
  path: Assets/_Creepy_Cat/3D Games Effects Pack Free/_Materials/Effect_07_8x8-64.png
  artifactKey: Guid(411d5d12701d34c578b3282ddfab9b0c) Importer(815301076,1909f56bfc062723c751e8b465ee728b)
Start importing Assets/_Creepy_Cat/3D Games Effects Pack Free/_Materials/Effect_07_8x8-64.png using Guid(411d5d12701d34c578b3282ddfab9b0c) Importer(815301076,1909f56bfc062723c751e8b465ee728b) [PhysX] Initialized MultithreadedTaskDispatcher with 12 workers.
[PhysX] Initialized MultithreadedTaskDispatcher with 12 workers.
 -> (artifact id: 'c7babc6e2e3e240387218c7a2b68b86c') in 0.043189 seconds
Number of updated asset objects reloaded before import = 0
Number of asset objects unloaded after import = 2
========================================================================
Received Import Request.
  Time since last request: 0.000036 seconds.
  path: Assets/_Creepy_Cat/3D Games Effects Pack Free/_Materials/Effect_03_8x4-32.png
  artifactKey: Guid(611ab02a1b0c34eacac1a04aa2bdcddc) Importer(815301076,1909f56bfc062723c751e8b465ee728b)
Start importing Assets/_Creepy_Cat/3D Games Effects Pack Free/_Materials/Effect_03_8x4-32.png using Guid(611ab02a1b0c34eacac1a04aa2bdcddc) Importer(815301076,1909f56bfc062723c751e8b465ee728b) [PhysX] Initialized MultithreadedTaskDispatcher with 12 workers.
[PhysX] Initialized MultithreadedTaskDispatcher with 12 workers.
 -> (artifact id: '3a57663d5ed04b3e007d970648eee817') in 0.024117 seconds
Number of updated asset objects reloaded before import = 0
Number of asset objects unloaded after import = 2
========================================================================
Received Import Request.
  Time since last request: 0.000031 seconds.
  path: Assets/_Creepy_Cat/3D Games Effects Pack Free/_Materials/Effect_07.mat
  artifactKey: Guid(6ae42f94864774b79bd2f0c91e849c6e) Importer(815301076,1909f56bfc062723c751e8b465ee728b)
Start importing Assets/_Creepy_Cat/3D Games Effects Pack Free/_Materials/Effect_07.mat using Guid(6ae42f94864774b79bd2f0c91e849c6e) Importer(815301076,1909f56bfc062723c751e8b465ee728b) [PhysX] Initialized MultithreadedTaskDispatcher with 12 workers.
[PhysX] Initialized MultithreadedTaskDispatcher with 12 workers.
 -> (artifact id: 'c4fc52f3f7b564973f103ed716e530bd') in 0.059347 seconds
Number of updated asset objects reloaded before import = 0
Number of asset objects unloaded after import = 3
========================================================================
Received Import Request.
  Time since last request: 0.000031 seconds.
  path: Assets/_Creepy_Cat/3D Games Effects Pack Free/_Materials/Effect_04_8x4-32.png
  artifactKey: Guid(fd38e967a28d645b9a29968c3cc113cc) Importer(815301076,1909f56bfc062723c751e8b465ee728b)
Start importing Assets/_Creepy_Cat/3D Games Effects Pack Free/_Materials/Effect_04_8x4-32.png using Guid(fd38e967a28d645b9a29968c3cc113cc) Importer(815301076,1909f56bfc062723c751e8b465ee728b) [PhysX] Initialized MultithreadedTaskDispatcher with 12 workers.
[PhysX] Initialized MultithreadedTaskDispatcher with 12 workers.
 -> (artifact id: '6eb54e6f421c7661c27b40c2c9f064e1') in 0.023702 seconds
Number of updated asset objects reloaded before import = 0
Number of asset objects unloaded after import = 2
========================================================================
Received Import Request.
  Time since last request: 0.000058 seconds.
  path: Assets/_Creepy_Cat/3D Games Effects Pack Free/_Materials/Skybox.mat
  artifactKey: Guid(d21694616239d4aec9013b5c3490bc36) Importer(815301076,1909f56bfc062723c751e8b465ee728b)
Start importing Assets/_Creepy_Cat/3D Games Effects Pack Free/_Materials/Skybox.mat using Guid(d21694616239d4aec9013b5c3490bc36) Importer(815301076,1909f56bfc062723c751e8b465ee728b) [PhysX] Initialized MultithreadedTaskDispatcher with 12 workers.
[PhysX] Initialized MultithreadedTaskDispatcher with 12 workers.
 -> (artifact id: '94a8d0e3160d3c56b425484aa11b64ee') in 0.060392 seconds
Number of updated asset objects reloaded before import = 0
Number of asset objects unloaded after import = 2
========================================================================
Received Import Request.
  Time since last request: 2.679108 seconds.
  path: Assets/_Creepy_Cat/3D Games Effects Pack Free/_Showroom
  artifactKey: Guid(0243c7e8afcac844ca33d740e9fa11a6) Importer(815301076,1909f56bfc062723c751e8b465ee728b)
Start importing Assets/_Creepy_Cat/3D Games Effects Pack Free/_Showroom using Guid(0243c7e8afcac844ca33d740e9fa11a6) Importer(815301076,1909f56bfc062723c751e8b465ee728b) [PhysX] Initialized MultithreadedTaskDispatcher with 12 workers.
 -> (artifact id: '7bfe1cce3cf10f7cc32e8f12564a7c24') in 0.000648 seconds
Number of updated asset objects reloaded before import = 0
Number of asset objects unloaded after import = 0
========================================================================
Received Import Request.
  Time since last request: 0.054840 seconds.
  path: Assets/_Creepy_Cat/3D Games Effects Pack Free/_Showroom/FBX_Importer.preset
  artifactKey: Guid(d3ed1384c29c5664eb368725bbe3ef77) Importer(815301076,1909f56bfc062723c751e8b465ee728b)
Start importing Assets/_Creepy_Cat/3D Games Effects Pack Free/_Showroom/FBX_Importer.preset using Guid(d3ed1384c29c5664eb368725bbe3ef77) Importer(815301076,1909f56bfc062723c751e8b465ee728b) [PhysX] Initialized MultithreadedTaskDispatcher with 12 workers.
 -> (artifact id: '8d11a051a95403ebcb50b0a8afc0ef82') in 0.002082 seconds
Number of updated asset objects reloaded before import = 0
Number of asset objects unloaded after import = 1
========================================================================
Received Import Request.
  Time since last request: 1.214220 seconds.
  path: Assets/_Creepy_Cat/3D Games Effects Pack Free/_Showroom/Textures
  artifactKey: Guid(ac3c9c364ea0be14888e84a27091eb57) Importer(815301076,1909f56bfc062723c751e8b465ee728b)
Start importing Assets/_Creepy_Cat/3D Games Effects Pack Free/_Showroom/Textures using Guid(ac3c9c364ea0be14888e84a27091eb57) Importer(815301076,1909f56bfc062723c751e8b465ee728b) [PhysX] Initialized MultithreadedTaskDispatcher with 12 workers.
 -> (artifact id: '052a61fba9e9e29e05ded619a301f7de') in 0.000976 seconds
Number of updated asset objects reloaded before import = 0
Number of asset objects unloaded after import = 0
========================================================================
Received Import Request.
  Time since last request: 0.073041 seconds.
  path: Assets/_Creepy_Cat/3D Games Effects Pack Free/_Showroom/Textures/Hard_Surface_01_Ao.png
  artifactKey: Guid(c4795c745f403974a979cf08ac8b5d64) Importer(815301076,1909f56bfc062723c751e8b465ee728b)
Start importing Assets/_Creepy_Cat/3D Games Effects Pack Free/_Showroom/Textures/Hard_Surface_01_Ao.png using Guid(c4795c745f403974a979cf08ac8b5d64) Importer(815301076,1909f56bfc062723c751e8b465ee728b) [PhysX] Initialized MultithreadedTaskDispatcher with 12 workers.
[PhysX] Initialized MultithreadedTaskDispatcher with 12 workers.
 -> (artifact id: 'cff4b632ced04507ee781dad272a16e8') in 0.093101 seconds
Number of updated asset objects reloaded before import = 0
Number of asset objects unloaded after import = 2
========================================================================
Received Import Request.
  Time since last request: 0.000063 seconds.
  path: Assets/_Creepy_Cat/3D Games Effects Pack Free/_Showroom/Textures/Hard_Surface_01_Metal.tif
  artifactKey: Guid(34e23a454c8cedb4cb8c013abc5ffd6b) Importer(815301076,1909f56bfc062723c751e8b465ee728b)
Start importing Assets/_Creepy_Cat/3D Games Effects Pack Free/_Showroom/Textures/Hard_Surface_01_Metal.tif using Guid(34e23a454c8cedb4cb8c013abc5ffd6b) Importer(815301076,1909f56bfc062723c751e8b465ee728b) [PhysX] Initialized MultithreadedTaskDispatcher with 12 workers.
[PhysX] Initialized MultithreadedTaskDispatcher with 12 workers.
 -> (artifact id: '7621a683d43fd3622efb032620cf7908') in 0.028839 seconds
Number of updated asset objects reloaded before import = 0
Number of asset objects unloaded after import = 2
========================================================================
Received Import Request.
  Time since last request: 1.620010 seconds.
  path: Assets/_Creepy_Cat/3D Games Effects Pack Free/_Showroom/Prefabs
  artifactKey: Guid(b6b3358754e17bd469b33bb71e6febce) Importer(815301076,1909f56bfc062723c751e8b465ee728b)
Start importing Assets/_Creepy_Cat/3D Games Effects Pack Free/_Showroom/Prefabs using Guid(b6b3358754e17bd469b33bb71e6febce) Importer(815301076,1909f56bfc062723c751e8b465ee728b) [PhysX] Initialized MultithreadedTaskDispatcher with 12 workers.
 -> (artifact id: '4f54c063353e40fe758a7591278ce6d5') in 0.000651 seconds
Number of updated asset objects reloaded before import = 0
Number of asset objects unloaded after import = 0
========================================================================
Received Import Request.
  Time since last request: 0.047143 seconds.
  path: Assets/_Creepy_Cat/3D Games Effects Pack Free/_Showroom/Prefabs/P_Corridor_End.prefab
  artifactKey: Guid(c73073a1e7dbc8c44b01dce4ef7cfb5c) Importer(815301076,1909f56bfc062723c751e8b465ee728b)
Start importing Assets/_Creepy_Cat/3D Games Effects Pack Free/_Showroom/Prefabs/P_Corridor_End.prefab using Guid(c73073a1e7dbc8c44b01dce4ef7cfb5c) Importer(815301076,1909f56bfc062723c751e8b465ee728b) [PhysX] Initialized MultithreadedTaskDispatcher with 12 workers.
[PhysX] Initialized MultithreadedTaskDispatcher with 12 workers.
 -> (artifact id: 'aa9a353be01ffb6fd564355a7fc50bca') in 3.561514 seconds
Number of updated asset objects reloaded before import = 0
Number of asset objects unloaded after import = 175
========================================================================
Received Import Request.
  Time since last request: 0.000053 seconds.
  path: Assets/_Creepy_Cat/3D Games Effects Pack Free/_Showroom/Prefabs/P_Roof_Normal_01.prefab
  artifactKey: Guid(18a91a4d870ac664c92379393597d081) Importer(815301076,1909f56bfc062723c751e8b465ee728b)
Start importing Assets/_Creepy_Cat/3D Games Effects Pack Free/_Showroom/Prefabs/P_Roof_Normal_01.prefab using Guid(18a91a4d870ac664c92379393597d081) Importer(815301076,1909f56bfc062723c751e8b465ee728b) [PhysX] Initialized MultithreadedTaskDispatcher with 12 workers.
[PhysX] Initialized MultithreadedTaskDispatcher with 12 workers.
 -> (artifact id: '5da5c8ab9cb572dc800382272cf16aa1') in 1.803948 seconds
Number of updated asset objects reloaded before import = 0
Number of asset objects unloaded after import = 23
========================================================================
Received Import Request.
  Time since last request: 0.001995 seconds.
  path: Assets/_Creepy_Cat/3D Games Effects Pack Free/_Showroom/Prefabs/P_Podium_01.prefab
  artifactKey: Guid(44b221b011123034f87457bdca00c56e) Importer(815301076,1909f56bfc062723c751e8b465ee728b)
Start importing Assets/_Creepy_Cat/3D Games Effects Pack Free/_Showroom/Prefabs/P_Podium_01.prefab using Guid(44b221b011123034f87457bdca00c56e) Importer(815301076,1909f56bfc062723c751e8b465ee728b) [PhysX] Initialized MultithreadedTaskDispatcher with 12 workers.
[PhysX] Initialized MultithreadedTaskDispatcher with 12 workers.
 -> (artifact id: '31d0e8688915fa87c8fb753bef71238d') in 2.707724 seconds
Number of updated asset objects reloaded before import = 0
Number of asset objects unloaded after import = 30
========================================================================
Received Import Request.
  Time since last request: 0.000081 seconds.
  path: Assets/_Creepy_Cat/3D Games Effects Pack Free/_Showroom/Prefabs/P_Floor_Normal_02.prefab
  artifactKey: Guid(6a70de0042255a74c8191793a4ba6e59) Importer(815301076,1909f56bfc062723c751e8b465ee728b)
Start importing Assets/_Creepy_Cat/3D Games Effects Pack Free/_Showroom/Prefabs/P_Floor_Normal_02.prefab using Guid(6a70de0042255a74c8191793a4ba6e59) Importer(815301076,1909f56bfc062723c751e8b465ee728b) [PhysX] Initialized MultithreadedTaskDispatcher with 12 workers.
[PhysX] Initialized MultithreadedTaskDispatcher with 12 workers.
 -> (artifact id: '1ac08b0e54cc05222e4390d5b02a2aae') in 0.799695 seconds
Number of updated asset objects reloaded before import = 0
Number of asset objects unloaded after import = 33
========================================================================
Received Import Request.
  Time since last request: 0.000117 seconds.
  path: Assets/_Creepy_Cat/3D Games Effects Pack Free/_Showroom/Prefabs/P_Roof_Hole_01.prefab
  artifactKey: Guid(37da26db6e587dd489a461a945071d0e) Importer(815301076,1909f56bfc062723c751e8b465ee728b)
Start importing Assets/_Creepy_Cat/3D Games Effects Pack Free/_Showroom/Prefabs/P_Roof_Hole_01.prefab using Guid(37da26db6e587dd489a461a945071d0e) Importer(815301076,1909f56bfc062723c751e8b465ee728b) [PhysX] Initialized MultithreadedTaskDispatcher with 12 workers.
[PhysX] Initialized MultithreadedTaskDispatcher with 12 workers.
 -> (artifact id: 'b9d40a189692ddd5935a9623c82bc103') in 0.939601 seconds
Number of updated asset objects reloaded before import = 0
Number of asset objects unloaded after import = 24
========================================================================
Received Import Request.
  Time since last request: 3.079551 seconds.
  path: Assets/_Creepy_Cat/3D Games Effects Pack Free/Example_02
  artifactKey: Guid(1be634f39a0094c1eb572b50c6c6fb9c) Importer(815301076,1909f56bfc062723c751e8b465ee728b)
Start importing Assets/_Creepy_Cat/3D Games Effects Pack Free/Example_02 using Guid(1be634f39a0094c1eb572b50c6c6fb9c) Importer(815301076,1909f56bfc062723c751e8b465ee728b) [PhysX] Initialized MultithreadedTaskDispatcher with 12 workers.
 -> (artifact id: 'b9969866b0e31f3787d0b99c62e80906') in 0.030022 seconds
Number of updated asset objects reloaded before import = 0
Number of asset objects unloaded after import = 0
========================================================================
Received Import Request.
  Time since last request: 0.024975 seconds.
  path: Assets/_Creepy_Cat/3D Games Effects Pack Free/Example_02/Help For One Shoot.png
  artifactKey: Guid(489caf7fdc6d643fa9bb7955efd6bfa6) Importer(815301076,1909f56bfc062723c751e8b465ee728b)
Start importing Assets/_Creepy_Cat/3D Games Effects Pack Free/Example_02/Help For One Shoot.png using Guid(489caf7fdc6d643fa9bb7955efd6bfa6) Importer(815301076,1909f56bfc062723c751e8b465ee728b) [PhysX] Initialized MultithreadedTaskDispatcher with 12 workers.
[PhysX] Initialized MultithreadedTaskDispatcher with 12 workers.
 -> (artifact id: 'ce91049fae131a1dd73074f23a6febf1') in 0.026628 seconds
Number of updated asset objects reloaded before import = 0
Number of asset objects unloaded after import = 2
========================================================================
Received Import Request.
  Time since last request: 4.379339 seconds.
  path: Assets/_Creepy_Cat/3D Games Effects Pack Free/_FAQ - Informations
  artifactKey: Guid(9d0d32b61eba740e98b090d2feb3dd7a) Importer(815301076,1909f56bfc062723c751e8b465ee728b)
Start importing Assets/_Creepy_Cat/3D Games Effects Pack Free/_FAQ - Informations using Guid(9d0d32b61eba740e98b090d2feb3dd7a) Importer(815301076,1909f56bfc062723c751e8b465ee728b) [PhysX] Initialized MultithreadedTaskDispatcher with 12 workers.
 -> (artifact id: '7db30b7cc7791b3c67bf42514afbeef6') in 0.001246 seconds
Number of updated asset objects reloaded before import = 0
Number of asset objects unloaded after import = 0
========================================================================
Received Import Request.
  Time since last request: 0.039787 seconds.
  path: Assets/_Creepy_Cat/3D Games Effects Pack Free/_FAQ - Informations/Particle For One Shoot.png
  artifactKey: Guid(f7b6623e79d4f41aba868e78ed5256ef) Importer(815301076,1909f56bfc062723c751e8b465ee728b)
Start importing Assets/_Creepy_Cat/3D Games Effects Pack Free/_FAQ - Informations/Particle For One Shoot.png using Guid(f7b6623e79d4f41aba868e78ed5256ef) Importer(815301076,1909f56bfc062723c751e8b465ee728b) [PhysX] Initialized MultithreadedTaskDispatcher with 12 workers.
[PhysX] Initialized MultithreadedTaskDispatcher with 12 workers.
 -> (artifact id: 'eaf363cb7516615730fa1153016c4251') in 0.009069 seconds
Number of updated asset objects reloaded before import = 0
Number of asset objects unloaded after import = 2
========================================================================
Received Prepare
Caller must complete domain reload
Begin MonoManager ReloadAssembly
- Loaded All Assemblies, in  0.709 seconds
Native extension for WindowsStandalone target not found
Native extension for Android target not found
Mono: successfully reloaded assembly
- Finished resetting the current domain, in  2.542 seconds
Domain Reload Profiling: 3247ms
	BeginReloadAssembly (215ms)
		ExecutionOrderSort (0ms)
		DisableScriptedObjects (12ms)
		BackupInstance (0ms)
		ReleaseScriptingObjects (0ms)
		CreateAndSetChildDomain (62ms)
	RebuildCommonClasses (30ms)
	RebuildNativeTypeToScriptingClass (9ms)
	initialDomainReloadingComplete (36ms)
	LoadAllAssembliesAndSetupDomain (414ms)
		LoadAssemblies (497ms)
		RebuildTransferFunctionScriptingTraits (0ms)
		AnalyzeDomain (22ms)
			TypeCache.Refresh (10ms)
				TypeCache.ScanAssembly (0ms)
			ScanForSourceGeneratedMonoScriptInfo (0ms)
			ResolveRequiredComponents (10ms)
	FinalizeReload (2542ms)
		ReleaseScriptCaches (0ms)
		RebuildScriptCaches (0ms)
		SetupLoadedEditorAssemblies (529ms)
			LogAssemblyErrors (0ms)
			InitializePlatformSupportModulesInManaged (23ms)
			SetLoadedEditorAssemblies (4ms)
			RefreshPlugins (0ms)
			BeforeProcessingInitializeOnLoad (99ms)
			ProcessInitializeOnLoadAttributes (318ms)
			ProcessInitializeOnLoadMethodAttributes (74ms)
			AfterProcessingInitializeOnLoad (11ms)
			EditorAssembliesLoaded (0ms)
		ExecutionOrderSort2 (0ms)
		AwakeInstancesAfterBackupRestoration (21ms)
Refreshing native plugins compatible for Editor in 7.73 ms, found 4 plugins.
Preloading 0 native plugins for Editor in 0.00 ms.
Unloading 5187 Unused Serialized files (Serialized files now loaded: 0)
Unloading 22 unused Assets / (317.1 KB). Loaded Objects now: 5964.
Memory consumption went from 189.8 MB to 189.5 MB.
Total: 6.292100 ms (FindLiveObjects: 0.638600 ms CreateObjectMapping: 0.634700 ms MarkObjects: 4.860900 ms  DeleteObjects: 0.156600 ms)

Prepare: number of updated asset objects reloaded= 0
AssetImportParameters requested are different than current active one (requested -> active):
  custom:container-demuxer-ogg: 62fdf1f143b41e24485cea50d1cbac27 -> 
  custom:video-decoder-ogg-theora: a1e56fd34408186e4bbccfd4996cb3dc -> 
  custom:framework-win-MediaFoundation: 216162199b28c13a410421893ffa2e32 -> 
  custom:scripting/monoscript/fileName/InstanceExample.cs: d3e6cb23cfd3202db964b1e84379ef1f -> 
  custom:CustomObjectIndexerAttribute: 72b91833f83ae208fae7752999fa3104 -> 
  custom:container-demuxer-webm: 4f35f7cbe854078d1ac9338744f61a02 -> 
  custom:container-muxer-webm: aa71ff27fc2769a1b78a27578f13a17b -> 
  custom:video-decoder-webm-vp8: 9c59270c3fd7afecdb556c50c9e8de78 -> 
  custom:SearchIndexIgnoredProperties: e643bd26f0fe6173181afceb89e7c659 -> 
  custom:AudioImporter_EditorPlatform: d09bf68614088b80899f8185d706f6e7 -> 
  custom:video-encoder-webm-vp8: eb34c28f22e8b96e1ab97ce403110664 -> 
  custom:audio-decoder-ogg-vorbis: bf7c407c2cedff20999df2af8eb42d56 -> 
  custom:audio-encoder-webm-vorbis: bf7c407c2cedff20999df2af8eb42d56 -> 
  custom:scripting/precompiled-assembly-types:Assembly-CSharp: 7246845af84e1d750bdad0cec1b82e49 -> 1e78ece5afe2fd3f00907dbbbef71802
  custom:scripting/precompiled-assembly-types:Andtech.StarPack.Editor:  -> 73ed7ee1acd5a70bf4f24a76ee363d3d
========================================================================
Received Import Request.
  Time since last request: 45.610344 seconds.
  path: Assets/_Creepy_Cat/3D Games Effects Pack Free/_FAQ - Informations/Help Readme SOS.txt
  artifactKey: Guid(5c1873cb744644bd8a649dc8b794ef57) Importer(815301076,1909f56bfc062723c751e8b465ee728b)
Start importing Assets/_Creepy_Cat/3D Games Effects Pack Free/_FAQ - Informations/Help Readme SOS.txt using Guid(5c1873cb744644bd8a649dc8b794ef57) Importer(815301076,1909f56bfc062723c751e8b465ee728b) [PhysX] Initialized MultithreadedTaskDispatcher with 12 workers.
 -> (artifact id: '570c09e509b82caacb4edeac31b0e677') in 0.022085 seconds
Number of updated asset objects reloaded before import = 0
Number of asset objects unloaded after import = 1
========================================================================
Received Import Request.
  Time since last request: 32.772561 seconds.
  path: Assets/_Creepy_Cat/3D Games Effects Pack Free/Example_02/_Prefabs
  artifactKey: Guid(517808d42c2b2492994ada83ea24315d) Importer(815301076,1909f56bfc062723c751e8b465ee728b)
Start importing Assets/_Creepy_Cat/3D Games Effects Pack Free/Example_02/_Prefabs using Guid(517808d42c2b2492994ada83ea24315d) Importer(815301076,1909f56bfc062723c751e8b465ee728b) [PhysX] Initialized MultithreadedTaskDispatcher with 12 workers.
 -> (artifact id: '07ac060fa6e8b7ae4d7dee4e29c22ccd') in 0.000677 seconds
Number of updated asset objects reloaded before import = 0
Number of asset objects unloaded after import = 0
========================================================================
Received Import Request.
  Time since last request: 0.090306 seconds.
  path: Assets/_Creepy_Cat/3D Games Effects Pack Free/Example_02/_Prefabs/Emitter_For_Instance_OneShoot_A.prefab
  artifactKey: Guid(64db0404c1781409d9c819adeaf45772) Importer(815301076,1909f56bfc062723c751e8b465ee728b)
Start importing Assets/_Creepy_Cat/3D Games Effects Pack Free/Example_02/_Prefabs/Emitter_For_Instance_OneShoot_A.prefab using Guid(64db0404c1781409d9c819adeaf45772) Importer(815301076,1909f56bfc062723c751e8b465ee728b) [PhysX] Initialized MultithreadedTaskDispatcher with 12 workers.
[PhysX] Initialized MultithreadedTaskDispatcher with 12 workers.
 -> (artifact id: '8edf42a20152e51319bff49f5c18cc56') in 0.324471 seconds
Number of updated asset objects reloaded before import = 0
Number of asset objects unloaded after import = 28
========================================================================
Received Import Request.
  Time since last request: 118.825036 seconds.
  path: Assets/Scripts/Juego/Obstacle.cs
  artifactKey: Guid(b9db2ba440522684984eb10e5177a3d8) Importer(815301076,1909f56bfc062723c751e8b465ee728b)
Start importing Assets/Scripts/Juego/Obstacle.cs using Guid(b9db2ba440522684984eb10e5177a3d8) Importer(815301076,1909f56bfc062723c751e8b465ee728b) [PhysX] Initialized MultithreadedTaskDispatcher with 12 workers.
 -> (artifact id: 'f9af5be1ef5bf0300abaf4c63de10185') in 0.000913 seconds
Number of updated asset objects reloaded before import = 0
Number of asset objects unloaded after import = 0
========================================================================
Received Import Request.
  Time since last request: 261.500773 seconds.
  path: Assets/Scripts/Juego/Obstacle.cs
  artifactKey: Guid(b9db2ba440522684984eb10e5177a3d8) Importer(815301076,1909f56bfc062723c751e8b465ee728b)
Start importing Assets/Scripts/Juego/Obstacle.cs using Guid(b9db2ba440522684984eb10e5177a3d8) Importer(815301076,1909f56bfc062723c751e8b465ee728b) [PhysX] Initialized MultithreadedTaskDispatcher with 12 workers.
 -> (artifact id: '93bdbbb58039ecae650b26fb561a5822') in 0.000833 seconds
Number of updated asset objects reloaded before import = 0
Number of asset objects unloaded after import = 0
========================================================================
Received Prepare
Caller must complete domain reload
Begin MonoManager ReloadAssembly
- Loaded All Assemblies, in  0.654 seconds
Native extension for WindowsStandalone target not found
Native extension for Android target not found
Mono: successfully reloaded assembly
- Finished resetting the current domain, in  2.227 seconds
Domain Reload Profiling: 2877ms
	BeginReloadAssembly (197ms)
		ExecutionOrderSort (0ms)
		DisableScriptedObjects (10ms)
		BackupInstance (0ms)
		ReleaseScriptingObjects (0ms)
		CreateAndSetChildDomain (45ms)
	RebuildCommonClasses (27ms)
	RebuildNativeTypeToScriptingClass (9ms)
	initialDomainReloadingComplete (34ms)
	LoadAllAssembliesAndSetupDomain (382ms)
		LoadAssemblies (443ms)
		RebuildTransferFunctionScriptingTraits (0ms)
		AnalyzeDomain (48ms)
			TypeCache.Refresh (14ms)
				TypeCache.ScanAssembly (1ms)
			ScanForSourceGeneratedMonoScriptInfo (21ms)
			ResolveRequiredComponents (11ms)
	FinalizeReload (2228ms)
		ReleaseScriptCaches (0ms)
		RebuildScriptCaches (0ms)
		SetupLoadedEditorAssemblies (412ms)
			LogAssemblyErrors (0ms)
			InitializePlatformSupportModulesInManaged (19ms)
			SetLoadedEditorAssemblies (4ms)
			RefreshPlugins (0ms)
			BeforeProcessingInitializeOnLoad (78ms)
			ProcessInitializeOnLoadAttributes (248ms)
			ProcessInitializeOnLoadMethodAttributes (53ms)
			AfterProcessingInitializeOnLoad (9ms)
			EditorAssembliesLoaded (0ms)
		ExecutionOrderSort2 (0ms)
		AwakeInstancesAfterBackupRestoration (17ms)
Refreshing native plugins compatible for Editor in 7.21 ms, found 4 plugins.
Preloading 0 native plugins for Editor in 0.00 ms.
Unloading 5187 Unused Serialized files (Serialized files now loaded: 0)
Unloading 22 unused Assets / (317.6 KB). Loaded Objects now: 6005.
Memory consumption went from 189.9 MB to 189.6 MB.
Total: 4.173500 ms (FindLiveObjects: 0.665400 ms CreateObjectMapping: 0.483500 ms MarkObjects: 2.870000 ms  DeleteObjects: 0.153400 ms)

Prepare: number of updated asset objects reloaded= 0
AssetImportParameters requested are different than current active one (requested -> active):
  custom:container-demuxer-ogg: 62fdf1f143b41e24485cea50d1cbac27 -> 
  custom:video-decoder-ogg-theora: a1e56fd34408186e4bbccfd4996cb3dc -> 
  custom:framework-win-MediaFoundation: 216162199b28c13a410421893ffa2e32 -> 
  custom:scripting/monoscript/fileName/InstanceExample.cs: d3e6cb23cfd3202db964b1e84379ef1f -> 
  custom:CustomObjectIndexerAttribute: 72b91833f83ae208fae7752999fa3104 -> 
  custom:container-demuxer-webm: 4f35f7cbe854078d1ac9338744f61a02 -> 
  custom:container-muxer-webm: aa71ff27fc2769a1b78a27578f13a17b -> 
  custom:video-decoder-webm-vp8: 9c59270c3fd7afecdb556c50c9e8de78 -> 
  custom:SearchIndexIgnoredProperties: e643bd26f0fe6173181afceb89e7c659 -> 
  custom:AudioImporter_EditorPlatform: d09bf68614088b80899f8185d706f6e7 -> 
  custom:video-encoder-webm-vp8: eb34c28f22e8b96e1ab97ce403110664 -> 
  custom:audio-decoder-ogg-vorbis: bf7c407c2cedff20999df2af8eb42d56 -> 
  custom:audio-encoder-webm-vorbis: bf7c407c2cedff20999df2af8eb42d56 -> 
  custom:scripting/precompiled-assembly-types:Assembly-CSharp: 7246845af84e1d750bdad0cec1b82e49 -> 1e78ece5afe2fd3f00907dbbbef71802
  custom:scripting/precompiled-assembly-types:Andtech.StarPack.Editor:  -> 73ed7ee1acd5a70bf4f24a76ee363d3d
========================================================================
Received Prepare
Caller must complete domain reload
Begin MonoManager ReloadAssembly
- Loaded All Assemblies, in  0.561 seconds
Native extension for WindowsStandalone target not found
Native extension for Android target not found
Mono: successfully reloaded assembly
- Finished resetting the current domain, in  1.530 seconds
Domain Reload Profiling: 2085ms
	BeginReloadAssembly (188ms)
		ExecutionOrderSort (0ms)
		DisableScriptedObjects (4ms)
		BackupInstance (0ms)
		ReleaseScriptingObjects (0ms)
		CreateAndSetChildDomain (39ms)
	RebuildCommonClasses (29ms)
	RebuildNativeTypeToScriptingClass (9ms)
	initialDomainReloadingComplete (31ms)
	LoadAllAssembliesAndSetupDomain (299ms)
		LoadAssemblies (374ms)
		RebuildTransferFunctionScriptingTraits (0ms)
		AnalyzeDomain (38ms)
			TypeCache.Refresh (10ms)
				TypeCache.ScanAssembly (1ms)
			ScanForSourceGeneratedMonoScriptInfo (17ms)
			ResolveRequiredComponents (9ms)
	FinalizeReload (1530ms)
		ReleaseScriptCaches (0ms)
		RebuildScriptCaches (0ms)
		SetupLoadedEditorAssemblies (666ms)
			LogAssemblyErrors (0ms)
			InitializePlatformSupportModulesInManaged (19ms)
			SetLoadedEditorAssemblies (4ms)
			RefreshPlugins (0ms)
			BeforeProcessingInitializeOnLoad (83ms)
			ProcessInitializeOnLoadAttributes (474ms)
			ProcessInitializeOnLoadMethodAttributes (72ms)
			AfterProcessingInitializeOnLoad (14ms)
			EditorAssembliesLoaded (0ms)
		ExecutionOrderSort2 (0ms)
		AwakeInstancesAfterBackupRestoration (20ms)
Script is not up to date after domain reload: guid(b9db2ba440522684984eb10e5177a3d8) path("Assets/Scripts/Juego/Obstacle.cs") state(2)
Refreshing native plugins compatible for Editor in 7.01 ms, found 4 plugins.
Preloading 0 native plugins for Editor in 0.00 ms.
Unloading 5186 Unused Serialized files (Serialized files now loaded: 0)
Unloading 22 unused Assets / (317.6 KB). Loaded Objects now: 6009.
Memory consumption went from 189.8 MB to 189.5 MB.
Total: 5.297400 ms (FindLiveObjects: 0.497400 ms CreateObjectMapping: 0.452200 ms MarkObjects: 4.169800 ms  DeleteObjects: 0.176600 ms)

Prepare: number of updated asset objects reloaded= 0
AssetImportParameters requested are different than current active one (requested -> active):
  custom:container-demuxer-ogg: 62fdf1f143b41e24485cea50d1cbac27 -> 
  custom:video-decoder-ogg-theora: a1e56fd34408186e4bbccfd4996cb3dc -> 
  custom:framework-win-MediaFoundation: 216162199b28c13a410421893ffa2e32 -> 
  custom:scripting/monoscript/fileName/InstanceExample.cs: d3e6cb23cfd3202db964b1e84379ef1f -> 
  custom:CustomObjectIndexerAttribute: 72b91833f83ae208fae7752999fa3104 -> 
  custom:container-demuxer-webm: 4f35f7cbe854078d1ac9338744f61a02 -> 
  custom:container-muxer-webm: aa71ff27fc2769a1b78a27578f13a17b -> 
  custom:video-decoder-webm-vp8: 9c59270c3fd7afecdb556c50c9e8de78 -> 
  custom:SearchIndexIgnoredProperties: e643bd26f0fe6173181afceb89e7c659 -> 
  custom:AudioImporter_EditorPlatform: d09bf68614088b80899f8185d706f6e7 -> 
  custom:video-encoder-webm-vp8: eb34c28f22e8b96e1ab97ce403110664 -> 
  custom:audio-decoder-ogg-vorbis: bf7c407c2cedff20999df2af8eb42d56 -> 
  custom:audio-encoder-webm-vorbis: bf7c407c2cedff20999df2af8eb42d56 -> 
  custom:scripting/precompiled-assembly-types:Assembly-CSharp: 7246845af84e1d750bdad0cec1b82e49 -> 1e78ece5afe2fd3f00907dbbbef71802
  custom:scripting/precompiled-assembly-types:Andtech.StarPack.Editor:  -> 73ed7ee1acd5a70bf4f24a76ee363d3d
========================================================================
Received Prepare
Caller must complete domain reload
Begin MonoManager ReloadAssembly
- Loaded All Assemblies, in  0.581 seconds
Native extension for WindowsStandalone target not found
Native extension for Android target not found
Mono: successfully reloaded assembly
- Finished resetting the current domain, in  1.279 seconds
Domain Reload Profiling: 1856ms
	BeginReloadAssembly (156ms)
		ExecutionOrderSort (0ms)
		DisableScriptedObjects (4ms)
		BackupInstance (0ms)
		ReleaseScriptingObjects (0ms)
		CreateAndSetChildDomain (36ms)
	RebuildCommonClasses (27ms)
	RebuildNativeTypeToScriptingClass (8ms)
	initialDomainReloadingComplete (34ms)
	LoadAllAssembliesAndSetupDomain (350ms)
		LoadAssemblies (392ms)
		RebuildTransferFunctionScriptingTraits (0ms)
		AnalyzeDomain (43ms)
			TypeCache.Refresh (13ms)
				TypeCache.ScanAssembly (1ms)
			ScanForSourceGeneratedMonoScriptInfo (19ms)
			ResolveRequiredComponents (9ms)
	FinalizeReload (1280ms)
		ReleaseScriptCaches (0ms)
		RebuildScriptCaches (0ms)
		SetupLoadedEditorAssemblies (429ms)
			LogAssemblyErrors (0ms)
			InitializePlatformSupportModulesInManaged (20ms)
			SetLoadedEditorAssemblies (4ms)
			RefreshPlugins (0ms)
			BeforeProcessingInitializeOnLoad (80ms)
			ProcessInitializeOnLoadAttributes (259ms)
			ProcessInitializeOnLoadMethodAttributes (57ms)
			AfterProcessingInitializeOnLoad (9ms)
			EditorAssembliesLoaded (0ms)
		ExecutionOrderSort2 (0ms)
		AwakeInstancesAfterBackupRestoration (19ms)
Refreshing native plugins compatible for Editor in 6.49 ms, found 4 plugins.
Preloading 0 native plugins for Editor in 0.00 ms.
Unloading 5187 Unused Serialized files (Serialized files now loaded: 0)
Unloading 22 unused Assets / (317.2 KB). Loaded Objects now: 6015.
Memory consumption went from 189.8 MB to 189.5 MB.
Total: 4.021300 ms (FindLiveObjects: 0.627300 ms CreateObjectMapping: 0.419800 ms MarkObjects: 2.870300 ms  DeleteObjects: 0.102700 ms)

Prepare: number of updated asset objects reloaded= 0
AssetImportParameters requested are different than current active one (requested -> active):
  custom:container-demuxer-ogg: 62fdf1f143b41e24485cea50d1cbac27 -> 
  custom:video-decoder-ogg-theora: a1e56fd34408186e4bbccfd4996cb3dc -> 
  custom:framework-win-MediaFoundation: 216162199b28c13a410421893ffa2e32 -> 
  custom:scripting/monoscript/fileName/InstanceExample.cs: d3e6cb23cfd3202db964b1e84379ef1f -> 
  custom:CustomObjectIndexerAttribute: 72b91833f83ae208fae7752999fa3104 -> 
  custom:container-demuxer-webm: 4f35f7cbe854078d1ac9338744f61a02 -> 
  custom:container-muxer-webm: aa71ff27fc2769a1b78a27578f13a17b -> 
  custom:video-decoder-webm-vp8: 9c59270c3fd7afecdb556c50c9e8de78 -> 
  custom:SearchIndexIgnoredProperties: e643bd26f0fe6173181afceb89e7c659 -> 
  custom:AudioImporter_EditorPlatform: d09bf68614088b80899f8185d706f6e7 -> 
  custom:video-encoder-webm-vp8: eb34c28f22e8b96e1ab97ce403110664 -> 
  custom:audio-decoder-ogg-vorbis: bf7c407c2cedff20999df2af8eb42d56 -> 
  custom:audio-encoder-webm-vorbis: bf7c407c2cedff20999df2af8eb42d56 -> 
  custom:scripting/precompiled-assembly-types:Assembly-CSharp: 7246845af84e1d750bdad0cec1b82e49 -> 1e78ece5afe2fd3f00907dbbbef71802
  custom:scripting/precompiled-assembly-types:Andtech.StarPack.Editor:  -> 73ed7ee1acd5a70bf4f24a76ee363d3d
========================================================================
Received Import Request.
  Time since last request: 32.765987 seconds.
  path: Assets/Scripts/Juego/Obstacle.cs
  artifactKey: Guid(b9db2ba440522684984eb10e5177a3d8) Importer(815301076,1909f56bfc062723c751e8b465ee728b)
Start importing Assets/Scripts/Juego/Obstacle.cs using Guid(b9db2ba440522684984eb10e5177a3d8) Importer(815301076,1909f56bfc062723c751e8b465ee728b) [PhysX] Initialized MultithreadedTaskDispatcher with 12 workers.
 -> (artifact id: '13881735ff07d2ea985dc1a7b19bf92f') in 0.001893 seconds
Number of updated asset objects reloaded before import = 0
Number of asset objects unloaded after import = 0
========================================================================
Received Prepare
Caller must complete domain reload
Begin MonoManager ReloadAssembly
- Loaded All Assemblies, in  0.559 seconds
Native extension for WindowsStandalone target not found
Native extension for Android target not found
Mono: successfully reloaded assembly
- Finished resetting the current domain, in  1.179 seconds
Domain Reload Profiling: 1733ms
	BeginReloadAssembly (167ms)
		ExecutionOrderSort (0ms)
		DisableScriptedObjects (4ms)
		BackupInstance (0ms)
		ReleaseScriptingObjects (0ms)
		CreateAndSetChildDomain (36ms)
	RebuildCommonClasses (33ms)
	RebuildNativeTypeToScriptingClass (12ms)
	initialDomainReloadingComplete (33ms)
	LoadAllAssembliesAndSetupDomain (310ms)
		LoadAssemblies (360ms)
		RebuildTransferFunctionScriptingTraits (0ms)
		AnalyzeDomain (40ms)
			TypeCache.Refresh (12ms)
				TypeCache.ScanAssembly (2ms)
			ScanForSourceGeneratedMonoScriptInfo (17ms)
			ResolveRequiredComponents (9ms)
	FinalizeReload (1179ms)
		ReleaseScriptCaches (0ms)
		RebuildScriptCaches (0ms)
		SetupLoadedEditorAssemblies (402ms)
			LogAssemblyErrors (0ms)
			InitializePlatformSupportModulesInManaged (19ms)
			SetLoadedEditorAssemblies (4ms)
			RefreshPlugins (0ms)
			BeforeProcessingInitializeOnLoad (75ms)
			ProcessInitializeOnLoadAttributes (243ms)
			ProcessInitializeOnLoadMethodAttributes (53ms)
			AfterProcessingInitializeOnLoad (9ms)
			EditorAssembliesLoaded (0ms)
		ExecutionOrderSort2 (0ms)
		AwakeInstancesAfterBackupRestoration (19ms)
Refreshing native plugins compatible for Editor in 5.96 ms, found 4 plugins.
Preloading 0 native plugins for Editor in 0.00 ms.
Unloading 5187 Unused Serialized files (Serialized files now loaded: 0)
Unloading 22 unused Assets / (317.1 KB). Loaded Objects now: 6020.
Memory consumption went from 189.8 MB to 189.5 MB.
Total: 3.431900 ms (FindLiveObjects: 0.437400 ms CreateObjectMapping: 0.336300 ms MarkObjects: 2.560600 ms  DeleteObjects: 0.096900 ms)

Prepare: number of updated asset objects reloaded= 0
AssetImportParameters requested are different than current active one (requested -> active):
  custom:container-demuxer-ogg: 62fdf1f143b41e24485cea50d1cbac27 -> 
  custom:video-decoder-ogg-theora: a1e56fd34408186e4bbccfd4996cb3dc -> 
  custom:framework-win-MediaFoundation: 216162199b28c13a410421893ffa2e32 -> 
  custom:scripting/monoscript/fileName/InstanceExample.cs: d3e6cb23cfd3202db964b1e84379ef1f -> 
  custom:CustomObjectIndexerAttribute: 72b91833f83ae208fae7752999fa3104 -> 
  custom:container-demuxer-webm: 4f35f7cbe854078d1ac9338744f61a02 -> 
  custom:container-muxer-webm: aa71ff27fc2769a1b78a27578f13a17b -> 
  custom:video-decoder-webm-vp8: 9c59270c3fd7afecdb556c50c9e8de78 -> 
  custom:SearchIndexIgnoredProperties: e643bd26f0fe6173181afceb89e7c659 -> 
  custom:AudioImporter_EditorPlatform: d09bf68614088b80899f8185d706f6e7 -> 
  custom:video-encoder-webm-vp8: eb34c28f22e8b96e1ab97ce403110664 -> 
  custom:audio-decoder-ogg-vorbis: bf7c407c2cedff20999df2af8eb42d56 -> 
  custom:audio-encoder-webm-vorbis: bf7c407c2cedff20999df2af8eb42d56 -> 
  custom:scripting/precompiled-assembly-types:Assembly-CSharp: 7246845af84e1d750bdad0cec1b82e49 -> 1e78ece5afe2fd3f00907dbbbef71802
  custom:scripting/precompiled-assembly-types:Andtech.StarPack.Editor:  -> 73ed7ee1acd5a70bf4f24a76ee363d3d
========================================================================
Received Import Request.
  Time since last request: 14.003917 seconds.
  path: Assets/Scripts/Juego/Obstacle.cs
  artifactKey: Guid(b9db2ba440522684984eb10e5177a3d8) Importer(815301076,1909f56bfc062723c751e8b465ee728b)
Start importing Assets/Scripts/Juego/Obstacle.cs using Guid(b9db2ba440522684984eb10e5177a3d8) Importer(815301076,1909f56bfc062723c751e8b465ee728b) [PhysX] Initialized MultithreadedTaskDispatcher with 12 workers.
 -> (artifact id: '2bf550b31be6051cbc0727aca059e9a0') in 0.001976 seconds
Number of updated asset objects reloaded before import = 0
Number of asset objects unloaded after import = 0
========================================================================
Received Prepare
Caller must complete domain reload
Begin MonoManager ReloadAssembly
- Loaded All Assemblies, in  0.540 seconds
Native extension for WindowsStandalone target not found
Native extension for Android target not found
Mono: successfully reloaded assembly
- Finished resetting the current domain, in  1.217 seconds
Domain Reload Profiling: 1753ms
	BeginReloadAssembly (155ms)
		ExecutionOrderSort (0ms)
		DisableScriptedObjects (4ms)
		BackupInstance (0ms)
		ReleaseScriptingObjects (0ms)
		CreateAndSetChildDomain (34ms)
	RebuildCommonClasses (28ms)
	RebuildNativeTypeToScriptingClass (8ms)
	initialDomainReloadingComplete (31ms)
	LoadAllAssembliesAndSetupDomain (313ms)
		LoadAssemblies (358ms)
		RebuildTransferFunctionScriptingTraits (0ms)
		AnalyzeDomain (41ms)
			TypeCache.Refresh (12ms)
				TypeCache.ScanAssembly (1ms)
			ScanForSourceGeneratedMonoScriptInfo (18ms)
			ResolveRequiredComponents (9ms)
	FinalizeReload (1217ms)
		ReleaseScriptCaches (0ms)
		RebuildScriptCaches (0ms)
		SetupLoadedEditorAssemblies (406ms)
			LogAssemblyErrors (0ms)
			InitializePlatformSupportModulesInManaged (18ms)
			SetLoadedEditorAssemblies (3ms)
			RefreshPlugins (0ms)
			BeforeProcessingInitializeOnLoad (76ms)
			ProcessInitializeOnLoadAttributes (244ms)
			ProcessInitializeOnLoadMethodAttributes (57ms)
			AfterProcessingInitializeOnLoad (9ms)
			EditorAssembliesLoaded (0ms)
		ExecutionOrderSort2 (0ms)
		AwakeInstancesAfterBackupRestoration (21ms)
Refreshing native plugins compatible for Editor in 6.35 ms, found 4 plugins.
Preloading 0 native plugins for Editor in 0.00 ms.
Unloading 5187 Unused Serialized files (Serialized files now loaded: 0)
Unloading 22 unused Assets / (317.5 KB). Loaded Objects now: 6025.
Memory consumption went from 189.8 MB to 189.5 MB.
Total: 3.996800 ms (FindLiveObjects: 0.489900 ms CreateObjectMapping: 0.395600 ms MarkObjects: 2.978900 ms  DeleteObjects: 0.131600 ms)

Prepare: number of updated asset objects reloaded= 0
AssetImportParameters requested are different than current active one (requested -> active):
  custom:container-demuxer-ogg: 62fdf1f143b41e24485cea50d1cbac27 -> 
  custom:video-decoder-ogg-theora: a1e56fd34408186e4bbccfd4996cb3dc -> 
  custom:framework-win-MediaFoundation: 216162199b28c13a410421893ffa2e32 -> 
  custom:scripting/monoscript/fileName/InstanceExample.cs: d3e6cb23cfd3202db964b1e84379ef1f -> 
  custom:CustomObjectIndexerAttribute: 72b91833f83ae208fae7752999fa3104 -> 
  custom:container-demuxer-webm: 4f35f7cbe854078d1ac9338744f61a02 -> 
  custom:container-muxer-webm: aa71ff27fc2769a1b78a27578f13a17b -> 
  custom:video-decoder-webm-vp8: 9c59270c3fd7afecdb556c50c9e8de78 -> 
  custom:SearchIndexIgnoredProperties: e643bd26f0fe6173181afceb89e7c659 -> 
  custom:AudioImporter_EditorPlatform: d09bf68614088b80899f8185d706f6e7 -> 
  custom:video-encoder-webm-vp8: eb34c28f22e8b96e1ab97ce403110664 -> 
  custom:audio-decoder-ogg-vorbis: bf7c407c2cedff20999df2af8eb42d56 -> 
  custom:audio-encoder-webm-vorbis: bf7c407c2cedff20999df2af8eb42d56 -> 
  custom:scripting/precompiled-assembly-types:Assembly-CSharp: 7246845af84e1d750bdad0cec1b82e49 -> 1e78ece5afe2fd3f00907dbbbef71802
  custom:scripting/precompiled-assembly-types:Andtech.StarPack.Editor:  -> 73ed7ee1acd5a70bf4f24a76ee363d3d
========================================================================
Received Import Request.
  Time since last request: 17.062626 seconds.
  path: Assets/Prefabs/Obstáculo.prefab
  artifactKey: Guid(03b78d4b2cbd78741803df5103cae2e5) Importer(815301076,1909f56bfc062723c751e8b465ee728b)
Start importing Assets/Prefabs/Obstáculo.prefab using Guid(03b78d4b2cbd78741803df5103cae2e5) Importer(815301076,1909f56bfc062723c751e8b465ee728b) [PhysX] Initialized MultithreadedTaskDispatcher with 12 workers.
[PhysX] Initialized MultithreadedTaskDispatcher with 12 workers.
 -> (artifact id: 'd550b57eadc898afd7702c041be3d6cc') in 0.238852 seconds
Number of updated asset objects reloaded before import = 0
Number of asset objects unloaded after import = 38
========================================================================
Received Import Request.
  Time since last request: 51.202630 seconds.
  path: Assets/Prefabs/Obstáculo.prefab
  artifactKey: Guid(03b78d4b2cbd78741803df5103cae2e5) Importer(815301076,1909f56bfc062723c751e8b465ee728b)
Start importing Assets/Prefabs/Obstáculo.prefab using Guid(03b78d4b2cbd78741803df5103cae2e5) Importer(815301076,1909f56bfc062723c751e8b465ee728b) [PhysX] Initialized MultithreadedTaskDispatcher with 12 workers.
[PhysX] Initialized MultithreadedTaskDispatcher with 12 workers.
 -> (artifact id: '1e6a73ccf0f0de574df78546809ad858') in 0.072004 seconds
Number of updated asset objects reloaded before import = 0
Number of asset objects unloaded after import = 31
========================================================================
Received Prepare
Caller must complete domain reload
Begin MonoManager ReloadAssembly
- Loaded All Assemblies, in  0.523 seconds
Native extension for WindowsStandalone target not found
Native extension for Android target not found
Mono: successfully reloaded assembly
- Finished resetting the current domain, in  1.490 seconds
Domain Reload Profiling: 2009ms
	BeginReloadAssembly (167ms)
		ExecutionOrderSort (0ms)
		DisableScriptedObjects (9ms)
		BackupInstance (0ms)
		ReleaseScriptingObjects (0ms)
		CreateAndSetChildDomain (36ms)
	RebuildCommonClasses (34ms)
	RebuildNativeTypeToScriptingClass (9ms)
	initialDomainReloadingComplete (32ms)
	LoadAllAssembliesAndSetupDomain (277ms)
		LoadAssemblies (351ms)
		RebuildTransferFunctionScriptingTraits (0ms)
		AnalyzeDomain (17ms)
			TypeCache.Refresh (6ms)
				TypeCache.ScanAssembly (0ms)
			ScanForSourceGeneratedMonoScriptInfo (0ms)
			ResolveRequiredComponents (9ms)
	FinalizeReload (1491ms)
		ReleaseScriptCaches (0ms)
		RebuildScriptCaches (0ms)
		SetupLoadedEditorAssemblies (639ms)
			LogAssemblyErrors (0ms)
			InitializePlatformSupportModulesInManaged (22ms)
			SetLoadedEditorAssemblies (4ms)
			RefreshPlugins (0ms)
			BeforeProcessingInitializeOnLoad (92ms)
			ProcessInitializeOnLoadAttributes (437ms)
			ProcessInitializeOnLoadMethodAttributes (71ms)
			AfterProcessingInitializeOnLoad (12ms)
			EditorAssembliesLoaded (0ms)
		ExecutionOrderSort2 (0ms)
		AwakeInstancesAfterBackupRestoration (24ms)
Refreshing native plugins compatible for Editor in 8.01 ms, found 4 plugins.
Preloading 0 native plugins for Editor in 0.00 ms.
Unloading 5187 Unused Serialized files (Serialized files now loaded: 0)
Unloading 22 unused Assets / (317.6 KB). Loaded Objects now: 6067.
Memory consumption went from 189.9 MB to 189.6 MB.
Total: 5.626400 ms (FindLiveObjects: 0.881800 ms CreateObjectMapping: 0.639800 ms MarkObjects: 3.946400 ms  DeleteObjects: 0.156900 ms)

Prepare: number of updated asset objects reloaded= 0
AssetImportParameters requested are different than current active one (requested -> active):
  custom:container-demuxer-ogg: 62fdf1f143b41e24485cea50d1cbac27 -> 
  custom:video-decoder-ogg-theora: a1e56fd34408186e4bbccfd4996cb3dc -> 
  custom:framework-win-MediaFoundation: 216162199b28c13a410421893ffa2e32 -> 
  custom:scripting/monoscript/fileName/InstanceExample.cs: d3e6cb23cfd3202db964b1e84379ef1f -> 
  custom:CustomObjectIndexerAttribute: 72b91833f83ae208fae7752999fa3104 -> 
  custom:container-demuxer-webm: 4f35f7cbe854078d1ac9338744f61a02 -> 
  custom:container-muxer-webm: aa71ff27fc2769a1b78a27578f13a17b -> 
  custom:video-decoder-webm-vp8: 9c59270c3fd7afecdb556c50c9e8de78 -> 
  custom:SearchIndexIgnoredProperties: e643bd26f0fe6173181afceb89e7c659 -> 
  custom:AudioImporter_EditorPlatform: d09bf68614088b80899f8185d706f6e7 -> 
  custom:video-encoder-webm-vp8: eb34c28f22e8b96e1ab97ce403110664 -> 
  custom:audio-decoder-ogg-vorbis: bf7c407c2cedff20999df2af8eb42d56 -> 
  custom:audio-encoder-webm-vorbis: bf7c407c2cedff20999df2af8eb42d56 -> 
  custom:scripting/precompiled-assembly-types:Assembly-CSharp: 7246845af84e1d750bdad0cec1b82e49 -> 1e78ece5afe2fd3f00907dbbbef71802
  custom:scripting/precompiled-assembly-types:Andtech.StarPack.Editor:  -> 73ed7ee1acd5a70bf4f24a76ee363d3d
========================================================================
Received Import Request.
  Time since last request: 86.289200 seconds.
  path: Assets/_Creepy_Cat/3D Games Effects Pack Free/_Prefabs/Effect_07.prefab
  artifactKey: Guid(1625b0df15965450c86850dd6d345e87) Importer(815301076,1909f56bfc062723c751e8b465ee728b)
Start importing Assets/_Creepy_Cat/3D Games Effects Pack Free/_Prefabs/Effect_07.prefab using Guid(1625b0df15965450c86850dd6d345e87) Importer(815301076,1909f56bfc062723c751e8b465ee728b) [PhysX] Initialized MultithreadedTaskDispatcher with 12 workers.
[PhysX] Initialized MultithreadedTaskDispatcher with 12 workers.
 -> (artifact id: '22b03460243042b2bf61b041a574dd54') in 0.250814 seconds
Number of updated asset objects reloaded before import = 0
Number of asset objects unloaded after import = 34
========================================================================
Received Import Request.
  Time since last request: 9.149817 seconds.
  path: Assets/_Creepy_Cat/3D Games Effects Pack Free/_Prefabs/Effect_07.prefab
  artifactKey: Guid(1625b0df15965450c86850dd6d345e87) Importer(815301076,1909f56bfc062723c751e8b465ee728b)
Start importing Assets/_Creepy_Cat/3D Games Effects Pack Free/_Prefabs/Effect_07.prefab using Guid(1625b0df15965450c86850dd6d345e87) Importer(815301076,1909f56bfc062723c751e8b465ee728b) [PhysX] Initialized MultithreadedTaskDispatcher with 12 workers.
[PhysX] Initialized MultithreadedTaskDispatcher with 12 workers.
 -> (artifact id: '36ad4bdca7ef91a0bbce4f170a2bf9f6') in 0.035282 seconds
Number of updated asset objects reloaded before import = 0
Number of asset objects unloaded after import = 15
========================================================================
Received Prepare
Caller must complete domain reload
Begin MonoManager ReloadAssembly
- Loaded All Assemblies, in  0.554 seconds
Native extension for WindowsStandalone target not found
Native extension for Android target not found
Mono: successfully reloaded assembly
- Finished resetting the current domain, in  1.267 seconds
Domain Reload Profiling: 1818ms
	BeginReloadAssembly (165ms)
		ExecutionOrderSort (0ms)
		DisableScriptedObjects (9ms)
		BackupInstance (0ms)
		ReleaseScriptingObjects (0ms)
		CreateAndSetChildDomain (37ms)
	RebuildCommonClasses (34ms)
	RebuildNativeTypeToScriptingClass (12ms)
	initialDomainReloadingComplete (30ms)
	LoadAllAssembliesAndSetupDomain (310ms)
		LoadAssemblies (358ms)
		RebuildTransferFunctionScriptingTraits (0ms)
		AnalyzeDomain (40ms)
			TypeCache.Refresh (12ms)
				TypeCache.ScanAssembly (1ms)
			ScanForSourceGeneratedMonoScriptInfo (17ms)
			ResolveRequiredComponents (9ms)
	FinalizeReload (1268ms)
		ReleaseScriptCaches (0ms)
		RebuildScriptCaches (0ms)
		SetupLoadedEditorAssemblies (457ms)
			LogAssemblyErrors (0ms)
			InitializePlatformSupportModulesInManaged (18ms)
			SetLoadedEditorAssemblies (4ms)
			RefreshPlugins (0ms)
			BeforeProcessingInitializeOnLoad (87ms)
			ProcessInitializeOnLoadAttributes (278ms)
			ProcessInitializeOnLoadMethodAttributes (61ms)
			AfterProcessingInitializeOnLoad (9ms)
			EditorAssembliesLoaded (0ms)
		ExecutionOrderSort2 (0ms)
		AwakeInstancesAfterBackupRestoration (18ms)
Refreshing native plugins compatible for Editor in 6.14 ms, found 4 plugins.
Preloading 0 native plugins for Editor in 0.00 ms.
Unloading 5187 Unused Serialized files (Serialized files now loaded: 0)
Unloading 22 unused Assets / (317.6 KB). Loaded Objects now: 6108.
Memory consumption went from 189.9 MB to 189.6 MB.
Total: 3.502400 ms (FindLiveObjects: 0.442900 ms CreateObjectMapping: 0.347700 ms MarkObjects: 2.549000 ms  DeleteObjects: 0.162000 ms)

Prepare: number of updated asset objects reloaded= 0
AssetImportParameters requested are different than current active one (requested -> active):
  custom:container-demuxer-ogg: 62fdf1f143b41e24485cea50d1cbac27 -> 
  custom:video-decoder-ogg-theora: a1e56fd34408186e4bbccfd4996cb3dc -> 
  custom:framework-win-MediaFoundation: 216162199b28c13a410421893ffa2e32 -> 
  custom:scripting/monoscript/fileName/InstanceExample.cs: d3e6cb23cfd3202db964b1e84379ef1f -> 
  custom:CustomObjectIndexerAttribute: 72b91833f83ae208fae7752999fa3104 -> 
  custom:container-demuxer-webm: 4f35f7cbe854078d1ac9338744f61a02 -> 
  custom:container-muxer-webm: aa71ff27fc2769a1b78a27578f13a17b -> 
  custom:video-decoder-webm-vp8: 9c59270c3fd7afecdb556c50c9e8de78 -> 
  custom:SearchIndexIgnoredProperties: e643bd26f0fe6173181afceb89e7c659 -> 
  custom:AudioImporter_EditorPlatform: d09bf68614088b80899f8185d706f6e7 -> 
  custom:video-encoder-webm-vp8: eb34c28f22e8b96e1ab97ce403110664 -> 
  custom:audio-decoder-ogg-vorbis: bf7c407c2cedff20999df2af8eb42d56 -> 
  custom:audio-encoder-webm-vorbis: bf7c407c2cedff20999df2af8eb42d56 -> 
  custom:scripting/precompiled-assembly-types:Assembly-CSharp: 7246845af84e1d750bdad0cec1b82e49 -> 1e78ece5afe2fd3f00907dbbbef71802
  custom:scripting/precompiled-assembly-types:Andtech.StarPack.Editor:  -> 73ed7ee1acd5a70bf4f24a76ee363d3d
========================================================================
Received Prepare
Caller must complete domain reload
Begin MonoManager ReloadAssembly
- Loaded All Assemblies, in  0.567 seconds
Native extension for WindowsStandalone target not found
Native extension for Android target not found
Mono: successfully reloaded assembly
- Finished resetting the current domain, in  1.250 seconds
Domain Reload Profiling: 1813ms
	BeginReloadAssembly (175ms)
		ExecutionOrderSort (0ms)
		DisableScriptedObjects (4ms)
		BackupInstance (0ms)
		ReleaseScriptingObjects (0ms)
		CreateAndSetChildDomain (40ms)
	RebuildCommonClasses (29ms)
	RebuildNativeTypeToScriptingClass (8ms)
	initialDomainReloadingComplete (32ms)
	LoadAllAssembliesAndSetupDomain (318ms)
		LoadAssemblies (366ms)
		RebuildTransferFunctionScriptingTraits (0ms)
		AnalyzeDomain (48ms)
			TypeCache.Refresh (14ms)
				TypeCache.ScanAssembly (1ms)
			ScanForSourceGeneratedMonoScriptInfo (21ms)
			ResolveRequiredComponents (12ms)
	FinalizeReload (1250ms)
		ReleaseScriptCaches (0ms)
		RebuildScriptCaches (0ms)
		SetupLoadedEditorAssemblies (419ms)
			LogAssemblyErrors (0ms)
			InitializePlatformSupportModulesInManaged (18ms)
			SetLoadedEditorAssemblies (3ms)
			RefreshPlugins (0ms)
			BeforeProcessingInitializeOnLoad (75ms)
			ProcessInitializeOnLoadAttributes (256ms)
			ProcessInitializeOnLoadMethodAttributes (59ms)
			AfterProcessingInitializeOnLoad (9ms)
			EditorAssembliesLoaded (0ms)
		ExecutionOrderSort2 (0ms)
		AwakeInstancesAfterBackupRestoration (23ms)
Refreshing native plugins compatible for Editor in 5.96 ms, found 4 plugins.
Preloading 0 native plugins for Editor in 0.00 ms.
Unloading 5187 Unused Serialized files (Serialized files now loaded: 0)
Unloading 22 unused Assets / (317.7 KB). Loaded Objects now: 6113.
Memory consumption went from 189.9 MB to 189.6 MB.
Total: 3.482400 ms (FindLiveObjects: 0.452100 ms CreateObjectMapping: 0.339000 ms MarkObjects: 2.593900 ms  DeleteObjects: 0.096800 ms)

Prepare: number of updated asset objects reloaded= 0
AssetImportParameters requested are different than current active one (requested -> active):
  custom:container-demuxer-ogg: 62fdf1f143b41e24485cea50d1cbac27 -> 
  custom:video-decoder-ogg-theora: a1e56fd34408186e4bbccfd4996cb3dc -> 
  custom:framework-win-MediaFoundation: 216162199b28c13a410421893ffa2e32 -> 
  custom:scripting/monoscript/fileName/InstanceExample.cs: d3e6cb23cfd3202db964b1e84379ef1f -> 
  custom:CustomObjectIndexerAttribute: 72b91833f83ae208fae7752999fa3104 -> 
  custom:container-demuxer-webm: 4f35f7cbe854078d1ac9338744f61a02 -> 
  custom:container-muxer-webm: aa71ff27fc2769a1b78a27578f13a17b -> 
  custom:video-decoder-webm-vp8: 9c59270c3fd7afecdb556c50c9e8de78 -> 
  custom:SearchIndexIgnoredProperties: e643bd26f0fe6173181afceb89e7c659 -> 
  custom:AudioImporter_EditorPlatform: d09bf68614088b80899f8185d706f6e7 -> 
  custom:video-encoder-webm-vp8: eb34c28f22e8b96e1ab97ce403110664 -> 
  custom:audio-decoder-ogg-vorbis: bf7c407c2cedff20999df2af8eb42d56 -> 
  custom:audio-encoder-webm-vorbis: bf7c407c2cedff20999df2af8eb42d56 -> 
  custom:scripting/precompiled-assembly-types:Assembly-CSharp: 7246845af84e1d750bdad0cec1b82e49 -> 1e78ece5afe2fd3f00907dbbbef71802
  custom:scripting/precompiled-assembly-types:Andtech.StarPack.Editor:  -> 73ed7ee1acd5a70bf4f24a76ee363d3d
========================================================================
Received Import Request.
  Time since last request: 151.672589 seconds.
  path: Assets/_Creepy_Cat/3D Games Effects Pack Free/_Prefabs/Effect_01.prefab
  artifactKey: Guid(e48c7d7ec43014ad882cf23f3bb48ac8) Importer(815301076,1909f56bfc062723c751e8b465ee728b)
Start importing Assets/_Creepy_Cat/3D Games Effects Pack Free/_Prefabs/Effect_01.prefab using Guid(e48c7d7ec43014ad882cf23f3bb48ac8) Importer(815301076,1909f56bfc062723c751e8b465ee728b) [PhysX] Initialized MultithreadedTaskDispatcher with 12 workers.
[PhysX] Initialized MultithreadedTaskDispatcher with 12 workers.
 -> (artifact id: '789535b6b0fe809e7c061b603c24f6fb') in 0.349135 seconds
Number of updated asset objects reloaded before import = 0
Number of asset objects unloaded after import = 33
========================================================================
Received Import Request.
  Time since last request: 0.000035 seconds.
  path: Assets/_Creepy_Cat/3D Games Effects Pack Free/_Prefabs/Effect_08.prefab
  artifactKey: Guid(d50f5f5d5a171443fa76bc1f6fc90473) Importer(815301076,1909f56bfc062723c751e8b465ee728b)
Start importing Assets/_Creepy_Cat/3D Games Effects Pack Free/_Prefabs/Effect_08.prefab using Guid(d50f5f5d5a171443fa76bc1f6fc90473) Importer(815301076,1909f56bfc062723c751e8b465ee728b) [PhysX] Initialized MultithreadedTaskDispatcher with 12 workers.
[PhysX] Initialized MultithreadedTaskDispatcher with 12 workers.
 -> (artifact id: 'a716328762d855525a7311213dba50c3') in 0.074376 seconds
Number of updated asset objects reloaded before import = 0
Number of asset objects unloaded after import = 14
========================================================================
Received Import Request.
  Time since last request: 0.000045 seconds.
  path: Assets/_Creepy_Cat/3D Games Effects Pack Free/_Prefabs/Effect_05.prefab
  artifactKey: Guid(6746092d79f3e4fe1bfa983603238e26) Importer(815301076,1909f56bfc062723c751e8b465ee728b)
Start importing Assets/_Creepy_Cat/3D Games Effects Pack Free/_Prefabs/Effect_05.prefab using Guid(6746092d79f3e4fe1bfa983603238e26) Importer(815301076,1909f56bfc062723c751e8b465ee728b) [PhysX] Initialized MultithreadedTaskDispatcher with 12 workers.
[PhysX] Initialized MultithreadedTaskDispatcher with 12 workers.
 -> (artifact id: 'be642bb7243af4c1110b8047d873300b') in 0.102296 seconds
Number of updated asset objects reloaded before import = 0
Number of asset objects unloaded after import = 14
========================================================================
Received Import Request.
  Time since last request: 0.000033 seconds.
  path: Assets/_Creepy_Cat/3D Games Effects Pack Free/_Prefabs/Effect_07.prefab
  artifactKey: Guid(1625b0df15965450c86850dd6d345e87) Importer(815301076,1909f56bfc062723c751e8b465ee728b)
Start importing Assets/_Creepy_Cat/3D Games Effects Pack Free/_Prefabs/Effect_07.prefab using Guid(1625b0df15965450c86850dd6d345e87) Importer(815301076,1909f56bfc062723c751e8b465ee728b) [PhysX] Initialized MultithreadedTaskDispatcher with 12 workers.
[PhysX] Initialized MultithreadedTaskDispatcher with 12 workers.
 -> (artifact id: '548ac98fae58c2f078991dd060a5adb9') in 0.044980 seconds
Number of updated asset objects reloaded before import = 0
Number of asset objects unloaded after import = 15
========================================================================
Received Prepare
Caller must complete domain reload
Begin MonoManager ReloadAssembly
- Loaded All Assemblies, in  0.648 seconds
Native extension for WindowsStandalone target not found
Native extension for Android target not found
Mono: successfully reloaded assembly
- Finished resetting the current domain, in  1.290 seconds
Domain Reload Profiling: 1934ms
	BeginReloadAssembly (190ms)
		ExecutionOrderSort (0ms)
		DisableScriptedObjects (9ms)
		BackupInstance (0ms)
		ReleaseScriptingObjects (0ms)
		CreateAndSetChildDomain (50ms)
	RebuildCommonClasses (33ms)
	RebuildNativeTypeToScriptingClass (11ms)
	initialDomainReloadingComplete (38ms)
	LoadAllAssembliesAndSetupDomain (370ms)
		LoadAssemblies (419ms)
		RebuildTransferFunctionScriptingTraits (0ms)
		AnalyzeDomain (50ms)
			TypeCache.Refresh (18ms)
				TypeCache.ScanAssembly (2ms)
			ScanForSourceGeneratedMonoScriptInfo (21ms)
			ResolveRequiredComponents (9ms)
	FinalizeReload (1291ms)
		ReleaseScriptCaches (0ms)
		RebuildScriptCaches (0ms)
		SetupLoadedEditorAssemblies (460ms)
			LogAssemblyErrors (0ms)
			InitializePlatformSupportModulesInManaged (19ms)
			SetLoadedEditorAssemblies (3ms)
			RefreshPlugins (0ms)
			BeforeProcessingInitializeOnLoad (89ms)
			ProcessInitializeOnLoadAttributes (283ms)
			ProcessInitializeOnLoadMethodAttributes (55ms)
			AfterProcessingInitializeOnLoad (9ms)
			EditorAssembliesLoaded (0ms)
		ExecutionOrderSort2 (0ms)
		AwakeInstancesAfterBackupRestoration (23ms)
Refreshing native plugins compatible for Editor in 6.24 ms, found 4 plugins.
Preloading 0 native plugins for Editor in 0.00 ms.
Unloading 5187 Unused Serialized files (Serialized files now loaded: 0)
Unloading 22 unused Assets / (317.7 KB). Loaded Objects now: 6154.
Memory consumption went from 190.0 MB to 189.7 MB.
Total: 4.807800 ms (FindLiveObjects: 0.484300 ms CreateObjectMapping: 0.342400 ms MarkObjects: 3.856400 ms  DeleteObjects: 0.123400 ms)

Prepare: number of updated asset objects reloaded= 0
AssetImportParameters requested are different than current active one (requested -> active):
  custom:container-demuxer-ogg: 62fdf1f143b41e24485cea50d1cbac27 -> 
  custom:video-decoder-ogg-theora: a1e56fd34408186e4bbccfd4996cb3dc -> 
  custom:framework-win-MediaFoundation: 216162199b28c13a410421893ffa2e32 -> 
  custom:scripting/monoscript/fileName/InstanceExample.cs: d3e6cb23cfd3202db964b1e84379ef1f -> 
  custom:CustomObjectIndexerAttribute: 72b91833f83ae208fae7752999fa3104 -> 
  custom:container-demuxer-webm: 4f35f7cbe854078d1ac9338744f61a02 -> 
  custom:container-muxer-webm: aa71ff27fc2769a1b78a27578f13a17b -> 
  custom:video-decoder-webm-vp8: 9c59270c3fd7afecdb556c50c9e8de78 -> 
  custom:SearchIndexIgnoredProperties: e643bd26f0fe6173181afceb89e7c659 -> 
  custom:AudioImporter_EditorPlatform: d09bf68614088b80899f8185d706f6e7 -> 
  custom:video-encoder-webm-vp8: eb34c28f22e8b96e1ab97ce403110664 -> 
  custom:audio-decoder-ogg-vorbis: bf7c407c2cedff20999df2af8eb42d56 -> 
  custom:audio-encoder-webm-vorbis: bf7c407c2cedff20999df2af8eb42d56 -> 
  custom:scripting/precompiled-assembly-types:Assembly-CSharp: 7246845af84e1d750bdad0cec1b82e49 -> 1e78ece5afe2fd3f00907dbbbef71802
  custom:scripting/precompiled-assembly-types:Andtech.StarPack.Editor:  -> 73ed7ee1acd5a70bf4f24a76ee363d3d
========================================================================
Received Import Request.
  Time since last request: 42.645464 seconds.
  path: Assets/Prefabs/Obstáculo.prefab
  artifactKey: Guid(03b78d4b2cbd78741803df5103cae2e5) Importer(815301076,1909f56bfc062723c751e8b465ee728b)
Start importing Assets/Prefabs/Obstáculo.prefab using Guid(03b78d4b2cbd78741803df5103cae2e5) Importer(815301076,1909f56bfc062723c751e8b465ee728b) [PhysX] Initialized MultithreadedTaskDispatcher with 12 workers.
[PhysX] Initialized MultithreadedTaskDispatcher with 12 workers.
 -> (artifact id: 'c1597cc5c237f5ef80a2d2fcbe9b6b87') in 0.256905 seconds
Number of updated asset objects reloaded before import = 0
Number of asset objects unloaded after import = 51
========================================================================
Received Import Request.
  Time since last request: 20.146875 seconds.
  path: Assets/Prefabs/Obstáculo.prefab
  artifactKey: Guid(03b78d4b2cbd78741803df5103cae2e5) Importer(815301076,1909f56bfc062723c751e8b465ee728b)
Start importing Assets/Prefabs/Obstáculo.prefab using Guid(03b78d4b2cbd78741803df5103cae2e5) Importer(815301076,1909f56bfc062723c751e8b465ee728b) [PhysX] Initialized MultithreadedTaskDispatcher with 12 workers.
[PhysX] Initialized MultithreadedTaskDispatcher with 12 workers.
 -> (artifact id: 'fe392a8e3e2994f73f5bf4818ab72c89') in 0.026280 seconds
Number of updated asset objects reloaded before import = 0
Number of asset objects unloaded after import = 32
========================================================================
Received Prepare
Caller must complete domain reload
Begin MonoManager ReloadAssembly
- Loaded All Assemblies, in  0.510 seconds
Native extension for WindowsStandalone target not found
Native extension for Android target not found
Mono: successfully reloaded assembly
- Finished resetting the current domain, in  1.276 seconds
Domain Reload Profiling: 1782ms
	BeginReloadAssembly (165ms)
		ExecutionOrderSort (0ms)
		DisableScriptedObjects (10ms)
		BackupInstance (0ms)
		ReleaseScriptingObjects (0ms)
		CreateAndSetChildDomain (40ms)
	RebuildCommonClasses (28ms)
	RebuildNativeTypeToScriptingClass (9ms)
	initialDomainReloadingComplete (31ms)
	LoadAllAssembliesAndSetupDomain (273ms)
		LoadAssemblies (340ms)
		RebuildTransferFunctionScriptingTraits (0ms)
		AnalyzeDomain (17ms)
			TypeCache.Refresh (6ms)
				TypeCache.ScanAssembly (0ms)
			ScanForSourceGeneratedMonoScriptInfo (0ms)
			ResolveRequiredComponents (10ms)
	FinalizeReload (1276ms)
		ReleaseScriptCaches (0ms)
		RebuildScriptCaches (0ms)
		SetupLoadedEditorAssemblies (459ms)
			LogAssemblyErrors (0ms)
			InitializePlatformSupportModulesInManaged (23ms)
			SetLoadedEditorAssemblies (4ms)
			RefreshPlugins (0ms)
			BeforeProcessingInitializeOnLoad (84ms)
			ProcessInitializeOnLoadAttributes (274ms)
			ProcessInitializeOnLoadMethodAttributes (64ms)
			AfterProcessingInitializeOnLoad (10ms)
			EditorAssembliesLoaded (0ms)
		ExecutionOrderSort2 (0ms)
		AwakeInstancesAfterBackupRestoration (25ms)
Refreshing native plugins compatible for Editor in 6.39 ms, found 4 plugins.
Preloading 0 native plugins for Editor in 0.00 ms.
Unloading 5187 Unused Serialized files (Serialized files now loaded: 0)
Unloading 22 unused Assets / (317.6 KB). Loaded Objects now: 6195.
Memory consumption went from 190.0 MB to 189.7 MB.
Total: 5.368300 ms (FindLiveObjects: 0.647300 ms CreateObjectMapping: 0.293000 ms MarkObjects: 4.305500 ms  DeleteObjects: 0.121400 ms)

Prepare: number of updated asset objects reloaded= 0
AssetImportParameters requested are different than current active one (requested -> active):
  custom:container-demuxer-ogg: 62fdf1f143b41e24485cea50d1cbac27 -> 
  custom:video-decoder-ogg-theora: a1e56fd34408186e4bbccfd4996cb3dc -> 
  custom:framework-win-MediaFoundation: 216162199b28c13a410421893ffa2e32 -> 
  custom:scripting/monoscript/fileName/InstanceExample.cs: d3e6cb23cfd3202db964b1e84379ef1f -> 
  custom:CustomObjectIndexerAttribute: 72b91833f83ae208fae7752999fa3104 -> 
  custom:container-demuxer-webm: 4f35f7cbe854078d1ac9338744f61a02 -> 
  custom:container-muxer-webm: aa71ff27fc2769a1b78a27578f13a17b -> 
  custom:video-decoder-webm-vp8: 9c59270c3fd7afecdb556c50c9e8de78 -> 
  custom:SearchIndexIgnoredProperties: e643bd26f0fe6173181afceb89e7c659 -> 
  custom:AudioImporter_EditorPlatform: d09bf68614088b80899f8185d706f6e7 -> 
  custom:video-encoder-webm-vp8: eb34c28f22e8b96e1ab97ce403110664 -> 
  custom:audio-decoder-ogg-vorbis: bf7c407c2cedff20999df2af8eb42d56 -> 
  custom:audio-encoder-webm-vorbis: bf7c407c2cedff20999df2af8eb42d56 -> 
  custom:scripting/precompiled-assembly-types:Assembly-CSharp: 7246845af84e1d750bdad0cec1b82e49 -> 1e78ece5afe2fd3f00907dbbbef71802
  custom:scripting/precompiled-assembly-types:Andtech.StarPack.Editor:  -> 73ed7ee1acd5a70bf4f24a76ee363d3d
========================================================================
Received Prepare
Caller must complete domain reload
Begin MonoManager ReloadAssembly
- Loaded All Assemblies, in  0.502 seconds
Native extension for WindowsStandalone target not found
Native extension for Android target not found
Mono: successfully reloaded assembly
- Finished resetting the current domain, in  1.314 seconds
Domain Reload Profiling: 1811ms
	BeginReloadAssembly (153ms)
		ExecutionOrderSort (0ms)
		DisableScriptedObjects (7ms)
		BackupInstance (0ms)
		ReleaseScriptingObjects (0ms)
		CreateAndSetChildDomain (36ms)
	RebuildCommonClasses (34ms)
	RebuildNativeTypeToScriptingClass (12ms)
	initialDomainReloadingComplete (31ms)
	LoadAllAssembliesAndSetupDomain (268ms)
		LoadAssemblies (328ms)
		RebuildTransferFunctionScriptingTraits (0ms)
		AnalyzeDomain (17ms)
			TypeCache.Refresh (6ms)
				TypeCache.ScanAssembly (0ms)
			ScanForSourceGeneratedMonoScriptInfo (0ms)
			ResolveRequiredComponents (10ms)
	FinalizeReload (1314ms)
		ReleaseScriptCaches (0ms)
		RebuildScriptCaches (0ms)
		SetupLoadedEditorAssemblies (488ms)
			LogAssemblyErrors (0ms)
			InitializePlatformSupportModulesInManaged (20ms)
			SetLoadedEditorAssemblies (4ms)
			RefreshPlugins (0ms)
			BeforeProcessingInitializeOnLoad (90ms)
			ProcessInitializeOnLoadAttributes (296ms)
			ProcessInitializeOnLoadMethodAttributes (69ms)
			AfterProcessingInitializeOnLoad (9ms)
			EditorAssembliesLoaded (0ms)
		ExecutionOrderSort2 (0ms)
		AwakeInstancesAfterBackupRestoration (23ms)
Refreshing native plugins compatible for Editor in 7.73 ms, found 4 plugins.
Preloading 0 native plugins for Editor in 0.00 ms.
Unloading 5187 Unused Serialized files (Serialized files now loaded: 0)
Unloading 22 unused Assets / (317.6 KB). Loaded Objects now: 6200.
Memory consumption went from 190.0 MB to 189.6 MB.
Total: 5.094200 ms (FindLiveObjects: 0.724100 ms CreateObjectMapping: 0.506900 ms MarkObjects: 3.708700 ms  DeleteObjects: 0.153300 ms)

Prepare: number of updated asset objects reloaded= 0
AssetImportParameters requested are different than current active one (requested -> active):
  custom:container-demuxer-ogg: 62fdf1f143b41e24485cea50d1cbac27 -> 
  custom:video-decoder-ogg-theora: a1e56fd34408186e4bbccfd4996cb3dc -> 
  custom:framework-win-MediaFoundation: 216162199b28c13a410421893ffa2e32 -> 
  custom:scripting/monoscript/fileName/InstanceExample.cs: d3e6cb23cfd3202db964b1e84379ef1f -> 
  custom:CustomObjectIndexerAttribute: 72b91833f83ae208fae7752999fa3104 -> 
  custom:container-demuxer-webm: 4f35f7cbe854078d1ac9338744f61a02 -> 
  custom:container-muxer-webm: aa71ff27fc2769a1b78a27578f13a17b -> 
  custom:video-decoder-webm-vp8: 9c59270c3fd7afecdb556c50c9e8de78 -> 
  custom:SearchIndexIgnoredProperties: e643bd26f0fe6173181afceb89e7c659 -> 
  custom:AudioImporter_EditorPlatform: d09bf68614088b80899f8185d706f6e7 -> 
  custom:video-encoder-webm-vp8: eb34c28f22e8b96e1ab97ce403110664 -> 
  custom:audio-decoder-ogg-vorbis: bf7c407c2cedff20999df2af8eb42d56 -> 
  custom:audio-encoder-webm-vorbis: bf7c407c2cedff20999df2af8eb42d56 -> 
  custom:scripting/precompiled-assembly-types:Assembly-CSharp: 7246845af84e1d750bdad0cec1b82e49 -> 1e78ece5afe2fd3f00907dbbbef71802
  custom:scripting/precompiled-assembly-types:Andtech.StarPack.Editor:  -> 73ed7ee1acd5a70bf4f24a76ee363d3d
========================================================================
Received Import Request.
  Time since last request: 123.651468 seconds.
  path: Assets/_Creepy_Cat/3D Games Effects Pack Free/_Prefabs/Effect_07.prefab
  artifactKey: Guid(1625b0df15965450c86850dd6d345e87) Importer(815301076,1909f56bfc062723c751e8b465ee728b)
Start importing Assets/_Creepy_Cat/3D Games Effects Pack Free/_Prefabs/Effect_07.prefab using Guid(1625b0df15965450c86850dd6d345e87) Importer(815301076,1909f56bfc062723c751e8b465ee728b) [PhysX] Initialized MultithreadedTaskDispatcher with 12 workers.
[PhysX] Initialized MultithreadedTaskDispatcher with 12 workers.
 -> (artifact id: 'a5493c9cd445d46c3f2c0f1852bf65cb') in 0.244507 seconds
Number of updated asset objects reloaded before import = 0
Number of asset objects unloaded after import = 34
========================================================================
Received Import Request.
  Time since last request: 0.262344 seconds.
  path: Assets/_Creepy_Cat/3D Games Effects Pack Free/_Prefabs/Effect_07.prefab
  artifactKey: Guid(1625b0df15965450c86850dd6d345e87) Importer(815301076,1909f56bfc062723c751e8b465ee728b)
Start importing Assets/_Creepy_Cat/3D Games Effects Pack Free/_Prefabs/Effect_07.prefab using Guid(1625b0df15965450c86850dd6d345e87) Importer(815301076,1909f56bfc062723c751e8b465ee728b) [PhysX] Initialized MultithreadedTaskDispatcher with 12 workers.
[PhysX] Initialized MultithreadedTaskDispatcher with 12 workers.
 -> (artifact id: 'da53df48f3dc2935b7d69eb25a3eba69') in 0.029501 seconds
Number of updated asset objects reloaded before import = 0
Number of asset objects unloaded after import = 15
========================================================================
Received Import Request.
  Time since last request: 0.510576 seconds.
  path: Assets/_Creepy_Cat/3D Games Effects Pack Free/_Prefabs/Effect_07.prefab
  artifactKey: Guid(1625b0df15965450c86850dd6d345e87) Importer(815301076,1909f56bfc062723c751e8b465ee728b)
Start importing Assets/_Creepy_Cat/3D Games Effects Pack Free/_Prefabs/Effect_07.prefab using Guid(1625b0df15965450c86850dd6d345e87) Importer(815301076,1909f56bfc062723c751e8b465ee728b) [PhysX] Initialized MultithreadedTaskDispatcher with 12 workers.
[PhysX] Initialized MultithreadedTaskDispatcher with 12 workers.
 -> (artifact id: 'adf9a4e92176374b0a099479b7687fab') in 0.030353 seconds
Number of updated asset objects reloaded before import = 0
Number of asset objects unloaded after import = 15
========================================================================
Received Prepare
Caller must complete domain reload
Begin MonoManager ReloadAssembly
- Loaded All Assemblies, in  0.504 seconds
Native extension for WindowsStandalone target not found
Native extension for Android target not found
Mono: successfully reloaded assembly
- Finished resetting the current domain, in  1.347 seconds
Domain Reload Profiling: 1847ms
	BeginReloadAssembly (155ms)
		ExecutionOrderSort (0ms)
		DisableScriptedObjects (9ms)
		BackupInstance (0ms)
		ReleaseScriptingObjects (0ms)
		CreateAndSetChildDomain (36ms)
	RebuildCommonClasses (28ms)
	RebuildNativeTypeToScriptingClass (8ms)
	initialDomainReloadingComplete (33ms)
	LoadAllAssembliesAndSetupDomain (275ms)
		LoadAssemblies (333ms)
		RebuildTransferFunctionScriptingTraits (0ms)
		AnalyzeDomain (20ms)
			TypeCache.Refresh (8ms)
				TypeCache.ScanAssembly (0ms)
			ScanForSourceGeneratedMonoScriptInfo (0ms)
			ResolveRequiredComponents (10ms)
	FinalizeReload (1348ms)
		ReleaseScriptCaches (0ms)
		RebuildScriptCaches (0ms)
		SetupLoadedEditorAssemblies (485ms)
			LogAssemblyErrors (0ms)
			InitializePlatformSupportModulesInManaged (20ms)
			SetLoadedEditorAssemblies (4ms)
			RefreshPlugins (0ms)
			BeforeProcessingInitializeOnLoad (89ms)
			ProcessInitializeOnLoadAttributes (295ms)
			ProcessInitializeOnLoadMethodAttributes (69ms)
			AfterProcessingInitializeOnLoad (9ms)
			EditorAssembliesLoaded (0ms)
		ExecutionOrderSort2 (0ms)
		AwakeInstancesAfterBackupRestoration (25ms)
Refreshing native plugins compatible for Editor in 7.61 ms, found 4 plugins.
Preloading 0 native plugins for Editor in 0.00 ms.
Unloading 5187 Unused Serialized files (Serialized files now loaded: 0)
Unloading 22 unused Assets / (317.2 KB). Loaded Objects now: 6241.
Memory consumption went from 190.1 MB to 189.8 MB.
Total: 4.407200 ms (FindLiveObjects: 0.572100 ms CreateObjectMapping: 0.480900 ms MarkObjects: 3.223900 ms  DeleteObjects: 0.129300 ms)

Prepare: number of updated asset objects reloaded= 0
AssetImportParameters requested are different than current active one (requested -> active):
  custom:container-demuxer-ogg: 62fdf1f143b41e24485cea50d1cbac27 -> 
  custom:video-decoder-ogg-theora: a1e56fd34408186e4bbccfd4996cb3dc -> 
  custom:framework-win-MediaFoundation: 216162199b28c13a410421893ffa2e32 -> 
  custom:scripting/monoscript/fileName/InstanceExample.cs: d3e6cb23cfd3202db964b1e84379ef1f -> 
  custom:CustomObjectIndexerAttribute: 72b91833f83ae208fae7752999fa3104 -> 
  custom:container-demuxer-webm: 4f35f7cbe854078d1ac9338744f61a02 -> 
  custom:container-muxer-webm: aa71ff27fc2769a1b78a27578f13a17b -> 
  custom:video-decoder-webm-vp8: 9c59270c3fd7afecdb556c50c9e8de78 -> 
  custom:SearchIndexIgnoredProperties: e643bd26f0fe6173181afceb89e7c659 -> 
  custom:AudioImporter_EditorPlatform: d09bf68614088b80899f8185d706f6e7 -> 
  custom:video-encoder-webm-vp8: eb34c28f22e8b96e1ab97ce403110664 -> 
  custom:audio-decoder-ogg-vorbis: bf7c407c2cedff20999df2af8eb42d56 -> 
  custom:audio-encoder-webm-vorbis: bf7c407c2cedff20999df2af8eb42d56 -> 
  custom:scripting/precompiled-assembly-types:Assembly-CSharp: 7246845af84e1d750bdad0cec1b82e49 -> 1e78ece5afe2fd3f00907dbbbef71802
  custom:scripting/precompiled-assembly-types:Andtech.StarPack.Editor:  -> 73ed7ee1acd5a70bf4f24a76ee363d3d
========================================================================
Received Import Request.
  Time since last request: 52.394945 seconds.
  path: Assets/_Creepy_Cat/3D Games Effects Pack Free/_Materials/Effect_07.mat
  artifactKey: Guid(6ae42f94864774b79bd2f0c91e849c6e) Importer(815301076,1909f56bfc062723c751e8b465ee728b)
Start importing Assets/_Creepy_Cat/3D Games Effects Pack Free/_Materials/Effect_07.mat using Guid(6ae42f94864774b79bd2f0c91e849c6e) Importer(815301076,1909f56bfc062723c751e8b465ee728b) [PhysX] Initialized MultithreadedTaskDispatcher with 12 workers.
[PhysX] Initialized MultithreadedTaskDispatcher with 12 workers.
 -> (artifact id: '63182b4bde087937bc321b582e64b0d4') in 0.253115 seconds
Number of updated asset objects reloaded before import = 0
Number of asset objects unloaded after import = 22
========================================================================
Received Import Request.
  Time since last request: 19.124765 seconds.
  path: Assets/Prefabs/Obstáculo.prefab
  artifactKey: Guid(03b78d4b2cbd78741803df5103cae2e5) Importer(815301076,1909f56bfc062723c751e8b465ee728b)
Start importing Assets/Prefabs/Obstáculo.prefab using Guid(03b78d4b2cbd78741803df5103cae2e5) Importer(815301076,1909f56bfc062723c751e8b465ee728b) [PhysX] Initialized MultithreadedTaskDispatcher with 12 workers.
[PhysX] Initialized MultithreadedTaskDispatcher with 12 workers.
 -> (artifact id: '440f4b76d42bd32c8c866d3892070276') in 0.035765 seconds
Number of updated asset objects reloaded before import = 0
Number of asset objects unloaded after import = 32
========================================================================
Received Import Request.
  Time since last request: 10.834940 seconds.
  path: Assets/_Creepy_Cat/3D Games Effects Pack Free/_Materials/Effect_01.mat
  artifactKey: Guid(acd51d388e03b43ee91f50f360703603) Importer(815301076,1909f56bfc062723c751e8b465ee728b)
Start importing Assets/_Creepy_Cat/3D Games Effects Pack Free/_Materials/Effect_01.mat using Guid(acd51d388e03b43ee91f50f360703603) Importer(815301076,1909f56bfc062723c751e8b465ee728b) [PhysX] Initialized MultithreadedTaskDispatcher with 12 workers.
[PhysX] Initialized MultithreadedTaskDispatcher with 12 workers.
 -> (artifact id: '3d9df4d68e452f69087a1971759fea68') in 0.033228 seconds
Number of updated asset objects reloaded before import = 0
Number of asset objects unloaded after import = 3
========================================================================
Received Import Request.
  Time since last request: 0.000033 seconds.
  path: Assets/_Creepy_Cat/3D Games Effects Pack Free/_Materials/Effect_04.mat
  artifactKey: Guid(9d7b7705dd2cc450c991a93f6474f081) Importer(815301076,1909f56bfc062723c751e8b465ee728b)
Start importing Assets/_Creepy_Cat/3D Games Effects Pack Free/_Materials/Effect_04.mat using Guid(9d7b7705dd2cc450c991a93f6474f081) Importer(815301076,1909f56bfc062723c751e8b465ee728b) [PhysX] Initialized MultithreadedTaskDispatcher with 12 workers.
[PhysX] Initialized MultithreadedTaskDispatcher with 12 workers.
 -> (artifact id: '296f4e58781e84cef92c4170e191dde9') in 0.033090 seconds
Number of updated asset objects reloaded before import = 0
Number of asset objects unloaded after import = 3
========================================================================
Received Import Request.
  Time since last request: 0.000036 seconds.
  path: Assets/_Creepy_Cat/3D Games Effects Pack Free/_Materials/Effect_03.mat
  artifactKey: Guid(75666bafa7f7243d7a69ef0cb5137fe7) Importer(815301076,1909f56bfc062723c751e8b465ee728b)
Start importing Assets/_Creepy_Cat/3D Games Effects Pack Free/_Materials/Effect_03.mat using Guid(75666bafa7f7243d7a69ef0cb5137fe7) Importer(815301076,1909f56bfc062723c751e8b465ee728b) [PhysX] Initialized MultithreadedTaskDispatcher with 12 workers.
[PhysX] Initialized MultithreadedTaskDispatcher with 12 workers.
 -> (artifact id: '84114a702e1161a30c7bdcccb0fc98b2') in 0.023503 seconds
Number of updated asset objects reloaded before import = 0
Number of asset objects unloaded after import = 3
========================================================================
Received Import Request.
  Time since last request: 0.000027 seconds.
  path: Assets/_Creepy_Cat/3D Games Effects Pack Free/_Materials/Effect_05.mat
  artifactKey: Guid(a551b9b2ea53445be86fd523d3a8aa60) Importer(815301076,1909f56bfc062723c751e8b465ee728b)
Start importing Assets/_Creepy_Cat/3D Games Effects Pack Free/_Materials/Effect_05.mat using Guid(a551b9b2ea53445be86fd523d3a8aa60) Importer(815301076,1909f56bfc062723c751e8b465ee728b) [PhysX] Initialized MultithreadedTaskDispatcher with 12 workers.
[PhysX] Initialized MultithreadedTaskDispatcher with 12 workers.
 -> (artifact id: '4e6284116706a8ddbd392769f50d72e4') in 0.034366 seconds
Number of updated asset objects reloaded before import = 0
Number of asset objects unloaded after import = 3
========================================================================
Received Import Request.
  Time since last request: 0.000029 seconds.
  path: Assets/_Creepy_Cat/3D Games Effects Pack Free/_Materials/Effect_06.mat
  artifactKey: Guid(a520c59bd52a84761853f1676c85041d) Importer(815301076,1909f56bfc062723c751e8b465ee728b)
Start importing Assets/_Creepy_Cat/3D Games Effects Pack Free/_Materials/Effect_06.mat using Guid(a520c59bd52a84761853f1676c85041d) Importer(815301076,1909f56bfc062723c751e8b465ee728b) [PhysX] Initialized MultithreadedTaskDispatcher with 12 workers.
[PhysX] Initialized MultithreadedTaskDispatcher with 12 workers.
 -> (artifact id: 'b1070f9d977fc6723f4e1717c21dab0c') in 0.038773 seconds
Number of updated asset objects reloaded before import = 0
Number of asset objects unloaded after import = 3
========================================================================
Received Import Request.
  Time since last request: 0.000044 seconds.
  path: Assets/_Creepy_Cat/3D Games Effects Pack Free/_Materials/Effect_08.mat
  artifactKey: Guid(02fe6122f18ad42c98742a5c28931947) Importer(815301076,1909f56bfc062723c751e8b465ee728b)
Start importing Assets/_Creepy_Cat/3D Games Effects Pack Free/_Materials/Effect_08.mat using Guid(02fe6122f18ad42c98742a5c28931947) Importer(815301076,1909f56bfc062723c751e8b465ee728b) [PhysX] Initialized MultithreadedTaskDispatcher with 12 workers.
[PhysX] Initialized MultithreadedTaskDispatcher with 12 workers.
 -> (artifact id: '1a557f94401448b3af4f62af414a4dcc') in 0.029733 seconds
Number of updated asset objects reloaded before import = 0
Number of asset objects unloaded after import = 3
========================================================================
Received Import Request.
  Time since last request: 20.765340 seconds.
  path: Assets/_Creepy_Cat/3D Games Effects Pack Free/_Prefabs/Particle System.prefab
  artifactKey: Guid(7dc5cea5bed47e241875bad319ef321d) Importer(815301076,1909f56bfc062723c751e8b465ee728b)
Start importing Assets/_Creepy_Cat/3D Games Effects Pack Free/_Prefabs/Particle System.prefab using Guid(7dc5cea5bed47e241875bad319ef321d) Importer(815301076,1909f56bfc062723c751e8b465ee728b) [PhysX] Initialized MultithreadedTaskDispatcher with 12 workers.
[PhysX] Initialized MultithreadedTaskDispatcher with 12 workers.
 -> (artifact id: '6521c74d9179bc2b0500c719434a1a91') in 0.041375 seconds
Number of updated asset objects reloaded before import = 0
Number of asset objects unloaded after import = 9
========================================================================
Received Import Request.
  Time since last request: 0.037888 seconds.
  path: Assets/_Creepy_Cat/3D Games Effects Pack Free/_Prefabs/Effect_07.prefab
  artifactKey: Guid(1625b0df15965450c86850dd6d345e87) Importer(815301076,1909f56bfc062723c751e8b465ee728b)
Start importing Assets/_Creepy_Cat/3D Games Effects Pack Free/_Prefabs/Effect_07.prefab using Guid(1625b0df15965450c86850dd6d345e87) Importer(815301076,1909f56bfc062723c751e8b465ee728b) [PhysX] Initialized MultithreadedTaskDispatcher with 12 workers.
[PhysX] Initialized MultithreadedTaskDispatcher with 12 workers.
 -> (artifact id: '4c90260828540fa2247c69344dc96cf8') in 0.034399 seconds
Number of updated asset objects reloaded before import = 0
Number of asset objects unloaded after import = 21
========================================================================
Received Import Request.
  Time since last request: 7.421835 seconds.
  path: Assets/Prefabs/Obstáculo.prefab
  artifactKey: Guid(03b78d4b2cbd78741803df5103cae2e5) Importer(815301076,1909f56bfc062723c751e8b465ee728b)
Start importing Assets/Prefabs/Obstáculo.prefab using Guid(03b78d4b2cbd78741803df5103cae2e5) Importer(815301076,1909f56bfc062723c751e8b465ee728b) [PhysX] Initialized MultithreadedTaskDispatcher with 12 workers.
[PhysX] Initialized MultithreadedTaskDispatcher with 12 workers.
 -> (artifact id: '25a53679415671125db9dd6315df4b96') in 0.023231 seconds
Number of updated asset objects reloaded before import = 0
Number of asset objects unloaded after import = 26
========================================================================
Received Prepare
Caller must complete domain reload
Begin MonoManager ReloadAssembly
- Loaded All Assemblies, in  0.587 seconds
Native extension for WindowsStandalone target not found
Native extension for Android target not found
Mono: successfully reloaded assembly
- Finished resetting the current domain, in  1.422 seconds
Domain Reload Profiling: 2005ms
	BeginReloadAssembly (175ms)
		ExecutionOrderSort (0ms)
		DisableScriptedObjects (11ms)
		BackupInstance (0ms)
		ReleaseScriptingObjects (0ms)
		CreateAndSetChildDomain (42ms)
	RebuildCommonClasses (30ms)
	RebuildNativeTypeToScriptingClass (9ms)
	initialDomainReloadingComplete (33ms)
	LoadAllAssembliesAndSetupDomain (336ms)
		LoadAssemblies (399ms)
		RebuildTransferFunctionScriptingTraits (0ms)
		AnalyzeDomain (23ms)
			TypeCache.Refresh (11ms)
				TypeCache.ScanAssembly (0ms)
			ScanForSourceGeneratedMonoScriptInfo (0ms)
			ResolveRequiredComponents (10ms)
	FinalizeReload (1423ms)
		ReleaseScriptCaches (0ms)
		RebuildScriptCaches (0ms)
		SetupLoadedEditorAssemblies (523ms)
			LogAssemblyErrors (0ms)
			InitializePlatformSupportModulesInManaged (23ms)
			SetLoadedEditorAssemblies (5ms)
			RefreshPlugins (0ms)
			BeforeProcessingInitializeOnLoad (96ms)
			ProcessInitializeOnLoadAttributes (322ms)
			ProcessInitializeOnLoadMethodAttributes (68ms)
			AfterProcessingInitializeOnLoad (9ms)
			EditorAssembliesLoaded (0ms)
		ExecutionOrderSort2 (0ms)
		AwakeInstancesAfterBackupRestoration (25ms)
Refreshing native plugins compatible for Editor in 8.60 ms, found 4 plugins.
Preloading 0 native plugins for Editor in 0.00 ms.
Unloading 5187 Unused Serialized files (Serialized files now loaded: 0)
Unloading 22 unused Assets / (317.6 KB). Loaded Objects now: 6282.
Memory consumption went from 190.1 MB to 189.8 MB.
Total: 5.662700 ms (FindLiveObjects: 0.824200 ms CreateObjectMapping: 0.528300 ms MarkObjects: 4.104900 ms  DeleteObjects: 0.204200 ms)

Prepare: number of updated asset objects reloaded= 0
AssetImportParameters requested are different than current active one (requested -> active):
  custom:container-demuxer-ogg: 62fdf1f143b41e24485cea50d1cbac27 -> 
  custom:video-decoder-ogg-theora: a1e56fd34408186e4bbccfd4996cb3dc -> 
  custom:framework-win-MediaFoundation: 216162199b28c13a410421893ffa2e32 -> 
  custom:scripting/monoscript/fileName/InstanceExample.cs: d3e6cb23cfd3202db964b1e84379ef1f -> 
  custom:CustomObjectIndexerAttribute: 72b91833f83ae208fae7752999fa3104 -> 
  custom:container-demuxer-webm: 4f35f7cbe854078d1ac9338744f61a02 -> 
  custom:container-muxer-webm: aa71ff27fc2769a1b78a27578f13a17b -> 
  custom:video-decoder-webm-vp8: 9c59270c3fd7afecdb556c50c9e8de78 -> 
  custom:SearchIndexIgnoredProperties: e643bd26f0fe6173181afceb89e7c659 -> 
  custom:AudioImporter_EditorPlatform: d09bf68614088b80899f8185d706f6e7 -> 
  custom:video-encoder-webm-vp8: eb34c28f22e8b96e1ab97ce403110664 -> 
  custom:audio-decoder-ogg-vorbis: bf7c407c2cedff20999df2af8eb42d56 -> 
  custom:audio-encoder-webm-vorbis: bf7c407c2cedff20999df2af8eb42d56 -> 
  custom:scripting/precompiled-assembly-types:Assembly-CSharp: 7246845af84e1d750bdad0cec1b82e49 -> 1e78ece5afe2fd3f00907dbbbef71802
  custom:scripting/precompiled-assembly-types:Andtech.StarPack.Editor:  -> 73ed7ee1acd5a70bf4f24a76ee363d3d
========================================================================
Received Import Request.
  Time since last request: 50.788947 seconds.
  path: Assets/_Creepy_Cat/3D Games Effects Pack Free/_Prefabs/Effect_07.prefab
  artifactKey: Guid(1625b0df15965450c86850dd6d345e87) Importer(815301076,1909f56bfc062723c751e8b465ee728b)
Start importing Assets/_Creepy_Cat/3D Games Effects Pack Free/_Prefabs/Effect_07.prefab using Guid(1625b0df15965450c86850dd6d345e87) Importer(815301076,1909f56bfc062723c751e8b465ee728b) [PhysX] Initialized MultithreadedTaskDispatcher with 12 workers.
[PhysX] Initialized MultithreadedTaskDispatcher with 12 workers.
 -> (artifact id: 'c755edf753fbfe5c6a89d82de6a8c5ef') in 0.256244 seconds
Number of updated asset objects reloaded before import = 0
Number of asset objects unloaded after import = 40
========================================================================
Received Import Request.
  Time since last request: 0.051034 seconds.
  path: Assets/_Creepy_Cat/3D Games Effects Pack Free/_Prefabs/Effect_07.prefab
  artifactKey: Guid(1625b0df15965450c86850dd6d345e87) Importer(815301076,1909f56bfc062723c751e8b465ee728b)
Start importing Assets/_Creepy_Cat/3D Games Effects Pack Free/_Prefabs/Effect_07.prefab using Guid(1625b0df15965450c86850dd6d345e87) Importer(815301076,1909f56bfc062723c751e8b465ee728b) [PhysX] Initialized MultithreadedTaskDispatcher with 12 workers.
[PhysX] Initialized MultithreadedTaskDispatcher with 12 workers.
 -> (artifact id: 'd51b97fadc4c582c8cd1a3a5887bf566') in 0.031432 seconds
Number of updated asset objects reloaded before import = 0
Number of asset objects unloaded after import = 21
========================================================================
Received Import Request.
  Time since last request: 18.830478 seconds.
  path: Assets/Prefabs/Obstáculo.prefab
  artifactKey: Guid(03b78d4b2cbd78741803df5103cae2e5) Importer(815301076,1909f56bfc062723c751e8b465ee728b)
Start importing Assets/Prefabs/Obstáculo.prefab using Guid(03b78d4b2cbd78741803df5103cae2e5) Importer(815301076,1909f56bfc062723c751e8b465ee728b) [PhysX] Initialized MultithreadedTaskDispatcher with 12 workers.
[PhysX] Initialized MultithreadedTaskDispatcher with 12 workers.
 -> (artifact id: '0ed637aff59be527f8333975fb4aade6') in 0.030044 seconds
Number of updated asset objects reloaded before import = 0
Number of asset objects unloaded after import = 38
========================================================================
Received Import Request.
  Time since last request: 5.967211 seconds.
  path: Assets/Prefabs/Obstáculo.prefab
  artifactKey: Guid(03b78d4b2cbd78741803df5103cae2e5) Importer(815301076,1909f56bfc062723c751e8b465ee728b)
Start importing Assets/Prefabs/Obstáculo.prefab using Guid(03b78d4b2cbd78741803df5103cae2e5) Importer(815301076,1909f56bfc062723c751e8b465ee728b) [PhysX] Initialized MultithreadedTaskDispatcher with 12 workers.
[PhysX] Initialized MultithreadedTaskDispatcher with 12 workers.
 -> (artifact id: '9b58404b506ea6f73df68c13f0e9d3b1') in 0.025080 seconds
Number of updated asset objects reloaded before import = 0
Number of asset objects unloaded after import = 38
========================================================================
Received Import Request.
  Time since last request: 26.490873 seconds.
  path: Assets/_Creepy_Cat
  artifactKey: Guid(d2085469a29794095949290dca76ce97) Importer(815301076,1909f56bfc062723c751e8b465ee728b)
Start importing Assets/_Creepy_Cat using Guid(d2085469a29794095949290dca76ce97) Importer(815301076,1909f56bfc062723c751e8b465ee728b) [PhysX] Initialized MultithreadedTaskDispatcher with 12 workers.
 -> (artifact id: 'fc296fd7dcf06d5bd133870d6761b0b0') in 0.000795 seconds
Number of updated asset objects reloaded before import = 0
Number of asset objects unloaded after import = 0
========================================================================
Received Prepare
Caller must complete domain reload
Begin MonoManager ReloadAssembly
- Loaded All Assemblies, in  0.555 seconds
Native extension for WindowsStandalone target not found
Native extension for Android target not found
Mono: successfully reloaded assembly
- Finished resetting the current domain, in  1.237 seconds
Domain Reload Profiling: 1788ms
	BeginReloadAssembly (169ms)
		ExecutionOrderSort (0ms)
		DisableScriptedObjects (9ms)
		BackupInstance (0ms)
		ReleaseScriptingObjects (0ms)
		CreateAndSetChildDomain (37ms)
	RebuildCommonClasses (30ms)
	RebuildNativeTypeToScriptingClass (9ms)
	initialDomainReloadingComplete (31ms)
	LoadAllAssembliesAndSetupDomain (312ms)
		LoadAssemblies (364ms)
		RebuildTransferFunctionScriptingTraits (0ms)
		AnalyzeDomain (38ms)
			TypeCache.Refresh (11ms)
				TypeCache.ScanAssembly (1ms)
			ScanForSourceGeneratedMonoScriptInfo (17ms)
			ResolveRequiredComponents (9ms)
	FinalizeReload (1237ms)
		ReleaseScriptCaches (0ms)
		RebuildScriptCaches (0ms)
		SetupLoadedEditorAssemblies (409ms)
			LogAssemblyErrors (0ms)
			InitializePlatformSupportModulesInManaged (17ms)
			SetLoadedEditorAssemblies (4ms)
			RefreshPlugins (0ms)
			BeforeProcessingInitializeOnLoad (77ms)
			ProcessInitializeOnLoadAttributes (244ms)
			ProcessInitializeOnLoadMethodAttributes (58ms)
			AfterProcessingInitializeOnLoad (8ms)
			EditorAssembliesLoaded (0ms)
		ExecutionOrderSort2 (0ms)
		AwakeInstancesAfterBackupRestoration (24ms)
Refreshing native plugins compatible for Editor in 6.62 ms, found 4 plugins.
Preloading 0 native plugins for Editor in 0.00 ms.
Unloading 5187 Unused Serialized files (Serialized files now loaded: 0)
Unloading 22 unused Assets / (317.6 KB). Loaded Objects now: 6323.
Memory consumption went from 190.1 MB to 189.8 MB.
Total: 4.022700 ms (FindLiveObjects: 0.535600 ms CreateObjectMapping: 0.419100 ms MarkObjects: 2.944800 ms  DeleteObjects: 0.122400 ms)

Prepare: number of updated asset objects reloaded= 0
AssetImportParameters requested are different than current active one (requested -> active):
  custom:container-demuxer-ogg: 62fdf1f143b41e24485cea50d1cbac27 -> 
  custom:video-decoder-ogg-theora: a1e56fd34408186e4bbccfd4996cb3dc -> 
  custom:framework-win-MediaFoundation: 216162199b28c13a410421893ffa2e32 -> 
  custom:scripting/monoscript/fileName/InstanceExample.cs: d3e6cb23cfd3202db964b1e84379ef1f -> 
  custom:CustomObjectIndexerAttribute: 72b91833f83ae208fae7752999fa3104 -> 
  custom:container-demuxer-webm: 4f35f7cbe854078d1ac9338744f61a02 -> 
  custom:container-muxer-webm: aa71ff27fc2769a1b78a27578f13a17b -> 
  custom:video-decoder-webm-vp8: 9c59270c3fd7afecdb556c50c9e8de78 -> 
  custom:SearchIndexIgnoredProperties: e643bd26f0fe6173181afceb89e7c659 -> 
  custom:AudioImporter_EditorPlatform: d09bf68614088b80899f8185d706f6e7 -> 
  custom:video-encoder-webm-vp8: eb34c28f22e8b96e1ab97ce403110664 -> 
  custom:audio-decoder-ogg-vorbis: bf7c407c2cedff20999df2af8eb42d56 -> 
  custom:audio-encoder-webm-vorbis: bf7c407c2cedff20999df2af8eb42d56 -> 
  custom:scripting/precompiled-assembly-types:Assembly-CSharp: 7246845af84e1d750bdad0cec1b82e49 -> 1e78ece5afe2fd3f00907dbbbef71802
  custom:scripting/precompiled-assembly-types:Andtech.StarPack.Editor:  -> 73ed7ee1acd5a70bf4f24a76ee363d3d
========================================================================
Received Import Request.
  Time since last request: 143.543097 seconds.
  path: Assets/Prefabs/Obstáculo.prefab
  artifactKey: Guid(03b78d4b2cbd78741803df5103cae2e5) Importer(815301076,1909f56bfc062723c751e8b465ee728b)
Start importing Assets/Prefabs/Obstáculo.prefab using Guid(03b78d4b2cbd78741803df5103cae2e5) Importer(815301076,1909f56bfc062723c751e8b465ee728b) [PhysX] Initialized MultithreadedTaskDispatcher with 12 workers.
[PhysX] Initialized MultithreadedTaskDispatcher with 12 workers.
 -> (artifact id: '954c5d92fd06c638a44c59f592862de0') in 0.235441 seconds
Number of updated asset objects reloaded before import = 0
Number of asset objects unloaded after import = 57
========================================================================
Received Import Request.
  Time since last request: 12.335323 seconds.
  path: Assets/Prefabs/Obstáculo.prefab
  artifactKey: Guid(03b78d4b2cbd78741803df5103cae2e5) Importer(815301076,1909f56bfc062723c751e8b465ee728b)
Start importing Assets/Prefabs/Obstáculo.prefab using Guid(03b78d4b2cbd78741803df5103cae2e5) Importer(815301076,1909f56bfc062723c751e8b465ee728b) [PhysX] Initialized MultithreadedTaskDispatcher with 12 workers.
[PhysX] Initialized MultithreadedTaskDispatcher with 12 workers.
 -> (artifact id: '6d20099cb08da03588921882e649a18f') in 0.023782 seconds
Number of updated asset objects reloaded before import = 0
Number of asset objects unloaded after import = 26
========================================================================
Received Prepare
Caller must complete domain reload
Begin MonoManager ReloadAssembly
- Loaded All Assemblies, in  0.521 seconds
Native extension for WindowsStandalone target not found
Native extension for Android target not found
Mono: successfully reloaded assembly
- Finished resetting the current domain, in  1.386 seconds
Domain Reload Profiling: 1904ms
	BeginReloadAssembly (167ms)
		ExecutionOrderSort (0ms)
		DisableScriptedObjects (9ms)
		BackupInstance (0ms)
		ReleaseScriptingObjects (0ms)
		CreateAndSetChildDomain (41ms)
	RebuildCommonClasses (33ms)
	RebuildNativeTypeToScriptingClass (8ms)
	initialDomainReloadingComplete (31ms)
	LoadAllAssembliesAndSetupDomain (278ms)
		LoadAssemblies (341ms)
		RebuildTransferFunctionScriptingTraits (0ms)
		AnalyzeDomain (21ms)
			TypeCache.Refresh (7ms)
				TypeCache.ScanAssembly (0ms)
			ScanForSourceGeneratedMonoScriptInfo (0ms)
			ResolveRequiredComponents (12ms)
	FinalizeReload (1386ms)
		ReleaseScriptCaches (0ms)
		RebuildScriptCaches (0ms)
		SetupLoadedEditorAssemblies (473ms)
			LogAssemblyErrors (0ms)
			InitializePlatformSupportModulesInManaged (18ms)
			SetLoadedEditorAssemblies (4ms)
			RefreshPlugins (0ms)
			BeforeProcessingInitializeOnLoad (87ms)
			ProcessInitializeOnLoadAttributes (289ms)
			ProcessInitializeOnLoadMethodAttributes (64ms)
			AfterProcessingInitializeOnLoad (10ms)
			EditorAssembliesLoaded (0ms)
		ExecutionOrderSort2 (0ms)
		AwakeInstancesAfterBackupRestoration (23ms)
Refreshing native plugins compatible for Editor in 7.62 ms, found 4 plugins.
Preloading 0 native plugins for Editor in 0.00 ms.
Unloading 5187 Unused Serialized files (Serialized files now loaded: 0)
Unloading 22 unused Assets / (317.1 KB). Loaded Objects now: 6364.
Memory consumption went from 190.2 MB to 189.9 MB.
Total: 4.151800 ms (FindLiveObjects: 0.600100 ms CreateObjectMapping: 0.607600 ms MarkObjects: 2.830000 ms  DeleteObjects: 0.112800 ms)

Prepare: number of updated asset objects reloaded= 0
AssetImportParameters requested are different than current active one (requested -> active):
  custom:container-demuxer-ogg: 62fdf1f143b41e24485cea50d1cbac27 -> 
  custom:video-decoder-ogg-theora: a1e56fd34408186e4bbccfd4996cb3dc -> 
  custom:framework-win-MediaFoundation: 216162199b28c13a410421893ffa2e32 -> 
  custom:scripting/monoscript/fileName/InstanceExample.cs: d3e6cb23cfd3202db964b1e84379ef1f -> 
  custom:CustomObjectIndexerAttribute: 72b91833f83ae208fae7752999fa3104 -> 
  custom:container-demuxer-webm: 4f35f7cbe854078d1ac9338744f61a02 -> 
  custom:container-muxer-webm: aa71ff27fc2769a1b78a27578f13a17b -> 
  custom:video-decoder-webm-vp8: 9c59270c3fd7afecdb556c50c9e8de78 -> 
  custom:SearchIndexIgnoredProperties: e643bd26f0fe6173181afceb89e7c659 -> 
  custom:AudioImporter_EditorPlatform: d09bf68614088b80899f8185d706f6e7 -> 
  custom:video-encoder-webm-vp8: eb34c28f22e8b96e1ab97ce403110664 -> 
  custom:audio-decoder-ogg-vorbis: bf7c407c2cedff20999df2af8eb42d56 -> 
  custom:audio-encoder-webm-vorbis: bf7c407c2cedff20999df2af8eb42d56 -> 
  custom:scripting/precompiled-assembly-types:Assembly-CSharp: 7246845af84e1d750bdad0cec1b82e49 -> 1e78ece5afe2fd3f00907dbbbef71802
  custom:scripting/precompiled-assembly-types:Andtech.StarPack.Editor:  -> 73ed7ee1acd5a70bf4f24a76ee363d3d
========================================================================
Received Import Request.
  Time since last request: 23.732597 seconds.
  path: Assets/Prefabs/Obstáculo.prefab
  artifactKey: Guid(03b78d4b2cbd78741803df5103cae2e5) Importer(815301076,1909f56bfc062723c751e8b465ee728b)
Start importing Assets/Prefabs/Obstáculo.prefab using Guid(03b78d4b2cbd78741803df5103cae2e5) Importer(815301076,1909f56bfc062723c751e8b465ee728b) [PhysX] Initialized MultithreadedTaskDispatcher with 12 workers.
[PhysX] Initialized MultithreadedTaskDispatcher with 12 workers.
 -> (artifact id: '8eb9d71f0e3ea6075db9ac3550032309') in 0.248063 seconds
Number of updated asset objects reloaded before import = 0
Number of asset objects unloaded after import = 45
========================================================================
Received Import Request.
  Time since last request: 51.506702 seconds.
  path: Assets/Prefabs/Obstáculo.prefab
  artifactKey: Guid(03b78d4b2cbd78741803df5103cae2e5) Importer(815301076,1909f56bfc062723c751e8b465ee728b)
Start importing Assets/Prefabs/Obstáculo.prefab using Guid(03b78d4b2cbd78741803df5103cae2e5) Importer(815301076,1909f56bfc062723c751e8b465ee728b) [PhysX] Initialized MultithreadedTaskDispatcher with 12 workers.
[PhysX] Initialized MultithreadedTaskDispatcher with 12 workers.
 -> (artifact id: '7cde29cc65df90ff5ff04763c51a1cd8') in 0.026686 seconds
Number of updated asset objects reloaded before import = 0
Number of asset objects unloaded after import = 26
========================================================================
Received Import Request.
  Time since last request: 46.188266 seconds.
  path: Assets/Prefabs/Obstáculo.prefab
  artifactKey: Guid(03b78d4b2cbd78741803df5103cae2e5) Importer(815301076,1909f56bfc062723c751e8b465ee728b)
Start importing Assets/Prefabs/Obstáculo.prefab using Guid(03b78d4b2cbd78741803df5103cae2e5) Importer(815301076,1909f56bfc062723c751e8b465ee728b) [PhysX] Initialized MultithreadedTaskDispatcher with 12 workers.
[PhysX] Initialized MultithreadedTaskDispatcher with 12 workers.
 -> (artifact id: '00deeecbd9c7baf44162fde4a853aa6d') in 0.025141 seconds
Number of updated asset objects reloaded before import = 0
Number of asset objects unloaded after import = 26
========================================================================
Received Prepare
Caller must complete domain reload
Begin MonoManager ReloadAssembly
- Loaded All Assemblies, in  0.516 seconds
Native extension for WindowsStandalone target not found
Native extension for Android target not found
Mono: successfully reloaded assembly
- Finished resetting the current domain, in  1.394 seconds
Domain Reload Profiling: 1905ms
	BeginReloadAssembly (172ms)
		ExecutionOrderSort (0ms)
		DisableScriptedObjects (9ms)
		BackupInstance (0ms)
		ReleaseScriptingObjects (0ms)
		CreateAndSetChildDomain (42ms)
	RebuildCommonClasses (29ms)
	RebuildNativeTypeToScriptingClass (8ms)
	initialDomainReloadingComplete (32ms)
	LoadAllAssembliesAndSetupDomain (270ms)
		LoadAssemblies (339ms)
		RebuildTransferFunctionScriptingTraits (0ms)
		AnalyzeDomain (17ms)
			TypeCache.Refresh (6ms)
				TypeCache.ScanAssembly (0ms)
			ScanForSourceGeneratedMonoScriptInfo (0ms)
			ResolveRequiredComponents (9ms)
	FinalizeReload (1394ms)
		ReleaseScriptCaches (0ms)
		RebuildScriptCaches (0ms)
		SetupLoadedEditorAssemblies (504ms)
			LogAssemblyErrors (0ms)
			InitializePlatformSupportModulesInManaged (20ms)
			SetLoadedEditorAssemblies (5ms)
			RefreshPlugins (0ms)
			BeforeProcessingInitializeOnLoad (92ms)
			ProcessInitializeOnLoadAttributes (312ms)
			ProcessInitializeOnLoadMethodAttributes (65ms)
			AfterProcessingInitializeOnLoad (9ms)
			EditorAssembliesLoaded (0ms)
		ExecutionOrderSort2 (0ms)
		AwakeInstancesAfterBackupRestoration (29ms)
Refreshing native plugins compatible for Editor in 7.57 ms, found 4 plugins.
Preloading 0 native plugins for Editor in 0.00 ms.
Unloading 5187 Unused Serialized files (Serialized files now loaded: 0)
Unloading 22 unused Assets / (317.7 KB). Loaded Objects now: 6405.
Memory consumption went from 190.2 MB to 189.9 MB.
Total: 4.230200 ms (FindLiveObjects: 0.588100 ms CreateObjectMapping: 0.406400 ms MarkObjects: 3.120900 ms  DeleteObjects: 0.113600 ms)

Prepare: number of updated asset objects reloaded= 0
AssetImportParameters requested are different than current active one (requested -> active):
  custom:container-demuxer-ogg: 62fdf1f143b41e24485cea50d1cbac27 -> 
  custom:video-decoder-ogg-theora: a1e56fd34408186e4bbccfd4996cb3dc -> 
  custom:framework-win-MediaFoundation: 216162199b28c13a410421893ffa2e32 -> 
  custom:scripting/monoscript/fileName/InstanceExample.cs: d3e6cb23cfd3202db964b1e84379ef1f -> 
  custom:CustomObjectIndexerAttribute: 72b91833f83ae208fae7752999fa3104 -> 
  custom:container-demuxer-webm: 4f35f7cbe854078d1ac9338744f61a02 -> 
  custom:container-muxer-webm: aa71ff27fc2769a1b78a27578f13a17b -> 
  custom:video-decoder-webm-vp8: 9c59270c3fd7afecdb556c50c9e8de78 -> 
  custom:SearchIndexIgnoredProperties: e643bd26f0fe6173181afceb89e7c659 -> 
  custom:AudioImporter_EditorPlatform: d09bf68614088b80899f8185d706f6e7 -> 
  custom:video-encoder-webm-vp8: eb34c28f22e8b96e1ab97ce403110664 -> 
  custom:audio-decoder-ogg-vorbis: bf7c407c2cedff20999df2af8eb42d56 -> 
  custom:audio-encoder-webm-vorbis: bf7c407c2cedff20999df2af8eb42d56 -> 
  custom:scripting/precompiled-assembly-types:Assembly-CSharp: 7246845af84e1d750bdad0cec1b82e49 -> 1e78ece5afe2fd3f00907dbbbef71802
  custom:scripting/precompiled-assembly-types:Andtech.StarPack.Editor:  -> 73ed7ee1acd5a70bf4f24a76ee363d3d
========================================================================
Received Prepare
Caller must complete domain reload
Begin MonoManager ReloadAssembly
- Loaded All Assemblies, in  0.598 seconds
Native extension for WindowsStandalone target not found
Native extension for Android target not found
Mono: successfully reloaded assembly
- Finished resetting the current domain, in  2.183 seconds
Domain Reload Profiling: 2777ms
	BeginReloadAssembly (167ms)
		ExecutionOrderSort (0ms)
		DisableScriptedObjects (5ms)
		BackupInstance (0ms)
		ReleaseScriptingObjects (0ms)
		CreateAndSetChildDomain (38ms)
	RebuildCommonClasses (27ms)
	RebuildNativeTypeToScriptingClass (8ms)
	initialDomainReloadingComplete (33ms)
	LoadAllAssembliesAndSetupDomain (359ms)
		LoadAssemblies (405ms)
		RebuildTransferFunctionScriptingTraits (0ms)
		AnalyzeDomain (43ms)
			TypeCache.Refresh (11ms)
				TypeCache.ScanAssembly (1ms)
			ScanForSourceGeneratedMonoScriptInfo (19ms)
			ResolveRequiredComponents (12ms)
	FinalizeReload (2183ms)
		ReleaseScriptCaches (0ms)
		RebuildScriptCaches (0ms)
		SetupLoadedEditorAssemblies (400ms)
			LogAssemblyErrors (0ms)
			InitializePlatformSupportModulesInManaged (16ms)
			SetLoadedEditorAssemblies (4ms)
			RefreshPlugins (0ms)
			BeforeProcessingInitializeOnLoad (74ms)
			ProcessInitializeOnLoadAttributes (244ms)
			ProcessInitializeOnLoadMethodAttributes (53ms)
			AfterProcessingInitializeOnLoad (9ms)
			EditorAssembliesLoaded (0ms)
		ExecutionOrderSort2 (0ms)
		AwakeInstancesAfterBackupRestoration (20ms)
Refreshing native plugins compatible for Editor in 7.20 ms, found 4 plugins.
Preloading 0 native plugins for Editor in 0.00 ms.
Unloading 5187 Unused Serialized files (Serialized files now loaded: 0)
Unloading 22 unused Assets / (317.6 KB). Loaded Objects now: 6410.
Memory consumption went from 190.1 MB to 189.8 MB.
Total: 4.464500 ms (FindLiveObjects: 0.628900 ms CreateObjectMapping: 0.523200 ms MarkObjects: 3.204200 ms  DeleteObjects: 0.107300 ms)

Prepare: number of updated asset objects reloaded= 0
AssetImportParameters requested are different than current active one (requested -> active):
  custom:container-demuxer-ogg: 62fdf1f143b41e24485cea50d1cbac27 -> 
  custom:video-decoder-ogg-theora: a1e56fd34408186e4bbccfd4996cb3dc -> 
  custom:framework-win-MediaFoundation: 216162199b28c13a410421893ffa2e32 -> 
  custom:scripting/monoscript/fileName/InstanceExample.cs: d3e6cb23cfd3202db964b1e84379ef1f -> 
  custom:CustomObjectIndexerAttribute: 72b91833f83ae208fae7752999fa3104 -> 
  custom:container-demuxer-webm: 4f35f7cbe854078d1ac9338744f61a02 -> 
  custom:container-muxer-webm: aa71ff27fc2769a1b78a27578f13a17b -> 
  custom:video-decoder-webm-vp8: 9c59270c3fd7afecdb556c50c9e8de78 -> 
  custom:SearchIndexIgnoredProperties: e643bd26f0fe6173181afceb89e7c659 -> 
  custom:AudioImporter_EditorPlatform: d09bf68614088b80899f8185d706f6e7 -> 
  custom:video-encoder-webm-vp8: eb34c28f22e8b96e1ab97ce403110664 -> 
  custom:audio-decoder-ogg-vorbis: bf7c407c2cedff20999df2af8eb42d56 -> 
  custom:audio-encoder-webm-vorbis: bf7c407c2cedff20999df2af8eb42d56 -> 
  custom:scripting/precompiled-assembly-types:Assembly-CSharp: 7246845af84e1d750bdad0cec1b82e49 -> 1e78ece5afe2fd3f00907dbbbef71802
  custom:scripting/precompiled-assembly-types:Andtech.StarPack.Editor:  -> 73ed7ee1acd5a70bf4f24a76ee363d3d
========================================================================
Received Import Request.
  Time since last request: 1711.303764 seconds.
  path: Assets/Prefabs/Obstáculo.prefab
  artifactKey: Guid(03b78d4b2cbd78741803df5103cae2e5) Importer(815301076,1909f56bfc062723c751e8b465ee728b)
Start importing Assets/Prefabs/Obstáculo.prefab using Guid(03b78d4b2cbd78741803df5103cae2e5) Importer(815301076,1909f56bfc062723c751e8b465ee728b) [PhysX] Initialized MultithreadedTaskDispatcher with 12 workers.
[PhysX] Initialized MultithreadedTaskDispatcher with 12 workers.
 -> (artifact id: '1814427624bae3ec01b533f87430275c') in 0.278278 seconds
Number of updated asset objects reloaded before import = 0
Number of asset objects unloaded after import = 45
========================================================================
Received Import Request.
  Time since last request: 39.336871 seconds.
  path: Assets/Prefabs/Obstáculo.prefab
  artifactKey: Guid(03b78d4b2cbd78741803df5103cae2e5) Importer(815301076,1909f56bfc062723c751e8b465ee728b)
Start importing Assets/Prefabs/Obstáculo.prefab using Guid(03b78d4b2cbd78741803df5103cae2e5) Importer(815301076,1909f56bfc062723c751e8b465ee728b) [PhysX] Initialized MultithreadedTaskDispatcher with 12 workers.
[PhysX] Initialized MultithreadedTaskDispatcher with 12 workers.
 -> (artifact id: '7076f410e74708118f211e569360f4a7') in 0.026940 seconds
Number of updated asset objects reloaded before import = 0
Number of asset objects unloaded after import = 26
========================================================================
Received Prepare
Caller must complete domain reload
Begin MonoManager ReloadAssembly
- Loaded All Assemblies, in  0.503 seconds
Native extension for WindowsStandalone target not found
Native extension for Android target not found
Mono: successfully reloaded assembly
- Finished resetting the current domain, in  1.282 seconds
Domain Reload Profiling: 1781ms
	BeginReloadAssembly (163ms)
		ExecutionOrderSort (0ms)
		DisableScriptedObjects (8ms)
		BackupInstance (0ms)
		ReleaseScriptingObjects (0ms)
		CreateAndSetChildDomain (46ms)
	RebuildCommonClasses (29ms)
	RebuildNativeTypeToScriptingClass (11ms)
	initialDomainReloadingComplete (31ms)
	LoadAllAssembliesAndSetupDomain (264ms)
		LoadAssemblies (324ms)
		RebuildTransferFunctionScriptingTraits (0ms)
		AnalyzeDomain (17ms)
			TypeCache.Refresh (6ms)
				TypeCache.ScanAssembly (0ms)
			ScanForSourceGeneratedMonoScriptInfo (0ms)
			ResolveRequiredComponents (10ms)
	FinalizeReload (1283ms)
		ReleaseScriptCaches (0ms)
		RebuildScriptCaches (0ms)
		SetupLoadedEditorAssemblies (470ms)
			LogAssemblyErrors (0ms)
			InitializePlatformSupportModulesInManaged (17ms)
			SetLoadedEditorAssemblies (4ms)
			RefreshPlugins (0ms)
			BeforeProcessingInitializeOnLoad (86ms)
			ProcessInitializeOnLoadAttributes (290ms)
			ProcessInitializeOnLoadMethodAttributes (62ms)
			AfterProcessingInitializeOnLoad (10ms)
			EditorAssembliesLoaded (0ms)
		ExecutionOrderSort2 (0ms)
		AwakeInstancesAfterBackupRestoration (26ms)
Refreshing native plugins compatible for Editor in 7.58 ms, found 4 plugins.
Preloading 0 native plugins for Editor in 0.00 ms.
Unloading 5187 Unused Serialized files (Serialized files now loaded: 0)
Unloading 22 unused Assets / (317.7 KB). Loaded Objects now: 6451.
Memory consumption went from 190.2 MB to 189.9 MB.
Total: 5.194900 ms (FindLiveObjects: 0.636000 ms CreateObjectMapping: 0.493800 ms MarkObjects: 3.942600 ms  DeleteObjects: 0.121000 ms)

Prepare: number of updated asset objects reloaded= 0
AssetImportParameters requested are different than current active one (requested -> active):
  custom:container-demuxer-ogg: 62fdf1f143b41e24485cea50d1cbac27 -> 
  custom:video-decoder-ogg-theora: a1e56fd34408186e4bbccfd4996cb3dc -> 
  custom:framework-win-MediaFoundation: 216162199b28c13a410421893ffa2e32 -> 
  custom:scripting/monoscript/fileName/InstanceExample.cs: d3e6cb23cfd3202db964b1e84379ef1f -> 
  custom:CustomObjectIndexerAttribute: 72b91833f83ae208fae7752999fa3104 -> 
  custom:container-demuxer-webm: 4f35f7cbe854078d1ac9338744f61a02 -> 
  custom:container-muxer-webm: aa71ff27fc2769a1b78a27578f13a17b -> 
  custom:video-decoder-webm-vp8: 9c59270c3fd7afecdb556c50c9e8de78 -> 
  custom:SearchIndexIgnoredProperties: e643bd26f0fe6173181afceb89e7c659 -> 
  custom:AudioImporter_EditorPlatform: d09bf68614088b80899f8185d706f6e7 -> 
  custom:video-encoder-webm-vp8: eb34c28f22e8b96e1ab97ce403110664 -> 
  custom:audio-decoder-ogg-vorbis: bf7c407c2cedff20999df2af8eb42d56 -> 
  custom:audio-encoder-webm-vorbis: bf7c407c2cedff20999df2af8eb42d56 -> 
  custom:scripting/precompiled-assembly-types:Assembly-CSharp: 7246845af84e1d750bdad0cec1b82e49 -> 1e78ece5afe2fd3f00907dbbbef71802
  custom:scripting/precompiled-assembly-types:Andtech.StarPack.Editor:  -> 73ed7ee1acd5a70bf4f24a76ee363d3d
========================================================================
Received Import Request.
  Time since last request: 59.991088 seconds.
  path: Assets/_Creepy_Cat/3D Games Effects Pack Free/Example_02/_Prefabs/Emitter_For_Instance_OneShoot_A.prefab
  artifactKey: Guid(64db0404c1781409d9c819adeaf45772) Importer(815301076,1909f56bfc062723c751e8b465ee728b)
Start importing Assets/_Creepy_Cat/3D Games Effects Pack Free/Example_02/_Prefabs/Emitter_For_Instance_OneShoot_A.prefab using Guid(64db0404c1781409d9c819adeaf45772) Importer(815301076,1909f56bfc062723c751e8b465ee728b) [PhysX] Initialized MultithreadedTaskDispatcher with 12 workers.
[PhysX] Initialized MultithreadedTaskDispatcher with 12 workers.
 -> (artifact id: '3493c179592f9e5d6a092d99ec0546ec') in 0.353091 seconds
Number of updated asset objects reloaded before import = 0
Number of asset objects unloaded after import = 28
========================================================================
Received Import Request.
  Time since last request: 15.964966 seconds.
  path: Assets/_Creepy_Cat/3D Games Effects Pack Free/_Prefabs/Effect_07.prefab
  artifactKey: Guid(1625b0df15965450c86850dd6d345e87) Importer(815301076,1909f56bfc062723c751e8b465ee728b)
Start importing Assets/_Creepy_Cat/3D Games Effects Pack Free/_Prefabs/Effect_07.prefab using Guid(1625b0df15965450c86850dd6d345e87) Importer(815301076,1909f56bfc062723c751e8b465ee728b) [PhysX] Initialized MultithreadedTaskDispatcher with 12 workers.
[PhysX] Initialized MultithreadedTaskDispatcher with 12 workers.
 -> (artifact id: 'c657bed4da03911bc6deba33c60d5645') in 0.043295 seconds
Number of updated asset objects reloaded before import = 0
Number of asset objects unloaded after import = 21
========================================================================
Received Import Request.
  Time since last request: 16.337557 seconds.
  path: Assets/_Creepy_Cat/3D Games Effects Pack Free/_Prefabs/Effect_07.prefab
  artifactKey: Guid(1625b0df15965450c86850dd6d345e87) Importer(815301076,1909f56bfc062723c751e8b465ee728b)
Start importing Assets/_Creepy_Cat/3D Games Effects Pack Free/_Prefabs/Effect_07.prefab using Guid(1625b0df15965450c86850dd6d345e87) Importer(815301076,1909f56bfc062723c751e8b465ee728b) [PhysX] Initialized MultithreadedTaskDispatcher with 12 workers.
[PhysX] Initialized MultithreadedTaskDispatcher with 12 workers.
 -> (artifact id: '2030414b3e806186d2faf08b4989a954') in 0.044400 seconds
Number of updated asset objects reloaded before import = 0
Number of asset objects unloaded after import = 21
========================================================================
Received Prepare
Caller must complete domain reload
Begin MonoManager ReloadAssembly
- Loaded All Assemblies, in  0.527 seconds
Native extension for WindowsStandalone target not found
Native extension for Android target not found
Mono: successfully reloaded assembly
- Finished resetting the current domain, in  1.278 seconds
Domain Reload Profiling: 1801ms
	BeginReloadAssembly (170ms)
		ExecutionOrderSort (0ms)
		DisableScriptedObjects (9ms)
		BackupInstance (0ms)
		ReleaseScriptingObjects (0ms)
		CreateAndSetChildDomain (45ms)
	RebuildCommonClasses (26ms)
	RebuildNativeTypeToScriptingClass (10ms)
	initialDomainReloadingComplete (31ms)
	LoadAllAssembliesAndSetupDomain (285ms)
		LoadAssemblies (350ms)
		RebuildTransferFunctionScriptingTraits (0ms)
		AnalyzeDomain (19ms)
			TypeCache.Refresh (8ms)
				TypeCache.ScanAssembly (0ms)
			ScanForSourceGeneratedMonoScriptInfo (0ms)
			ResolveRequiredComponents (10ms)
	FinalizeReload (1278ms)
		ReleaseScriptCaches (0ms)
		RebuildScriptCaches (0ms)
		SetupLoadedEditorAssemblies (457ms)
			LogAssemblyErrors (0ms)
			InitializePlatformSupportModulesInManaged (17ms)
			SetLoadedEditorAssemblies (4ms)
			RefreshPlugins (0ms)
			BeforeProcessingInitializeOnLoad (90ms)
			ProcessInitializeOnLoadAttributes (273ms)
			ProcessInitializeOnLoadMethodAttributes (64ms)
			AfterProcessingInitializeOnLoad (9ms)
			EditorAssembliesLoaded (0ms)
		ExecutionOrderSort2 (0ms)
		AwakeInstancesAfterBackupRestoration (24ms)
Refreshing native plugins compatible for Editor in 7.80 ms, found 4 plugins.
Preloading 0 native plugins for Editor in 0.00 ms.
Unloading 5187 Unused Serialized files (Serialized files now loaded: 0)
Unloading 22 unused Assets / (317.6 KB). Loaded Objects now: 6492.
Memory consumption went from 190.3 MB to 190.0 MB.
Total: 4.396500 ms (FindLiveObjects: 0.701800 ms CreateObjectMapping: 0.422300 ms MarkObjects: 3.129800 ms  DeleteObjects: 0.141500 ms)

Prepare: number of updated asset objects reloaded= 0
AssetImportParameters requested are different than current active one (requested -> active):
  custom:container-demuxer-ogg: 62fdf1f143b41e24485cea50d1cbac27 -> 
  custom:video-decoder-ogg-theora: a1e56fd34408186e4bbccfd4996cb3dc -> 
  custom:framework-win-MediaFoundation: 216162199b28c13a410421893ffa2e32 -> 
  custom:scripting/monoscript/fileName/InstanceExample.cs: d3e6cb23cfd3202db964b1e84379ef1f -> 
  custom:CustomObjectIndexerAttribute: 72b91833f83ae208fae7752999fa3104 -> 
  custom:container-demuxer-webm: 4f35f7cbe854078d1ac9338744f61a02 -> 
  custom:container-muxer-webm: aa71ff27fc2769a1b78a27578f13a17b -> 
  custom:video-decoder-webm-vp8: 9c59270c3fd7afecdb556c50c9e8de78 -> 
  custom:SearchIndexIgnoredProperties: e643bd26f0fe6173181afceb89e7c659 -> 
  custom:AudioImporter_EditorPlatform: d09bf68614088b80899f8185d706f6e7 -> 
  custom:video-encoder-webm-vp8: eb34c28f22e8b96e1ab97ce403110664 -> 
  custom:audio-decoder-ogg-vorbis: bf7c407c2cedff20999df2af8eb42d56 -> 
  custom:audio-encoder-webm-vorbis: bf7c407c2cedff20999df2af8eb42d56 -> 
  custom:scripting/precompiled-assembly-types:Assembly-CSharp: 7246845af84e1d750bdad0cec1b82e49 -> 1e78ece5afe2fd3f00907dbbbef71802
  custom:scripting/precompiled-assembly-types:Andtech.StarPack.Editor:  -> 73ed7ee1acd5a70bf4f24a76ee363d3d
========================================================================
Received Import Request.
  Time since last request: 123.332745 seconds.
  path: Assets/_Creepy_Cat/3D Games Effects Pack Free/_Prefabs/Effect_07.prefab
  artifactKey: Guid(1625b0df15965450c86850dd6d345e87) Importer(815301076,1909f56bfc062723c751e8b465ee728b)
Start importing Assets/_Creepy_Cat/3D Games Effects Pack Free/_Prefabs/Effect_07.prefab using Guid(1625b0df15965450c86850dd6d345e87) Importer(815301076,1909f56bfc062723c751e8b465ee728b) [PhysX] Initialized MultithreadedTaskDispatcher with 12 workers.
[PhysX] Initialized MultithreadedTaskDispatcher with 12 workers.
 -> (artifact id: '0d613803c3d0fda788657986faaeb1c4') in 0.265228 seconds
Number of updated asset objects reloaded before import = 0
Number of asset objects unloaded after import = 40
========================================================================
Received Import Request.
  Time since last request: 36.968732 seconds.
  path: Assets/Prefabs/Obstáculo.prefab
  artifactKey: Guid(03b78d4b2cbd78741803df5103cae2e5) Importer(815301076,1909f56bfc062723c751e8b465ee728b)
Start importing Assets/Prefabs/Obstáculo.prefab using Guid(03b78d4b2cbd78741803df5103cae2e5) Importer(815301076,1909f56bfc062723c751e8b465ee728b) [PhysX] Initialized MultithreadedTaskDispatcher with 12 workers.
[PhysX] Initialized MultithreadedTaskDispatcher with 12 workers.
 -> (artifact id: '395774f6cc50e01fec47bc014c994a9c') in 0.027020 seconds
Number of updated asset objects reloaded before import = 0
Number of asset objects unloaded after import = 26
========================================================================
Received Prepare
Caller must complete domain reload
Begin MonoManager ReloadAssembly
- Loaded All Assemblies, in  0.516 seconds
Native extension for WindowsStandalone target not found
Native extension for Android target not found
Mono: successfully reloaded assembly
- Finished resetting the current domain, in  1.336 seconds
Domain Reload Profiling: 1848ms
	BeginReloadAssembly (166ms)
		ExecutionOrderSort (0ms)
		DisableScriptedObjects (9ms)
		BackupInstance (0ms)
		ReleaseScriptingObjects (0ms)
		CreateAndSetChildDomain (42ms)
	RebuildCommonClasses (28ms)
	RebuildNativeTypeToScriptingClass (9ms)
	initialDomainReloadingComplete (30ms)
	LoadAllAssembliesAndSetupDomain (279ms)
		LoadAssemblies (339ms)
		RebuildTransferFunctionScriptingTraits (0ms)
		AnalyzeDomain (20ms)
			TypeCache.Refresh (9ms)
				TypeCache.ScanAssembly (0ms)
			ScanForSourceGeneratedMonoScriptInfo (0ms)
			ResolveRequiredComponents (10ms)
	FinalizeReload (1337ms)
		ReleaseScriptCaches (0ms)
		RebuildScriptCaches (0ms)
		SetupLoadedEditorAssemblies (464ms)
			LogAssemblyErrors (0ms)
			InitializePlatformSupportModulesInManaged (20ms)
			SetLoadedEditorAssemblies (4ms)
			RefreshPlugins (0ms)
			BeforeProcessingInitializeOnLoad (82ms)
			ProcessInitializeOnLoadAttributes (280ms)
			ProcessInitializeOnLoadMethodAttributes (67ms)
			AfterProcessingInitializeOnLoad (10ms)
			EditorAssembliesLoaded (0ms)
		ExecutionOrderSort2 (0ms)
		AwakeInstancesAfterBackupRestoration (28ms)
Refreshing native plugins compatible for Editor in 7.90 ms, found 4 plugins.
Preloading 0 native plugins for Editor in 0.00 ms.
Unloading 5187 Unused Serialized files (Serialized files now loaded: 0)
Unloading 22 unused Assets / (317.7 KB). Loaded Objects now: 6533.
Memory consumption went from 190.3 MB to 190.0 MB.
Total: 4.283700 ms (FindLiveObjects: 0.612100 ms CreateObjectMapping: 0.492800 ms MarkObjects: 3.052900 ms  DeleteObjects: 0.125100 ms)

Prepare: number of updated asset objects reloaded= 0
AssetImportParameters requested are different than current active one (requested -> active):
  custom:container-demuxer-ogg: 62fdf1f143b41e24485cea50d1cbac27 -> 
  custom:video-decoder-ogg-theora: a1e56fd34408186e4bbccfd4996cb3dc -> 
  custom:framework-win-MediaFoundation: 216162199b28c13a410421893ffa2e32 -> 
  custom:scripting/monoscript/fileName/InstanceExample.cs: d3e6cb23cfd3202db964b1e84379ef1f -> 
  custom:CustomObjectIndexerAttribute: 72b91833f83ae208fae7752999fa3104 -> 
  custom:container-demuxer-webm: 4f35f7cbe854078d1ac9338744f61a02 -> 
  custom:container-muxer-webm: aa71ff27fc2769a1b78a27578f13a17b -> 
  custom:video-decoder-webm-vp8: 9c59270c3fd7afecdb556c50c9e8de78 -> 
  custom:SearchIndexIgnoredProperties: e643bd26f0fe6173181afceb89e7c659 -> 
  custom:AudioImporter_EditorPlatform: d09bf68614088b80899f8185d706f6e7 -> 
  custom:video-encoder-webm-vp8: eb34c28f22e8b96e1ab97ce403110664 -> 
  custom:audio-decoder-ogg-vorbis: bf7c407c2cedff20999df2af8eb42d56 -> 
  custom:audio-encoder-webm-vorbis: bf7c407c2cedff20999df2af8eb42d56 -> 
  custom:scripting/precompiled-assembly-types:Assembly-CSharp: 7246845af84e1d750bdad0cec1b82e49 -> 1e78ece5afe2fd3f00907dbbbef71802
  custom:scripting/precompiled-assembly-types:Andtech.StarPack.Editor:  -> 73ed7ee1acd5a70bf4f24a76ee363d3d
========================================================================
Received Import Request.
  Time since last request: 31.520848 seconds.
  path: Assets/Prefabs/Obstáculo.prefab
  artifactKey: Guid(03b78d4b2cbd78741803df5103cae2e5) Importer(815301076,1909f56bfc062723c751e8b465ee728b)
Start importing Assets/Prefabs/Obstáculo.prefab using Guid(03b78d4b2cbd78741803df5103cae2e5) Importer(815301076,1909f56bfc062723c751e8b465ee728b) [PhysX] Initialized MultithreadedTaskDispatcher with 12 workers.
[PhysX] Initialized MultithreadedTaskDispatcher with 12 workers.
 -> (artifact id: '2f9a3de3a3246f97fb28e2d08df0e7ac') in 0.240877 seconds
Number of updated asset objects reloaded before import = 0
Number of asset objects unloaded after import = 45
========================================================================
Received Import Request.
  Time since last request: 19.522419 seconds.
  path: Assets/Prefabs/Obstáculo.prefab
  artifactKey: Guid(03b78d4b2cbd78741803df5103cae2e5) Importer(815301076,1909f56bfc062723c751e8b465ee728b)
Start importing Assets/Prefabs/Obstáculo.prefab using Guid(03b78d4b2cbd78741803df5103cae2e5) Importer(815301076,1909f56bfc062723c751e8b465ee728b) [PhysX] Initialized MultithreadedTaskDispatcher with 12 workers.
[PhysX] Initialized MultithreadedTaskDispatcher with 12 workers.
 -> (artifact id: '88e3faf2c0b8b22fcd2cb86b316fd568') in 0.025581 seconds
Number of updated asset objects reloaded before import = 0
Number of asset objects unloaded after import = 26
========================================================================
Received Import Request.
  Time since last request: 17.950663 seconds.
  path: Assets/Prefabs/Obstáculo.prefab
  artifactKey: Guid(03b78d4b2cbd78741803df5103cae2e5) Importer(815301076,1909f56bfc062723c751e8b465ee728b)
Start importing Assets/Prefabs/Obstáculo.prefab using Guid(03b78d4b2cbd78741803df5103cae2e5) Importer(815301076,1909f56bfc062723c751e8b465ee728b) [PhysX] Initialized MultithreadedTaskDispatcher with 12 workers.
[PhysX] Initialized MultithreadedTaskDispatcher with 12 workers.
 -> (artifact id: '238e13ae71781498b5f503f2604b428b') in 0.024651 seconds
Number of updated asset objects reloaded before import = 0
Number of asset objects unloaded after import = 26
========================================================================
Received Import Request.
  Time since last request: 50.926676 seconds.
  path: Assets/Prefabs/Obstáculo.prefab
  artifactKey: Guid(03b78d4b2cbd78741803df5103cae2e5) Importer(815301076,1909f56bfc062723c751e8b465ee728b)
Start importing Assets/Prefabs/Obstáculo.prefab using Guid(03b78d4b2cbd78741803df5103cae2e5) Importer(815301076,1909f56bfc062723c751e8b465ee728b) [PhysX] Initialized MultithreadedTaskDispatcher with 12 workers.
[PhysX] Initialized MultithreadedTaskDispatcher with 12 workers.
 -> (artifact id: '2a85adbefa8aba032452ecb3621ce71e') in 0.025015 seconds
Number of updated asset objects reloaded before import = 0
Number of asset objects unloaded after import = 26
========================================================================
Received Prepare
Caller must complete domain reload
Begin MonoManager ReloadAssembly
- Loaded All Assemblies, in  0.580 seconds
Native extension for WindowsStandalone target not found
Native extension for Android target not found
Mono: successfully reloaded assembly
- Finished resetting the current domain, in  1.436 seconds
Domain Reload Profiling: 2012ms
	BeginReloadAssembly (165ms)
		ExecutionOrderSort (0ms)
		DisableScriptedObjects (9ms)
		BackupInstance (0ms)
		ReleaseScriptingObjects (0ms)
		CreateAndSetChildDomain (36ms)
	RebuildCommonClasses (26ms)
	RebuildNativeTypeToScriptingClass (11ms)
	initialDomainReloadingComplete (36ms)
	LoadAllAssembliesAndSetupDomain (337ms)
		LoadAssemblies (405ms)
		RebuildTransferFunctionScriptingTraits (0ms)
		AnalyzeDomain (20ms)
			TypeCache.Refresh (8ms)
				TypeCache.ScanAssembly (0ms)
			ScanForSourceGeneratedMonoScriptInfo (0ms)
			ResolveRequiredComponents (10ms)
	FinalizeReload (1436ms)
		ReleaseScriptCaches (0ms)
		RebuildScriptCaches (0ms)
		SetupLoadedEditorAssemblies (487ms)
			LogAssemblyErrors (0ms)
			InitializePlatformSupportModulesInManaged (19ms)
			SetLoadedEditorAssemblies (5ms)
			RefreshPlugins (0ms)
			BeforeProcessingInitializeOnLoad (90ms)
			ProcessInitializeOnLoadAttributes (298ms)
			ProcessInitializeOnLoadMethodAttributes (65ms)
			AfterProcessingInitializeOnLoad (9ms)
			EditorAssembliesLoaded (0ms)
		ExecutionOrderSort2 (0ms)
		AwakeInstancesAfterBackupRestoration (27ms)
Refreshing native plugins compatible for Editor in 7.44 ms, found 4 plugins.
Preloading 0 native plugins for Editor in 0.00 ms.
Unloading 5187 Unused Serialized files (Serialized files now loaded: 0)
Unloading 22 unused Assets / (317.6 KB). Loaded Objects now: 6574.
Memory consumption went from 190.4 MB to 190.0 MB.
Total: 6.050100 ms (FindLiveObjects: 0.770200 ms CreateObjectMapping: 0.663600 ms MarkObjects: 4.330300 ms  DeleteObjects: 0.284500 ms)

Prepare: number of updated asset objects reloaded= 0
AssetImportParameters requested are different than current active one (requested -> active):
  custom:container-demuxer-ogg: 62fdf1f143b41e24485cea50d1cbac27 -> 
  custom:video-decoder-ogg-theora: a1e56fd34408186e4bbccfd4996cb3dc -> 
  custom:framework-win-MediaFoundation: 216162199b28c13a410421893ffa2e32 -> 
  custom:scripting/monoscript/fileName/InstanceExample.cs: d3e6cb23cfd3202db964b1e84379ef1f -> 
  custom:CustomObjectIndexerAttribute: 72b91833f83ae208fae7752999fa3104 -> 
  custom:container-demuxer-webm: 4f35f7cbe854078d1ac9338744f61a02 -> 
  custom:container-muxer-webm: aa71ff27fc2769a1b78a27578f13a17b -> 
  custom:video-decoder-webm-vp8: 9c59270c3fd7afecdb556c50c9e8de78 -> 
  custom:SearchIndexIgnoredProperties: e643bd26f0fe6173181afceb89e7c659 -> 
  custom:AudioImporter_EditorPlatform: d09bf68614088b80899f8185d706f6e7 -> 
  custom:video-encoder-webm-vp8: eb34c28f22e8b96e1ab97ce403110664 -> 
  custom:audio-decoder-ogg-vorbis: bf7c407c2cedff20999df2af8eb42d56 -> 
  custom:audio-encoder-webm-vorbis: bf7c407c2cedff20999df2af8eb42d56 -> 
  custom:scripting/precompiled-assembly-types:Assembly-CSharp: 7246845af84e1d750bdad0cec1b82e49 -> 1e78ece5afe2fd3f00907dbbbef71802
  custom:scripting/precompiled-assembly-types:Andtech.StarPack.Editor:  -> 73ed7ee1acd5a70bf4f24a76ee363d3d
========================================================================
Received Prepare
Caller must complete domain reload
Begin MonoManager ReloadAssembly
- Loaded All Assemblies, in  0.517 seconds
Native extension for WindowsStandalone target not found
Native extension for Android target not found
Mono: successfully reloaded assembly
- Finished resetting the current domain, in  1.359 seconds
Domain Reload Profiling: 1872ms
	BeginReloadAssembly (158ms)
		ExecutionOrderSort (0ms)
		DisableScriptedObjects (5ms)
		BackupInstance (0ms)
		ReleaseScriptingObjects (0ms)
		CreateAndSetChildDomain (37ms)
	RebuildCommonClasses (28ms)
	RebuildNativeTypeToScriptingClass (9ms)
	initialDomainReloadingComplete (31ms)
	LoadAllAssembliesAndSetupDomain (286ms)
		LoadAssemblies (347ms)
		RebuildTransferFunctionScriptingTraits (0ms)
		AnalyzeDomain (23ms)
			TypeCache.Refresh (8ms)
				TypeCache.ScanAssembly (0ms)
			ScanForSourceGeneratedMonoScriptInfo (0ms)
			ResolveRequiredComponents (14ms)
	FinalizeReload (1359ms)
		ReleaseScriptCaches (0ms)
		RebuildScriptCaches (0ms)
		SetupLoadedEditorAssemblies (493ms)
			LogAssemblyErrors (0ms)
			InitializePlatformSupportModulesInManaged (20ms)
			SetLoadedEditorAssemblies (5ms)
			RefreshPlugins (0ms)
			BeforeProcessingInitializeOnLoad (93ms)
			ProcessInitializeOnLoadAttributes (301ms)
			ProcessInitializeOnLoadMethodAttributes (66ms)
			AfterProcessingInitializeOnLoad (10ms)
			EditorAssembliesLoaded (0ms)
		ExecutionOrderSort2 (0ms)
		AwakeInstancesAfterBackupRestoration (29ms)
Refreshing native plugins compatible for Editor in 8.01 ms, found 4 plugins.
Preloading 0 native plugins for Editor in 0.00 ms.
Unloading 5187 Unused Serialized files (Serialized files now loaded: 0)
Unloading 22 unused Assets / (317.6 KB). Loaded Objects now: 6579.
Memory consumption went from 190.3 MB to 190.0 MB.
Total: 4.611500 ms (FindLiveObjects: 0.701700 ms CreateObjectMapping: 0.517300 ms MarkObjects: 3.248000 ms  DeleteObjects: 0.143600 ms)

Prepare: number of updated asset objects reloaded= 0
AssetImportParameters requested are different than current active one (requested -> active):
  custom:container-demuxer-ogg: 62fdf1f143b41e24485cea50d1cbac27 -> 
  custom:video-decoder-ogg-theora: a1e56fd34408186e4bbccfd4996cb3dc -> 
  custom:framework-win-MediaFoundation: 216162199b28c13a410421893ffa2e32 -> 
  custom:scripting/monoscript/fileName/InstanceExample.cs: d3e6cb23cfd3202db964b1e84379ef1f -> 
  custom:CustomObjectIndexerAttribute: 72b91833f83ae208fae7752999fa3104 -> 
  custom:container-demuxer-webm: 4f35f7cbe854078d1ac9338744f61a02 -> 
  custom:container-muxer-webm: aa71ff27fc2769a1b78a27578f13a17b -> 
  custom:video-decoder-webm-vp8: 9c59270c3fd7afecdb556c50c9e8de78 -> 
  custom:SearchIndexIgnoredProperties: e643bd26f0fe6173181afceb89e7c659 -> 
  custom:AudioImporter_EditorPlatform: d09bf68614088b80899f8185d706f6e7 -> 
  custom:video-encoder-webm-vp8: eb34c28f22e8b96e1ab97ce403110664 -> 
  custom:audio-decoder-ogg-vorbis: bf7c407c2cedff20999df2af8eb42d56 -> 
  custom:audio-encoder-webm-vorbis: bf7c407c2cedff20999df2af8eb42d56 -> 
  custom:scripting/precompiled-assembly-types:Assembly-CSharp: 7246845af84e1d750bdad0cec1b82e49 -> 1e78ece5afe2fd3f00907dbbbef71802
  custom:scripting/precompiled-assembly-types:Andtech.StarPack.Editor:  -> 73ed7ee1acd5a70bf4f24a76ee363d3d
========================================================================
Received Import Request.
  Time since last request: 1175.808884 seconds.
  path: Assets/Prefabs/Obstáculo.prefab
  artifactKey: Guid(03b78d4b2cbd78741803df5103cae2e5) Importer(815301076,1909f56bfc062723c751e8b465ee728b)
Start importing Assets/Prefabs/Obstáculo.prefab using Guid(03b78d4b2cbd78741803df5103cae2e5) Importer(815301076,1909f56bfc062723c751e8b465ee728b) [PhysX] Initialized MultithreadedTaskDispatcher with 12 workers.
[PhysX] Initialized MultithreadedTaskDispatcher with 12 workers.
 -> (artifact id: '6004815c637fb3026de7f1efd92cb018') in 0.238853 seconds
Number of updated asset objects reloaded before import = 0
Number of asset objects unloaded after import = 50
========================================================================
Received Prepare
Caller must complete domain reload
Begin MonoManager ReloadAssembly
- Loaded All Assemblies, in  0.534 seconds
Native extension for WindowsStandalone target not found
Native extension for Android target not found
Mono: successfully reloaded assembly
- Finished resetting the current domain, in  1.391 seconds
Domain Reload Profiling: 1921ms
	BeginReloadAssembly (169ms)
		ExecutionOrderSort (0ms)
		DisableScriptedObjects (9ms)
		BackupInstance (0ms)
		ReleaseScriptingObjects (0ms)
		CreateAndSetChildDomain (38ms)
	RebuildCommonClasses (35ms)
	RebuildNativeTypeToScriptingClass (9ms)
	initialDomainReloadingComplete (32ms)
	LoadAllAssembliesAndSetupDomain (284ms)
		LoadAssemblies (354ms)
		RebuildTransferFunctionScriptingTraits (0ms)
		AnalyzeDomain (17ms)
			TypeCache.Refresh (6ms)
				TypeCache.ScanAssembly (0ms)
			ScanForSourceGeneratedMonoScriptInfo (0ms)
			ResolveRequiredComponents (10ms)
	FinalizeReload (1391ms)
		ReleaseScriptCaches (0ms)
		RebuildScriptCaches (0ms)
		SetupLoadedEditorAssemblies (498ms)
			LogAssemblyErrors (0ms)
			InitializePlatformSupportModulesInManaged (20ms)
			SetLoadedEditorAssemblies (5ms)
			RefreshPlugins (0ms)
			BeforeProcessingInitializeOnLoad (89ms)
			ProcessInitializeOnLoadAttributes (307ms)
			ProcessInitializeOnLoadMethodAttributes (66ms)
			AfterProcessingInitializeOnLoad (11ms)
			EditorAssembliesLoaded (0ms)
		ExecutionOrderSort2 (0ms)
		AwakeInstancesAfterBackupRestoration (38ms)
Refreshing native plugins compatible for Editor in 7.09 ms, found 4 plugins.
Preloading 0 native plugins for Editor in 0.00 ms.
Unloading 5187 Unused Serialized files (Serialized files now loaded: 0)
Unloading 22 unused Assets / (317.6 KB). Loaded Objects now: 6620.
Memory consumption went from 190.4 MB to 190.1 MB.
Total: 4.613700 ms (FindLiveObjects: 0.616800 ms CreateObjectMapping: 0.409000 ms MarkObjects: 3.467000 ms  DeleteObjects: 0.119800 ms)

Prepare: number of updated asset objects reloaded= 0
AssetImportParameters requested are different than current active one (requested -> active):
  custom:container-demuxer-ogg: 62fdf1f143b41e24485cea50d1cbac27 -> 
  custom:video-decoder-ogg-theora: a1e56fd34408186e4bbccfd4996cb3dc -> 
  custom:framework-win-MediaFoundation: 216162199b28c13a410421893ffa2e32 -> 
  custom:scripting/monoscript/fileName/InstanceExample.cs: d3e6cb23cfd3202db964b1e84379ef1f -> 
  custom:CustomObjectIndexerAttribute: 72b91833f83ae208fae7752999fa3104 -> 
  custom:container-demuxer-webm: 4f35f7cbe854078d1ac9338744f61a02 -> 
  custom:container-muxer-webm: aa71ff27fc2769a1b78a27578f13a17b -> 
  custom:video-decoder-webm-vp8: 9c59270c3fd7afecdb556c50c9e8de78 -> 
  custom:SearchIndexIgnoredProperties: e643bd26f0fe6173181afceb89e7c659 -> 
  custom:AudioImporter_EditorPlatform: d09bf68614088b80899f8185d706f6e7 -> 
  custom:video-encoder-webm-vp8: eb34c28f22e8b96e1ab97ce403110664 -> 
  custom:audio-decoder-ogg-vorbis: bf7c407c2cedff20999df2af8eb42d56 -> 
  custom:audio-encoder-webm-vorbis: bf7c407c2cedff20999df2af8eb42d56 -> 
  custom:scripting/precompiled-assembly-types:Assembly-CSharp: 7246845af84e1d750bdad0cec1b82e49 -> 1e78ece5afe2fd3f00907dbbbef71802
  custom:scripting/precompiled-assembly-types:Andtech.StarPack.Editor:  -> 73ed7ee1acd5a70bf4f24a76ee363d3d
========================================================================
Received Import Request.
  Time since last request: 71.659342 seconds.
  path: Assets/_Creepy_Cat/3D Games Effects Pack Free/_Prefabs/Effect_06.prefab
  artifactKey: Guid(876cb26c7c6ab42e49a9cace28b90b8b) Importer(815301076,1909f56bfc062723c751e8b465ee728b)
Start importing Assets/_Creepy_Cat/3D Games Effects Pack Free/_Prefabs/Effect_06.prefab using Guid(876cb26c7c6ab42e49a9cace28b90b8b) Importer(815301076,1909f56bfc062723c751e8b465ee728b) [PhysX] Initialized MultithreadedTaskDispatcher with 12 workers.
[PhysX] Initialized MultithreadedTaskDispatcher with 12 workers.
 -> (artifact id: '00d9c3784224933788de23322031bfac') in 0.254775 seconds
Number of updated asset objects reloaded before import = 0
Number of asset objects unloaded after import = 33
========================================================================
Received Import Request.
  Time since last request: 1.933577 seconds.
  path: Assets/_Creepy_Cat/3D Games Effects Pack Free/_Prefabs/SegundoPArt.prefab
  artifactKey: Guid(8ca1e7de761a43a4f8e4bd6d5fe287d9) Importer(815301076,1909f56bfc062723c751e8b465ee728b)
Start importing Assets/_Creepy_Cat/3D Games Effects Pack Free/_Prefabs/SegundoPArt.prefab using Guid(8ca1e7de761a43a4f8e4bd6d5fe287d9) Importer(815301076,1909f56bfc062723c751e8b465ee728b) [PhysX] Initialized MultithreadedTaskDispatcher with 12 workers.
[PhysX] Initialized MultithreadedTaskDispatcher with 12 workers.
 -> (artifact id: 'ac8fc525da29ec3445d79bd94f518f12') in 0.037624 seconds
Number of updated asset objects reloaded before import = 0
Number of asset objects unloaded after import = 9
========================================================================
Received Import Request.
  Time since last request: 0.098735 seconds.
  path: Assets/_Creepy_Cat/3D Games Effects Pack Free/_Prefabs/Effect_06.prefab
  artifactKey: Guid(876cb26c7c6ab42e49a9cace28b90b8b) Importer(815301076,1909f56bfc062723c751e8b465ee728b)
Start importing Assets/_Creepy_Cat/3D Games Effects Pack Free/_Prefabs/Effect_06.prefab using Guid(876cb26c7c6ab42e49a9cace28b90b8b) Importer(815301076,1909f56bfc062723c751e8b465ee728b) [PhysX] Initialized MultithreadedTaskDispatcher with 12 workers.
[PhysX] Initialized MultithreadedTaskDispatcher with 12 workers.
 -> (artifact id: 'b9485c456a6410a75d8f41b76d6d321b') in 0.041569 seconds
Number of updated asset objects reloaded before import = 0
Number of asset objects unloaded after import = 20
========================================================================
Received Import Request.
  Time since last request: 8.535896 seconds.
  path: Assets/_Creepy_Cat/3D Games Effects Pack Free/_Prefabs/Effect_06.prefab
  artifactKey: Guid(876cb26c7c6ab42e49a9cace28b90b8b) Importer(815301076,1909f56bfc062723c751e8b465ee728b)
Start importing Assets/_Creepy_Cat/3D Games Effects Pack Free/_Prefabs/Effect_06.prefab using Guid(876cb26c7c6ab42e49a9cace28b90b8b) Importer(815301076,1909f56bfc062723c751e8b465ee728b) [PhysX] Initialized MultithreadedTaskDispatcher with 12 workers.
[PhysX] Initialized MultithreadedTaskDispatcher with 12 workers.
 -> (artifact id: 'f7810f6e97968e86330d96a3bae297c7') in 0.042863 seconds
Number of updated asset objects reloaded before import = 0
Number of asset objects unloaded after import = 20
========================================================================
Received Import Request.
  Time since last request: 6.149580 seconds.
  path: Assets/_Creepy_Cat/3D Games Effects Pack Free/_Prefabs/Effect_06.prefab
  artifactKey: Guid(876cb26c7c6ab42e49a9cace28b90b8b) Importer(815301076,1909f56bfc062723c751e8b465ee728b)
Start importing Assets/_Creepy_Cat/3D Games Effects Pack Free/_Prefabs/Effect_06.prefab using Guid(876cb26c7c6ab42e49a9cace28b90b8b) Importer(815301076,1909f56bfc062723c751e8b465ee728b) [PhysX] Initialized MultithreadedTaskDispatcher with 12 workers.
[PhysX] Initialized MultithreadedTaskDispatcher with 12 workers.
 -> (artifact id: '834326912ea0b00303b181a7b58be02b') in 0.051019 seconds
Number of updated asset objects reloaded before import = 0
Number of asset objects unloaded after import = 20
========================================================================
Received Import Request.
  Time since last request: 7.550314 seconds.
  path: Assets/Prefabs/Obstáculo.prefab
  artifactKey: Guid(03b78d4b2cbd78741803df5103cae2e5) Importer(815301076,1909f56bfc062723c751e8b465ee728b)
Start importing Assets/Prefabs/Obstáculo.prefab using Guid(03b78d4b2cbd78741803df5103cae2e5) Importer(815301076,1909f56bfc062723c751e8b465ee728b) [PhysX] Initialized MultithreadedTaskDispatcher with 12 workers.
[PhysX] Initialized MultithreadedTaskDispatcher with 12 workers.
 -> (artifact id: 'f141082de5931b9475b46513f31f9355') in 0.026329 seconds
Number of updated asset objects reloaded before import = 0
Number of asset objects unloaded after import = 37
========================================================================
Received Import Request.
  Time since last request: 8.832010 seconds.
  path: Assets/Prefabs/Obstáculo.prefab
  artifactKey: Guid(03b78d4b2cbd78741803df5103cae2e5) Importer(815301076,1909f56bfc062723c751e8b465ee728b)
Start importing Assets/Prefabs/Obstáculo.prefab using Guid(03b78d4b2cbd78741803df5103cae2e5) Importer(815301076,1909f56bfc062723c751e8b465ee728b) [PhysX] Initialized MultithreadedTaskDispatcher with 12 workers.
[PhysX] Initialized MultithreadedTaskDispatcher with 12 workers.
 -> (artifact id: 'd941ea7bb17bb3104a27c647d73f09d2') in 0.027483 seconds
Number of updated asset objects reloaded before import = 0
Number of asset objects unloaded after import = 26
========================================================================
Received Prepare
Caller must complete domain reload
Begin MonoManager ReloadAssembly
- Loaded All Assemblies, in  0.529 seconds
Native extension for WindowsStandalone target not found
Native extension for Android target not found
Mono: successfully reloaded assembly
- Finished resetting the current domain, in  1.370 seconds
Domain Reload Profiling: 1896ms
	BeginReloadAssembly (165ms)
		ExecutionOrderSort (0ms)
		DisableScriptedObjects (8ms)
		BackupInstance (0ms)
		ReleaseScriptingObjects (0ms)
		CreateAndSetChildDomain (36ms)
	RebuildCommonClasses (34ms)
	RebuildNativeTypeToScriptingClass (9ms)
	initialDomainReloadingComplete (31ms)
	LoadAllAssembliesAndSetupDomain (286ms)
		LoadAssemblies (354ms)
		RebuildTransferFunctionScriptingTraits (0ms)
		AnalyzeDomain (19ms)
			TypeCache.Refresh (8ms)
				TypeCache.ScanAssembly (0ms)
			ScanForSourceGeneratedMonoScriptInfo (0ms)
			ResolveRequiredComponents (10ms)
	FinalizeReload (1370ms)
		ReleaseScriptCaches (0ms)
		RebuildScriptCaches (0ms)
		SetupLoadedEditorAssemblies (490ms)
			LogAssemblyErrors (0ms)
			InitializePlatformSupportModulesInManaged (21ms)
			SetLoadedEditorAssemblies (5ms)
			RefreshPlugins (0ms)
			BeforeProcessingInitializeOnLoad (94ms)
			ProcessInitializeOnLoadAttributes (295ms)
			ProcessInitializeOnLoadMethodAttributes (65ms)
			AfterProcessingInitializeOnLoad (10ms)
			EditorAssembliesLoaded (0ms)
		ExecutionOrderSort2 (0ms)
		AwakeInstancesAfterBackupRestoration (29ms)
Refreshing native plugins compatible for Editor in 7.47 ms, found 4 plugins.
Preloading 0 native plugins for Editor in 0.00 ms.
Unloading 5187 Unused Serialized files (Serialized files now loaded: 0)
Unloading 22 unused Assets / (317.6 KB). Loaded Objects now: 6661.
Memory consumption went from 190.4 MB to 190.1 MB.
Total: 4.121600 ms (FindLiveObjects: 0.594900 ms CreateObjectMapping: 0.377300 ms MarkObjects: 3.016300 ms  DeleteObjects: 0.132100 ms)

Prepare: number of updated asset objects reloaded= 0
AssetImportParameters requested are different than current active one (requested -> active):
  custom:container-demuxer-ogg: 62fdf1f143b41e24485cea50d1cbac27 -> 
  custom:video-decoder-ogg-theora: a1e56fd34408186e4bbccfd4996cb3dc -> 
  custom:framework-win-MediaFoundation: 216162199b28c13a410421893ffa2e32 -> 
  custom:scripting/monoscript/fileName/InstanceExample.cs: d3e6cb23cfd3202db964b1e84379ef1f -> 
  custom:CustomObjectIndexerAttribute: 72b91833f83ae208fae7752999fa3104 -> 
  custom:container-demuxer-webm: 4f35f7cbe854078d1ac9338744f61a02 -> 
  custom:container-muxer-webm: aa71ff27fc2769a1b78a27578f13a17b -> 
  custom:video-decoder-webm-vp8: 9c59270c3fd7afecdb556c50c9e8de78 -> 
  custom:SearchIndexIgnoredProperties: e643bd26f0fe6173181afceb89e7c659 -> 
  custom:AudioImporter_EditorPlatform: d09bf68614088b80899f8185d706f6e7 -> 
  custom:video-encoder-webm-vp8: eb34c28f22e8b96e1ab97ce403110664 -> 
  custom:audio-decoder-ogg-vorbis: bf7c407c2cedff20999df2af8eb42d56 -> 
  custom:audio-encoder-webm-vorbis: bf7c407c2cedff20999df2af8eb42d56 -> 
  custom:scripting/precompiled-assembly-types:Assembly-CSharp: 7246845af84e1d750bdad0cec1b82e49 -> 1e78ece5afe2fd3f00907dbbbef71802
  custom:scripting/precompiled-assembly-types:Andtech.StarPack.Editor:  -> 73ed7ee1acd5a70bf4f24a76ee363d3d
========================================================================
Received Prepare
Caller must complete domain reload
Begin MonoManager ReloadAssembly
- Loaded All Assemblies, in  0.569 seconds
Native extension for WindowsStandalone target not found
Native extension for Android target not found
Mono: successfully reloaded assembly
- Finished resetting the current domain, in  1.370 seconds
Domain Reload Profiling: 1935ms
	BeginReloadAssembly (177ms)
		ExecutionOrderSort (0ms)
		DisableScriptedObjects (5ms)
		BackupInstance (0ms)
		ReleaseScriptingObjects (0ms)
		CreateAndSetChildDomain (40ms)
	RebuildCommonClasses (36ms)
	RebuildNativeTypeToScriptingClass (9ms)
	initialDomainReloadingComplete (33ms)
	LoadAllAssembliesAndSetupDomain (310ms)
		LoadAssemblies (361ms)
		RebuildTransferFunctionScriptingTraits (0ms)
		AnalyzeDomain (45ms)
			TypeCache.Refresh (14ms)
				TypeCache.ScanAssembly (2ms)
			ScanForSourceGeneratedMonoScriptInfo (20ms)
			ResolveRequiredComponents (9ms)
	FinalizeReload (1370ms)
		ReleaseScriptCaches (0ms)
		RebuildScriptCaches (0ms)
		SetupLoadedEditorAssemblies (417ms)
			LogAssemblyErrors (0ms)
			InitializePlatformSupportModulesInManaged (19ms)
			SetLoadedEditorAssemblies (4ms)
			RefreshPlugins (0ms)
			BeforeProcessingInitializeOnLoad (78ms)
			ProcessInitializeOnLoadAttributes (249ms)
			ProcessInitializeOnLoadMethodAttributes (58ms)
			AfterProcessingInitializeOnLoad (9ms)
			EditorAssembliesLoaded (0ms)
		ExecutionOrderSort2 (0ms)
		AwakeInstancesAfterBackupRestoration (23ms)
Refreshing native plugins compatible for Editor in 7.97 ms, found 4 plugins.
Preloading 0 native plugins for Editor in 0.00 ms.
Unloading 5186 Unused Serialized files (Serialized files now loaded: 0)
Unloading 23 unused Assets / (318.2 KB). Loaded Objects now: 6665.
Memory consumption went from 190.3 MB to 190.0 MB.
Total: 4.373700 ms (FindLiveObjects: 0.587700 ms CreateObjectMapping: 0.506100 ms MarkObjects: 3.149100 ms  DeleteObjects: 0.129800 ms)

Prepare: number of updated asset objects reloaded= 0
AssetImportParameters requested are different than current active one (requested -> active):
  custom:container-demuxer-ogg: 62fdf1f143b41e24485cea50d1cbac27 -> 
  custom:video-decoder-ogg-theora: a1e56fd34408186e4bbccfd4996cb3dc -> 
  custom:framework-win-MediaFoundation: 216162199b28c13a410421893ffa2e32 -> 
  custom:scripting/monoscript/fileName/InstanceExample.cs: d3e6cb23cfd3202db964b1e84379ef1f -> 
  custom:CustomObjectIndexerAttribute: 72b91833f83ae208fae7752999fa3104 -> 
  custom:container-demuxer-webm: 4f35f7cbe854078d1ac9338744f61a02 -> 
  custom:container-muxer-webm: aa71ff27fc2769a1b78a27578f13a17b -> 
  custom:video-decoder-webm-vp8: 9c59270c3fd7afecdb556c50c9e8de78 -> 
  custom:SearchIndexIgnoredProperties: e643bd26f0fe6173181afceb89e7c659 -> 
  custom:AudioImporter_EditorPlatform: d09bf68614088b80899f8185d706f6e7 -> 
  custom:video-encoder-webm-vp8: eb34c28f22e8b96e1ab97ce403110664 -> 
  custom:audio-decoder-ogg-vorbis: bf7c407c2cedff20999df2af8eb42d56 -> 
  custom:audio-encoder-webm-vorbis: bf7c407c2cedff20999df2af8eb42d56 -> 
  custom:scripting/precompiled-assembly-types:Assembly-CSharp: 59dcabc6474b15fce3eca524e73c35c5 -> 1e78ece5afe2fd3f00907dbbbef71802
  custom:scripting/precompiled-assembly-types:Andtech.StarPack.Editor:  -> 73ed7ee1acd5a70bf4f24a76ee363d3d
========================================================================
Received Prepare
Caller must complete domain reload
Begin MonoManager ReloadAssembly
- Loaded All Assemblies, in  0.527 seconds
Native extension for WindowsStandalone target not found
Native extension for Android target not found
Mono: successfully reloaded assembly
- Finished resetting the current domain, in  1.481 seconds
Domain Reload Profiling: 2004ms
	BeginReloadAssembly (154ms)
		ExecutionOrderSort (0ms)
		DisableScriptedObjects (4ms)
		BackupInstance (0ms)
		ReleaseScriptingObjects (0ms)
		CreateAndSetChildDomain (35ms)
	RebuildCommonClasses (29ms)
	RebuildNativeTypeToScriptingClass (8ms)
	initialDomainReloadingComplete (33ms)
	LoadAllAssembliesAndSetupDomain (298ms)
		LoadAssemblies (361ms)
		RebuildTransferFunctionScriptingTraits (0ms)
		AnalyzeDomain (18ms)
			TypeCache.Refresh (7ms)
				TypeCache.ScanAssembly (0ms)
			ScanForSourceGeneratedMonoScriptInfo (0ms)
			ResolveRequiredComponents (9ms)
	FinalizeReload (1482ms)
		ReleaseScriptCaches (0ms)
		RebuildScriptCaches (0ms)
		SetupLoadedEditorAssemblies (491ms)
			LogAssemblyErrors (0ms)
			InitializePlatformSupportModulesInManaged (20ms)
			SetLoadedEditorAssemblies (5ms)
			RefreshPlugins (0ms)
			BeforeProcessingInitializeOnLoad (90ms)
			ProcessInitializeOnLoadAttributes (298ms)
			ProcessInitializeOnLoadMethodAttributes (68ms)
			AfterProcessingInitializeOnLoad (10ms)
			EditorAssembliesLoaded (0ms)
		ExecutionOrderSort2 (0ms)
		AwakeInstancesAfterBackupRestoration (32ms)
Refreshing native plugins compatible for Editor in 7.52 ms, found 4 plugins.
Preloading 0 native plugins for Editor in 0.00 ms.
Unloading 5186 Unused Serialized files (Serialized files now loaded: 0)
Unloading 22 unused Assets / (317.6 KB). Loaded Objects now: 6670.
Memory consumption went from 190.3 MB to 190.0 MB.
Total: 4.626600 ms (FindLiveObjects: 0.633700 ms CreateObjectMapping: 0.519900 ms MarkObjects: 3.360500 ms  DeleteObjects: 0.111400 ms)

Prepare: number of updated asset objects reloaded= 0
AssetImportParameters requested are different than current active one (requested -> active):
  custom:container-demuxer-ogg: 62fdf1f143b41e24485cea50d1cbac27 -> 
  custom:video-decoder-ogg-theora: a1e56fd34408186e4bbccfd4996cb3dc -> 
  custom:framework-win-MediaFoundation: 216162199b28c13a410421893ffa2e32 -> 
  custom:scripting/monoscript/fileName/InstanceExample.cs: d3e6cb23cfd3202db964b1e84379ef1f -> 
  custom:CustomObjectIndexerAttribute: 72b91833f83ae208fae7752999fa3104 -> 
  custom:container-demuxer-webm: 4f35f7cbe854078d1ac9338744f61a02 -> 
  custom:container-muxer-webm: aa71ff27fc2769a1b78a27578f13a17b -> 
  custom:video-decoder-webm-vp8: 9c59270c3fd7afecdb556c50c9e8de78 -> 
  custom:SearchIndexIgnoredProperties: e643bd26f0fe6173181afceb89e7c659 -> 
  custom:AudioImporter_EditorPlatform: d09bf68614088b80899f8185d706f6e7 -> 
  custom:video-encoder-webm-vp8: eb34c28f22e8b96e1ab97ce403110664 -> 
  custom:audio-decoder-ogg-vorbis: bf7c407c2cedff20999df2af8eb42d56 -> 
  custom:audio-encoder-webm-vorbis: bf7c407c2cedff20999df2af8eb42d56 -> 
  custom:scripting/precompiled-assembly-types:Assembly-CSharp: 59dcabc6474b15fce3eca524e73c35c5 -> 1e78ece5afe2fd3f00907dbbbef71802
  custom:scripting/precompiled-assembly-types:Andtech.StarPack.Editor:  -> 73ed7ee1acd5a70bf4f24a76ee363d3d
========================================================================
Received Prepare
Caller must complete domain reload
Begin MonoManager ReloadAssembly
- Loaded All Assemblies, in  0.520 seconds
Native extension for WindowsStandalone target not found
Native extension for Android target not found
Mono: successfully reloaded assembly
- Finished resetting the current domain, in  1.454 seconds
Domain Reload Profiling: 1970ms
	BeginReloadAssembly (160ms)
		ExecutionOrderSort (0ms)
		DisableScriptedObjects (8ms)
		BackupInstance (0ms)
		ReleaseScriptingObjects (0ms)
		CreateAndSetChildDomain (35ms)
	RebuildCommonClasses (32ms)
	RebuildNativeTypeToScriptingClass (8ms)
	initialDomainReloadingComplete (38ms)
	LoadAllAssembliesAndSetupDomain (276ms)
		LoadAssemblies (342ms)
		RebuildTransferFunctionScriptingTraits (0ms)
		AnalyzeDomain (17ms)
			TypeCache.Refresh (6ms)
				TypeCache.ScanAssembly (0ms)
			ScanForSourceGeneratedMonoScriptInfo (0ms)
			ResolveRequiredComponents (10ms)
	FinalizeReload (1454ms)
		ReleaseScriptCaches (0ms)
		RebuildScriptCaches (0ms)
		SetupLoadedEditorAssemblies (490ms)
			LogAssemblyErrors (0ms)
			InitializePlatformSupportModulesInManaged (20ms)
			SetLoadedEditorAssemblies (5ms)
			RefreshPlugins (0ms)
			BeforeProcessingInitializeOnLoad (92ms)
			ProcessInitializeOnLoadAttributes (301ms)
			ProcessInitializeOnLoadMethodAttributes (62ms)
			AfterProcessingInitializeOnLoad (10ms)
			EditorAssembliesLoaded (0ms)
		ExecutionOrderSort2 (0ms)
		AwakeInstancesAfterBackupRestoration (29ms)
Refreshing native plugins compatible for Editor in 7.40 ms, found 4 plugins.
Preloading 0 native plugins for Editor in 0.00 ms.
Unloading 5186 Unused Serialized files (Serialized files now loaded: 0)
Unloading 22 unused Assets / (317.6 KB). Loaded Objects now: 6675.
Memory consumption went from 190.3 MB to 190.0 MB.
Total: 4.052500 ms (FindLiveObjects: 0.605800 ms CreateObjectMapping: 0.424100 ms MarkObjects: 2.905500 ms  DeleteObjects: 0.116000 ms)

Prepare: number of updated asset objects reloaded= 0
AssetImportParameters requested are different than current active one (requested -> active):
  custom:container-demuxer-ogg: 62fdf1f143b41e24485cea50d1cbac27 -> 
  custom:video-decoder-ogg-theora: a1e56fd34408186e4bbccfd4996cb3dc -> 
  custom:framework-win-MediaFoundation: 216162199b28c13a410421893ffa2e32 -> 
  custom:scripting/monoscript/fileName/InstanceExample.cs: d3e6cb23cfd3202db964b1e84379ef1f -> 
  custom:CustomObjectIndexerAttribute: 72b91833f83ae208fae7752999fa3104 -> 
  custom:container-demuxer-webm: 4f35f7cbe854078d1ac9338744f61a02 -> 
  custom:container-muxer-webm: aa71ff27fc2769a1b78a27578f13a17b -> 
  custom:video-decoder-webm-vp8: 9c59270c3fd7afecdb556c50c9e8de78 -> 
  custom:SearchIndexIgnoredProperties: e643bd26f0fe6173181afceb89e7c659 -> 
  custom:AudioImporter_EditorPlatform: d09bf68614088b80899f8185d706f6e7 -> 
  custom:video-encoder-webm-vp8: eb34c28f22e8b96e1ab97ce403110664 -> 
  custom:audio-decoder-ogg-vorbis: bf7c407c2cedff20999df2af8eb42d56 -> 
  custom:audio-encoder-webm-vorbis: bf7c407c2cedff20999df2af8eb42d56 -> 
  custom:scripting/precompiled-assembly-types:Assembly-CSharp: 59dcabc6474b15fce3eca524e73c35c5 -> 1e78ece5afe2fd3f00907dbbbef71802
  custom:scripting/precompiled-assembly-types:Andtech.StarPack.Editor:  -> 73ed7ee1acd5a70bf4f24a76ee363d3d
========================================================================
Received Import Request.
  Time since last request: 230.567074 seconds.
  path: Assets/G-spot_Lab/MagicEnergyVFXShaderLitePack/Textures/T_MagicEnergy_Blue_01.png
  artifactKey: Guid(0fb7fbae1f20ddb4b8e009958a6afbce) Importer(815301076,1909f56bfc062723c751e8b465ee728b)
Start importing Assets/G-spot_Lab/MagicEnergyVFXShaderLitePack/Textures/T_MagicEnergy_Blue_01.png using Guid(0fb7fbae1f20ddb4b8e009958a6afbce) Importer(815301076,1909f56bfc062723c751e8b465ee728b) [PhysX] Initialized MultithreadedTaskDispatcher with 12 workers.
[PhysX] Initialized MultithreadedTaskDispatcher with 12 workers.
 -> (artifact id: '6757b7995aa0eb2f03d4673202091985') in 0.119388 seconds
Number of updated asset objects reloaded before import = 0
Number of asset objects unloaded after import = 2
========================================================================
Received Import Request.
  Time since last request: 0.000033 seconds.
  path: Assets/G-spot_Lab/MagicEnergyVFXShaderLitePack/Textures/T_MagicEnergy_Orange_01.png
  artifactKey: Guid(0a24c2f0d5d53414ca05a1cc6b59d40c) Importer(815301076,1909f56bfc062723c751e8b465ee728b)
Start importing Assets/G-spot_Lab/MagicEnergyVFXShaderLitePack/Textures/T_MagicEnergy_Orange_01.png using Guid(0a24c2f0d5d53414ca05a1cc6b59d40c) Importer(815301076,1909f56bfc062723c751e8b465ee728b) [PhysX] Initialized MultithreadedTaskDispatcher with 12 workers.
[PhysX] Initialized MultithreadedTaskDispatcher with 12 workers.
 -> (artifact id: 'da86ebb17bd87c9b4d43fdddb21f0f87') in 0.030035 seconds
Number of updated asset objects reloaded before import = 0
Number of asset objects unloaded after import = 2
========================================================================
Received Import Request.
  Time since last request: 0.000051 seconds.
  path: Assets/G-spot_Lab/MagicEnergyVFXShaderLitePack/Textures/T_MagicEnergy_Green_02.png
  artifactKey: Guid(bee662cae2ea5fc41a813d556550d41d) Importer(815301076,1909f56bfc062723c751e8b465ee728b)
Start importing Assets/G-spot_Lab/MagicEnergyVFXShaderLitePack/Textures/T_MagicEnergy_Green_02.png using Guid(bee662cae2ea5fc41a813d556550d41d) Importer(815301076,1909f56bfc062723c751e8b465ee728b) [PhysX] Initialized MultithreadedTaskDispatcher with 12 workers.
[PhysX] Initialized MultithreadedTaskDispatcher with 12 workers.
 -> (artifact id: '9de0cb9b8e578bfcdabb43da0d6dd276') in 0.025274 seconds
Number of updated asset objects reloaded before import = 0
Number of asset objects unloaded after import = 2
========================================================================
Received Import Request.
  Time since last request: 0.000034 seconds.
  path: Assets/G-spot_Lab/MagicEnergyVFXShaderLitePack/Textures/T_Noise_Distortion_Soft_01.png
  artifactKey: Guid(5664a8684d6f61c4e93202b52fd2c03f) Importer(815301076,1909f56bfc062723c751e8b465ee728b)
Start importing Assets/G-spot_Lab/MagicEnergyVFXShaderLitePack/Textures/T_Noise_Distortion_Soft_01.png using Guid(5664a8684d6f61c4e93202b52fd2c03f) Importer(815301076,1909f56bfc062723c751e8b465ee728b) [PhysX] Initialized MultithreadedTaskDispatcher with 12 workers.
[PhysX] Initialized MultithreadedTaskDispatcher with 12 workers.
 -> (artifact id: '7bf706b83efdb0fec2db26f95975180b') in 0.032509 seconds
Number of updated asset objects reloaded before import = 0
Number of asset objects unloaded after import = 2
========================================================================
Received Import Request.
  Time since last request: 0.000032 seconds.
  path: Assets/G-spot_Lab/MagicEnergyVFXShaderLitePack/Textures/T_MagicEnergy_Purple_01.png
  artifactKey: Guid(fdf6592c746fea94ca374820911220ae) Importer(815301076,1909f56bfc062723c751e8b465ee728b)
Start importing Assets/G-spot_Lab/MagicEnergyVFXShaderLitePack/Textures/T_MagicEnergy_Purple_01.png using Guid(fdf6592c746fea94ca374820911220ae) Importer(815301076,1909f56bfc062723c751e8b465ee728b) [PhysX] Initialized MultithreadedTaskDispatcher with 12 workers.
[PhysX] Initialized MultithreadedTaskDispatcher with 12 workers.
 -> (artifact id: 'dd120c539cebc0457ec2111f75416b12') in 0.022945 seconds
Number of updated asset objects reloaded before import = 0
Number of asset objects unloaded after import = 2
========================================================================
Received Import Request.
  Time since last request: 48.272910 seconds.
  path: Assets/G-spot_Lab/MagicEnergyVFXShaderLitePack/ShaderGraphs
  artifactKey: Guid(b8ef4555b8768be429e18a6806f03a28) Importer(815301076,1909f56bfc062723c751e8b465ee728b)
Start importing Assets/G-spot_Lab/MagicEnergyVFXShaderLitePack/ShaderGraphs using Guid(b8ef4555b8768be429e18a6806f03a28) Importer(815301076,1909f56bfc062723c751e8b465ee728b) [PhysX] Initialized MultithreadedTaskDispatcher with 12 workers.
 -> (artifact id: 'c0eadb43157b007cbfbc7307fbc407cf') in 0.000918 seconds
Number of updated asset objects reloaded before import = 0
Number of asset objects unloaded after import = 0
========================================================================
Received Import Request.
  Time since last request: 3.637654 seconds.
  path: Assets/G-spot_Lab/DemoScene.unity
  artifactKey: Guid(8df35e621d9a13648b786c92ea644c4b) Importer(815301076,1909f56bfc062723c751e8b465ee728b)
Start importing Assets/G-spot_Lab/DemoScene.unity using Guid(8df35e621d9a13648b786c92ea644c4b) Importer(815301076,1909f56bfc062723c751e8b465ee728b) [PhysX] Initialized MultithreadedTaskDispatcher with 12 workers.
 -> (artifact id: 'fec620d2dd5460f2b98c56beea1e2300') in 0.000783 seconds
Number of updated asset objects reloaded before import = 0
Number of asset objects unloaded after import = 0
========================================================================
Received Import Request.
  Time since last request: 20.862394 seconds.
  path: Assets/G-spot_Lab/MagicEnergyVFXShaderLitePack/Textures
  artifactKey: Guid(35cbf7eb694364049bdeaa87de499768) Importer(815301076,1909f56bfc062723c751e8b465ee728b)
Start importing Assets/G-spot_Lab/MagicEnergyVFXShaderLitePack/Textures using Guid(35cbf7eb694364049bdeaa87de499768) Importer(815301076,1909f56bfc062723c751e8b465ee728b) [PhysX] Initialized MultithreadedTaskDispatcher with 12 workers.
 -> (artifact id: 'f8ba1c9c1bff45f9249c72ecd00cedfe') in 0.000871 seconds
Number of updated asset objects reloaded before import = 0
Number of asset objects unloaded after import = 0
